-23,1,3prK0lYseyz9GP6NRe7mF/S4E0w=,TkLNRlJdiNiECqERQuzMgwE4AlY=
-18,0,3prK0lYseyz9GP6NRe7mF/S4E0w=,TkLNRlJdiNiECqERQuzMgwE4AlY=
-19,0,3prK0lYseyz9GP6NRe7mF/S4E0w=,TkLNRlJdiNiECqERQuzMgwE4AlY=
-20,0,3prK0lYseyz9GP6NRe7mF/S4E0w=,TkLNRlJdiNiECqERQuzMgwE4AlY=
-21,0,3prK0lYseyz9GP6NRe7mF/S4E0w=,TkLNRlJdiNiECqERQuzMgwE4AlY=
-22,0,3prK0lYseyz9GP6NRe7mF/S4E0w=,TkLNRlJdiNiECqERQuzMgwE4AlY=
-23,0,3prK0lYseyz9GP6NRe7mF/S4E0w=,TkLNRlJdiNiECqERQuzMgwE4AlY=
-19,6,3prK0lYseyz9GP6NRe7mF/S4E0w=,TkLNRlJdiNiECqERQuzMgwE4AlY=
-20,6,3prK0lYseyz9GP6NRe7mF/S4E0w=,TkLNRlJdiNiECqERQuzMgwE4AlY=
-21,6,3prK0lYseyz9GP6NRe7mF/S4E0w=,TkLNRlJdiNiECqERQuzMgwE4AlY=
-22,6,3prK0lYseyz9GP6NRe7mF/S4E0w=,TkLNRlJdiNiECqERQuzMgwE4AlY=
-23,6,3prK0lYseyz9GP6NRe7mF/S4E0w=,TkLNRlJdiNiECqERQuzMgwE4AlY=
-18,5,3prK0lYseyz9GP6NRe7mF/S4E0w=,TkLNRlJdiNiECqERQuzMgwE4AlY=
-19,5,3prK0lYseyz9GP6NRe7mF/S4E0w=,TkLNRlJdiNiECqERQuzMgwE4AlY=
-20,5,3prK0lYseyz9GP6NRe7mF/S4E0w=,TkLNRlJdiNiECqERQuzMgwE4AlY=
-21,5,3prK0lYseyz9GP6NRe7mF/S4E0w=,TkLNRlJdiNiECqERQuzMgwE4AlY=
-22,5,3prK0lYseyz9GP6NRe7mF/S4E0w=,TkLNRlJdiNiECqERQuzMgwE4AlY=
-23,5,3prK0lYseyz9GP6NRe7mF/S4E0w=,TkLNRlJdiNiECqERQuzMgwE4AlY=
-18,4,3prK0lYseyz9GP6NRe7mF/S4E0w=,TkLNRlJdiNiECqERQuzMgwE4AlY=
-19,4,3prK0lYseyz9GP6NRe7mF/S4E0w=,TkLNRlJdiNiECqERQuzMgwE4AlY=
-20,4,3prK0lYseyz9GP6NRe7mF/S4E0w=,TkLNRlJdiNiECqERQuzMgwE4AlY=
-21,4,3prK0lYseyz9GP6NRe7mF/S4E0w=,TkLNRlJdiNiECqERQuzMgwE4AlY=
-22,4,3prK0lYseyz9GP6NRe7mF/S4E0w=,TkLNRlJdiNiECqERQuzMgwE4AlY=
-18,3,3prK0lYseyz9GP6NRe7mF/S4E0w=,TkLNRlJdiNiECqERQuzMgwE4AlY=
-19,3,3prK0lYseyz9GP6NRe7mF/S4E0w=,TkLNRlJdiNiECqERQuzMgwE4AlY=
-20,3,3prK0lYseyz9GP6NRe7mF/S4E0w=,TkLNRlJdiNiECqERQuzMgwE4AlY=
-21,3,3prK0lYseyz9GP6NRe7mF/S4E0w=,TkLNRlJdiNiECqERQuzMgwE4AlY=
-22,3,3prK0lYseyz9GP6NRe7mF/S4E0w=,TkLNRlJdiNiECqERQuzMgwE4AlY=
-23,4,3prK0lYseyz9GP6NRe7mF/S4E0w=,TkLNRlJdiNiECqERQuzMgwE4AlY=
-23,3,3prK0lYseyz9GP6NRe7mF/S4E0w=,TkLNRlJdiNiECqERQuzMgwE4AlY=
-18,2,3prK0lYseyz9GP6NRe7mF/S4E0w=,TkLNRlJdiNiECqERQuzMgwE4AlY=
-19,2,3prK0lYseyz9GP6NRe7mF/S4E0w=,TkLNRlJdiNiECqERQuzMgwE4AlY=
-20,2,3prK0lYseyz9GP6NRe7mF/S4E0w=,TkLNRlJdiNiECqERQuzMgwE4AlY=
-21,2,3prK0lYseyz9GP6NRe7mF/S4E0w=,TkLNRlJdiNiECqERQuzMgwE4AlY=
-22,2,3prK0lYseyz9GP6NRe7mF/S4E0w=,TkLNRlJdiNiECqERQuzMgwE4AlY=
-23,2,3prK0lYseyz9GP6NRe7mF/S4E0w=,TkLNRlJdiNiECqERQuzMgwE4AlY=
-18,1,3prK0lYseyz9GP6NRe7mF/S4E0w=,TkLNRlJdiNiECqERQuzMgwE4AlY=
-19,1,3prK0lYseyz9GP6NRe7mF/S4E0w=,TkLNRlJdiNiECqERQuzMgwE4AlY=
-20,1,3prK0lYseyz9GP6NRe7mF/S4E0w=,TkLNRlJdiNiECqERQuzMgwE4AlY=
-21,1,3prK0lYseyz9GP6NRe7mF/S4E0w=,TkLNRlJdiNiECqERQuzMgwE4AlY=
-22,1,3prK0lYseyz9GP6NRe7mF/S4E0w=,TkLNRlJdiNiECqERQuzMgwE4AlY=
-24,1,3prK0lYseyz9GP6NRe7mF/S4E0w=,TkLNRlJdiNiECqERQuzMgwE4AlY=
-24,2,3prK0lYseyz9GP6NRe7mF/S4E0w=,TkLNRlJdiNiECqERQuzMgwE4AlY=
-24,3,3prK0lYseyz9GP6NRe7mF/S4E0w=,TkLNRlJdiNiECqERQuzMgwE4AlY=
-24,4,3prK0lYseyz9GP6NRe7mF/S4E0w=,TkLNRlJdiNiECqERQuzMgwE4AlY=
-24,5,3prK0lYseyz9GP6NRe7mF/S4E0w=,TkLNRlJdiNiECqERQuzMgwE4AlY=
-24,6,3prK0lYseyz9GP6NRe7mF/S4E0w=,TkLNRlJdiNiECqERQuzMgwE4AlY=
-24,0,3prK0lYseyz9GP6NRe7mF/S4E0w=,TkLNRlJdiNiECqERQuzMgwE4AlY=
-18,12,3prK0lYseyz9GP6NRe7mF/S4E0w=,I2RQL98h6CLYRowR0ccNLQHfrB0=
-19,12,3prK0lYseyz9GP6NRe7mF/S4E0w=,I2RQL98h6CLYRowR0ccNLQHfrB0=
-20,12,3prK0lYseyz9GP6NRe7mF/S4E0w=,I2RQL98h6CLYRowR0ccNLQHfrB0=
-18,15,3prK0lYseyz9GP6NRe7mF/S4E0w=,I2RQL98h6CLYRowR0ccNLQHfrB0=
-23,10,3prK0lYseyz9GP6NRe7mF/S4E0w=,I2RQL98h6CLYRowR0ccNLQHfrB0=
-18,13,3prK0lYseyz9GP6NRe7mF/S4E0w=,I2RQL98h6CLYRowR0ccNLQHfrB0=
-22,12,3prK0lYseyz9GP6NRe7mF/S4E0w=,I2RQL98h6CLYRowR0ccNLQHfrB0=
-23,12,3prK0lYseyz9GP6NRe7mF/S4E0w=,I2RQL98h6CLYRowR0ccNLQHfrB0=
-21,11,3prK0lYseyz9GP6NRe7mF/S4E0w=,I2RQL98h6CLYRowR0ccNLQHfrB0=
-22,11,3prK0lYseyz9GP6NRe7mF/S4E0w=,I2RQL98h6CLYRowR0ccNLQHfrB0=
-18,14,3prK0lYseyz9GP6NRe7mF/S4E0w=,I2RQL98h6CLYRowR0ccNLQHfrB0=
-19,9,3prK0lYseyz9GP6NRe7mF/S4E0w=,I2RQL98h6CLYRowR0ccNLQHfrB0=
-20,9,3prK0lYseyz9GP6NRe7mF/S4E0w=,I2RQL98h6CLYRowR0ccNLQHfrB0=
-24,12,3prK0lYseyz9GP6NRe7mF/S4E0w=,I2RQL98h6CLYRowR0ccNLQHfrB0=
-21,9,3prK0lYseyz9GP6NRe7mF/S4E0w=,I2RQL98h6CLYRowR0ccNLQHfrB0=
-19,13,3prK0lYseyz9GP6NRe7mF/S4E0w=,I2RQL98h6CLYRowR0ccNLQHfrB0=
-20,13,3prK0lYseyz9GP6NRe7mF/S4E0w=,I2RQL98h6CLYRowR0ccNLQHfrB0=
-22,15,3prK0lYseyz9GP6NRe7mF/S4E0w=,I2RQL98h6CLYRowR0ccNLQHfrB0=
-18,9,3prK0lYseyz9GP6NRe7mF/S4E0w=,I2RQL98h6CLYRowR0ccNLQHfrB0=
-21,13,3prK0lYseyz9GP6NRe7mF/S4E0w=,I2RQL98h6CLYRowR0ccNLQHfrB0=
-18,7,3prK0lYseyz9GP6NRe7mF/S4E0w=,TkLNRlJdiNiECqERQuzMgwE4AlY=
-19,7,3prK0lYseyz9GP6NRe7mF/S4E0w=,TkLNRlJdiNiECqERQuzMgwE4AlY=
-23,8,3prK0lYseyz9GP6NRe7mF/S4E0w=,I2RQL98h6CLYRowR0ccNLQHfrB0=
-18,11,3prK0lYseyz9GP6NRe7mF/S4E0w=,I2RQL98h6CLYRowR0ccNLQHfrB0=
-20,7,3prK0lYseyz9GP6NRe7mF/S4E0w=,TkLNRlJdiNiECqERQuzMgwE4AlY=
-22,13,3prK0lYseyz9GP6NRe7mF/S4E0w=,I2RQL98h6CLYRowR0ccNLQHfrB0=
-23,11,3prK0lYseyz9GP6NRe7mF/S4E0w=,I2RQL98h6CLYRowR0ccNLQHfrB0=
-21,7,3prK0lYseyz9GP6NRe7mF/S4E0w=,TkLNRlJdiNiECqERQuzMgwE4AlY=
-22,7,3prK0lYseyz9GP6NRe7mF/S4E0w=,TkLNRlJdiNiECqERQuzMgwE4AlY=
-24,11,3prK0lYseyz9GP6NRe7mF/S4E0w=,I2RQL98h6CLYRowR0ccNLQHfrB0=
-22,9,3prK0lYseyz9GP6NRe7mF/S4E0w=,I2RQL98h6CLYRowR0ccNLQHfrB0=
-23,13,3prK0lYseyz9GP6NRe7mF/S4E0w=,I2RQL98h6CLYRowR0ccNLQHfrB0=
-23,7,3prK0lYseyz9GP6NRe7mF/S4E0w=,TkLNRlJdiNiECqERQuzMgwE4AlY=
-24,13,3prK0lYseyz9GP6NRe7mF/S4E0w=,I2RQL98h6CLYRowR0ccNLQHfrB0=
-22,14,3prK0lYseyz9GP6NRe7mF/S4E0w=,I2RQL98h6CLYRowR0ccNLQHfrB0=
-24,7,3prK0lYseyz9GP6NRe7mF/S4E0w=,TkLNRlJdiNiECqERQuzMgwE4AlY=
-19,10,3prK0lYseyz9GP6NRe7mF/S4E0w=,I2RQL98h6CLYRowR0ccNLQHfrB0=
-23,14,3prK0lYseyz9GP6NRe7mF/S4E0w=,I2RQL98h6CLYRowR0ccNLQHfrB0=
-20,10,3prK0lYseyz9GP6NRe7mF/S4E0w=,I2RQL98h6CLYRowR0ccNLQHfrB0=
-24,14,3prK0lYseyz9GP6NRe7mF/S4E0w=,I2RQL98h6CLYRowR0ccNLQHfrB0=
-24,10,3prK0lYseyz9GP6NRe7mF/S4E0w=,I2RQL98h6CLYRowR0ccNLQHfrB0=
-21,10,3prK0lYseyz9GP6NRe7mF/S4E0w=,I2RQL98h6CLYRowR0ccNLQHfrB0=
-19,11,3prK0lYseyz9GP6NRe7mF/S4E0w=,I2RQL98h6CLYRowR0ccNLQHfrB0=
-22,10,3prK0lYseyz9GP6NRe7mF/S4E0w=,I2RQL98h6CLYRowR0ccNLQHfrB0=
-23,9,3prK0lYseyz9GP6NRe7mF/S4E0w=,I2RQL98h6CLYRowR0ccNLQHfrB0=
-24,9,3prK0lYseyz9GP6NRe7mF/S4E0w=,I2RQL98h6CLYRowR0ccNLQHfrB0=
-18,8,3prK0lYseyz9GP6NRe7mF/S4E0w=,I2RQL98h6CLYRowR0ccNLQHfrB0=
-19,8,3prK0lYseyz9GP6NRe7mF/S4E0w=,I2RQL98h6CLYRowR0ccNLQHfrB0=
-20,8,3prK0lYseyz9GP6NRe7mF/S4E0w=,I2RQL98h6CLYRowR0ccNLQHfrB0=
-21,8,3prK0lYseyz9GP6NRe7mF/S4E0w=,I2RQL98h6CLYRowR0ccNLQHfrB0=
-22,8,3prK0lYseyz9GP6NRe7mF/S4E0w=,I2RQL98h6CLYRowR0ccNLQHfrB0=
-23,15,3prK0lYseyz9GP6NRe7mF/S4E0w=,I2RQL98h6CLYRowR0ccNLQHfrB0=
-24,8,3prK0lYseyz9GP6NRe7mF/S4E0w=,I2RQL98h6CLYRowR0ccNLQHfrB0=
-20,11,3prK0lYseyz9GP6NRe7mF/S4E0w=,I2RQL98h6CLYRowR0ccNLQHfrB0=
-24,15,3prK0lYseyz9GP6NRe7mF/S4E0w=,I2RQL98h6CLYRowR0ccNLQHfrB0=
-21,12,3prK0lYseyz9GP6NRe7mF/S4E0w=,I2RQL98h6CLYRowR0ccNLQHfrB0=
-17,12,3prK0lYseyz9GP6NRe7mF/S4E0w=,I2RQL98h6CLYRowR0ccNLQHfrB0=
-17,13,3prK0lYseyz9GP6NRe7mF/S4E0w=,I2RQL98h6CLYRowR0ccNLQHfrB0=
-17,14,3prK0lYseyz9GP6NRe7mF/S4E0w=,I2RQL98h6CLYRowR0ccNLQHfrB0=
-17,15,3prK0lYseyz9GP6NRe7mF/S4E0w=,I2RQL98h6CLYRowR0ccNLQHfrB0=
-17,0,3prK0lYseyz9GP6NRe7mF/S4E0w=,TkLNRlJdiNiECqERQuzMgwE4AlY=
-17,1,3prK0lYseyz9GP6NRe7mF/S4E0w=,TkLNRlJdiNiECqERQuzMgwE4AlY=
-17,3,3prK0lYseyz9GP6NRe7mF/S4E0w=,TkLNRlJdiNiECqERQuzMgwE4AlY=
-17,4,3prK0lYseyz9GP6NRe7mF/S4E0w=,TkLNRlJdiNiECqERQuzMgwE4AlY=
-17,8,3prK0lYseyz9GP6NRe7mF/S4E0w=,I2RQL98h6CLYRowR0ccNLQHfrB0=
-18,10,3prK0lYseyz9GP6NRe7mF/S4E0w=,I2RQL98h6CLYRowR0ccNLQHfrB0=
-17,7,3prK0lYseyz9GP6NRe7mF/S4E0w=,TkLNRlJdiNiECqERQuzMgwE4AlY=
-18,6,3prK0lYseyz9GP6NRe7mF/S4E0w=,TkLNRlJdiNiECqERQuzMgwE4AlY=
-17,2,3prK0lYseyz9GP6NRe7mF/S4E0w=,TkLNRlJdiNiECqERQuzMgwE4AlY=
-17,11,3prK0lYseyz9GP6NRe7mF/S4E0w=,I2RQL98h6CLYRowR0ccNLQHfrB0=
-20,14,3prK0lYseyz9GP6NRe7mF/S4E0w=,I2RQL98h6CLYRowR0ccNLQHfrB0=
-17,9,3prK0lYseyz9GP6NRe7mF/S4E0w=,I2RQL98h6CLYRowR0ccNLQHfrB0=
-17,5,3prK0lYseyz9GP6NRe7mF/S4E0w=,TkLNRlJdiNiECqERQuzMgwE4AlY=
-17,6,3prK0lYseyz9GP6NRe7mF/S4E0w=,TkLNRlJdiNiECqERQuzMgwE4AlY=
-19,15,3prK0lYseyz9GP6NRe7mF/S4E0w=,I2RQL98h6CLYRowR0ccNLQHfrB0=
-21,15,3prK0lYseyz9GP6NRe7mF/S4E0w=,I2RQL98h6CLYRowR0ccNLQHfrB0=
-20,15,3prK0lYseyz9GP6NRe7mF/S4E0w=,I2RQL98h6CLYRowR0ccNLQHfrB0=
-19,14,3prK0lYseyz9GP6NRe7mF/S4E0w=,I2RQL98h6CLYRowR0ccNLQHfrB0=
-21,14,3prK0lYseyz9GP6NRe7mF/S4E0w=,I2RQL98h6CLYRowR0ccNLQHfrB0=
-17,10,3prK0lYseyz9GP6NRe7mF/S4E0w=,I2RQL98h6CLYRowR0ccNLQHfrB0=
-22,27,3prK0lYseyz9GP6NRe7mF/S4E0w=,I2RQL98h6CLYRowR0ccNLQHfrB0=
-20,29,3prK0lYseyz9GP6NRe7mF/S4E0w=,I2RQL98h6CLYRowR0ccNLQHfrB0=
-18,31,3prK0lYseyz9GP6NRe7mF/S4E0w=,I2RQL98h6CLYRowR0ccNLQHfrB0=
-23,27,3prK0lYseyz9GP6NRe7mF/S4E0w=,I2RQL98h6CLYRowR0ccNLQHfrB0=
-21,28,3prK0lYseyz9GP6NRe7mF/S4E0w=,I2RQL98h6CLYRowR0ccNLQHfrB0=
-22,28,3prK0lYseyz9GP6NRe7mF/S4E0w=,I2RQL98h6CLYRowR0ccNLQHfrB0=
-21,29,3prK0lYseyz9GP6NRe7mF/S4E0w=,I2RQL98h6CLYRowR0ccNLQHfrB0=
-23,28,3prK0lYseyz9GP6NRe7mF/S4E0w=,I2RQL98h6CLYRowR0ccNLQHfrB0=
-23,26,3prK0lYseyz9GP6NRe7mF/S4E0w=,I2RQL98h6CLYRowR0ccNLQHfrB0=
-19,31,3prK0lYseyz9GP6NRe7mF/S4E0w=,I2RQL98h6CLYRowR0ccNLQHfrB0=
-24,26,3prK0lYseyz9GP6NRe7mF/S4E0w=,I2RQL98h6CLYRowR0ccNLQHfrB0=
-17,25,3prK0lYseyz9GP6NRe7mF/S4E0w=,I2RQL98h6CLYRowR0ccNLQHfrB0=
-22,29,3prK0lYseyz9GP6NRe7mF/S4E0w=,I2RQL98h6CLYRowR0ccNLQHfrB0=
-24,28,3prK0lYseyz9GP6NRe7mF/S4E0w=,I2RQL98h6CLYRowR0ccNLQHfrB0=
-24,27,3prK0lYseyz9GP6NRe7mF/S4E0w=,I2RQL98h6CLYRowR0ccNLQHfrB0=
-20,31,3prK0lYseyz9GP6NRe7mF/S4E0w=,I2RQL98h6CLYRowR0ccNLQHfrB0=
-23,29,3prK0lYseyz9GP6NRe7mF/S4E0w=,I2RQL98h6CLYRowR0ccNLQHfrB0=
-24,29,3prK0lYseyz9GP6NRe7mF/S4E0w=,I2RQL98h6CLYRowR0ccNLQHfrB0=
-21,31,3prK0lYseyz9GP6NRe7mF/S4E0w=,I2RQL98h6CLYRowR0ccNLQHfrB0=
-22,31,3prK0lYseyz9GP6NRe7mF/S4E0w=,I2RQL98h6CLYRowR0ccNLQHfrB0=
-20,27,3prK0lYseyz9GP6NRe7mF/S4E0w=,I2RQL98h6CLYRowR0ccNLQHfrB0=
-23,31,3prK0lYseyz9GP6NRe7mF/S4E0w=,I2RQL98h6CLYRowR0ccNLQHfrB0=
-19,30,3prK0lYseyz9GP6NRe7mF/S4E0w=,I2RQL98h6CLYRowR0ccNLQHfrB0=
-18,25,3prK0lYseyz9GP6NRe7mF/S4E0w=,I2RQL98h6CLYRowR0ccNLQHfrB0=
-19,25,3prK0lYseyz9GP6NRe7mF/S4E0w=,I2RQL98h6CLYRowR0ccNLQHfrB0=
-20,25,3prK0lYseyz9GP6NRe7mF/S4E0w=,I2RQL98h6CLYRowR0ccNLQHfrB0=
-21,27,3prK0lYseyz9GP6NRe7mF/S4E0w=,I2RQL98h6CLYRowR0ccNLQHfrB0=
-23,25,3prK0lYseyz9GP6NRe7mF/S4E0w=,I2RQL98h6CLYRowR0ccNLQHfrB0=
-24,25,3prK0lYseyz9GP6NRe7mF/S4E0w=,I2RQL98h6CLYRowR0ccNLQHfrB0=
-20,30,3prK0lYseyz9GP6NRe7mF/S4E0w=,I2RQL98h6CLYRowR0ccNLQHfrB0=
-21,30,3prK0lYseyz9GP6NRe7mF/S4E0w=,I2RQL98h6CLYRowR0ccNLQHfrB0=
-22,30,3prK0lYseyz9GP6NRe7mF/S4E0w=,I2RQL98h6CLYRowR0ccNLQHfrB0=
-23,30,3prK0lYseyz9GP6NRe7mF/S4E0w=,I2RQL98h6CLYRowR0ccNLQHfrB0=
-24,30,3prK0lYseyz9GP6NRe7mF/S4E0w=,I2RQL98h6CLYRowR0ccNLQHfrB0=
-19,26,3prK0lYseyz9GP6NRe7mF/S4E0w=,I2RQL98h6CLYRowR0ccNLQHfrB0=
-20,26,3prK0lYseyz9GP6NRe7mF/S4E0w=,I2RQL98h6CLYRowR0ccNLQHfrB0=
-22,26,3prK0lYseyz9GP6NRe7mF/S4E0w=,I2RQL98h6CLYRowR0ccNLQHfrB0=
-20,28,3prK0lYseyz9GP6NRe7mF/S4E0w=,I2RQL98h6CLYRowR0ccNLQHfrB0=
-24,31,3prK0lYseyz9GP6NRe7mF/S4E0w=,I2RQL98h6CLYRowR0ccNLQHfrB0=
-19,28,3prK0lYseyz9GP6NRe7mF/S4E0w=,I2RQL98h6CLYRowR0ccNLQHfrB0=
-19,29,3prK0lYseyz9GP6NRe7mF/S4E0w=,I2RQL98h6CLYRowR0ccNLQHfrB0=
-17,30,3prK0lYseyz9GP6NRe7mF/S4E0w=,I2RQL98h6CLYRowR0ccNLQHfrB0=
-17,31,3prK0lYseyz9GP6NRe7mF/S4E0w=,I2RQL98h6CLYRowR0ccNLQHfrB0=
-18,28,3prK0lYseyz9GP6NRe7mF/S4E0w=,I2RQL98h6CLYRowR0ccNLQHfrB0=
-18,30,3prK0lYseyz9GP6NRe7mF/S4E0w=,I2RQL98h6CLYRowR0ccNLQHfrB0=
-18,29,3prK0lYseyz9GP6NRe7mF/S4E0w=,I2RQL98h6CLYRowR0ccNLQHfrB0=
-17,29,3prK0lYseyz9GP6NRe7mF/S4E0w=,I2RQL98h6CLYRowR0ccNLQHfrB0=
-17,28,3prK0lYseyz9GP6NRe7mF/S4E0w=,I2RQL98h6CLYRowR0ccNLQHfrB0=
-21,24,3prK0lYseyz9GP6NRe7mF/S4E0w=,I2RQL98h6CLYRowR0ccNLQHfrB0=
-17,16,3prK0lYseyz9GP6NRe7mF/S4E0w=,X5Xch6SCZxeRbjyaSdeKN6+TKok=
-19,24,3prK0lYseyz9GP6NRe7mF/S4E0w=,I2RQL98h6CLYRowR0ccNLQHfrB0=
-24,17,3prK0lYseyz9GP6NRe7mF/S4E0w=,X5Xch6SCZxeRbjyaSdeKN6+TKok=
-23,17,3prK0lYseyz9GP6NRe7mF/S4E0w=,X5Xch6SCZxeRbjyaSdeKN6+TKok=
-22,17,3prK0lYseyz9GP6NRe7mF/S4E0w=,X5Xch6SCZxeRbjyaSdeKN6+TKok=
-21,17,3prK0lYseyz9GP6NRe7mF/S4E0w=,X5Xch6SCZxeRbjyaSdeKN6+TKok=
-20,17,3prK0lYseyz9GP6NRe7mF/S4E0w=,X5Xch6SCZxeRbjyaSdeKN6+TKok=
-19,17,3prK0lYseyz9GP6NRe7mF/S4E0w=,X5Xch6SCZxeRbjyaSdeKN6+TKok=
-18,17,3prK0lYseyz9GP6NRe7mF/S4E0w=,X5Xch6SCZxeRbjyaSdeKN6+TKok=
-17,17,3prK0lYseyz9GP6NRe7mF/S4E0w=,X5Xch6SCZxeRbjyaSdeKN6+TKok=
-24,18,3prK0lYseyz9GP6NRe7mF/S4E0w=,X5Xch6SCZxeRbjyaSdeKN6+TKok=
-23,18,3prK0lYseyz9GP6NRe7mF/S4E0w=,X5Xch6SCZxeRbjyaSdeKN6+TKok=
-22,18,3prK0lYseyz9GP6NRe7mF/S4E0w=,X5Xch6SCZxeRbjyaSdeKN6+TKok=
-21,18,3prK0lYseyz9GP6NRe7mF/S4E0w=,X5Xch6SCZxeRbjyaSdeKN6+TKok=
-20,18,3prK0lYseyz9GP6NRe7mF/S4E0w=,X5Xch6SCZxeRbjyaSdeKN6+TKok=
-18,16,3prK0lYseyz9GP6NRe7mF/S4E0w=,X5Xch6SCZxeRbjyaSdeKN6+TKok=
-21,26,3prK0lYseyz9GP6NRe7mF/S4E0w=,I2RQL98h6CLYRowR0ccNLQHfrB0=
-23,24,3prK0lYseyz9GP6NRe7mF/S4E0w=,I2RQL98h6CLYRowR0ccNLQHfrB0=
-19,16,3prK0lYseyz9GP6NRe7mF/S4E0w=,X5Xch6SCZxeRbjyaSdeKN6+TKok=
-20,23,3prK0lYseyz9GP6NRe7mF/S4E0w=,X5Xch6SCZxeRbjyaSdeKN6+TKok=
-19,18,3prK0lYseyz9GP6NRe7mF/S4E0w=,X5Xch6SCZxeRbjyaSdeKN6+TKok=
-18,18,3prK0lYseyz9GP6NRe7mF/S4E0w=,X5Xch6SCZxeRbjyaSdeKN6+TKok=
-17,18,3prK0lYseyz9GP6NRe7mF/S4E0w=,X5Xch6SCZxeRbjyaSdeKN6+TKok=
-24,19,3prK0lYseyz9GP6NRe7mF/S4E0w=,X5Xch6SCZxeRbjyaSdeKN6+TKok=
-21,16,3prK0lYseyz9GP6NRe7mF/S4E0w=,X5Xch6SCZxeRbjyaSdeKN6+TKok=
-23,19,3prK0lYseyz9GP6NRe7mF/S4E0w=,X5Xch6SCZxeRbjyaSdeKN6+TKok=
-19,23,3prK0lYseyz9GP6NRe7mF/S4E0w=,X5Xch6SCZxeRbjyaSdeKN6+TKok=
-22,19,3prK0lYseyz9GP6NRe7mF/S4E0w=,X5Xch6SCZxeRbjyaSdeKN6+TKok=
-21,19,3prK0lYseyz9GP6NRe7mF/S4E0w=,X5Xch6SCZxeRbjyaSdeKN6+TKok=
-24,23,3prK0lYseyz9GP6NRe7mF/S4E0w=,X5Xch6SCZxeRbjyaSdeKN6+TKok=
-19,27,3prK0lYseyz9GP6NRe7mF/S4E0w=,I2RQL98h6CLYRowR0ccNLQHfrB0=
-19,22,3prK0lYseyz9GP6NRe7mF/S4E0w=,X5Xch6SCZxeRbjyaSdeKN6+TKok=
-20,22,3prK0lYseyz9GP6NRe7mF/S4E0w=,X5Xch6SCZxeRbjyaSdeKN6+TKok=
-20,19,3prK0lYseyz9GP6NRe7mF/S4E0w=,X5Xch6SCZxeRbjyaSdeKN6+TKok=
-19,19,3prK0lYseyz9GP6NRe7mF/S4E0w=,X5Xch6SCZxeRbjyaSdeKN6+TKok=
-18,19,3prK0lYseyz9GP6NRe7mF/S4E0w=,X5Xch6SCZxeRbjyaSdeKN6+TKok=
-23,23,3prK0lYseyz9GP6NRe7mF/S4E0w=,X5Xch6SCZxeRbjyaSdeKN6+TKok=
-21,25,3prK0lYseyz9GP6NRe7mF/S4E0w=,I2RQL98h6CLYRowR0ccNLQHfrB0=
-17,19,3prK0lYseyz9GP6NRe7mF/S4E0w=,X5Xch6SCZxeRbjyaSdeKN6+TKok=
-18,23,3prK0lYseyz9GP6NRe7mF/S4E0w=,X5Xch6SCZxeRbjyaSdeKN6+TKok=
-24,20,3prK0lYseyz9GP6NRe7mF/S4E0w=,X5Xch6SCZxeRbjyaSdeKN6+TKok=
-23,20,3prK0lYseyz9GP6NRe7mF/S4E0w=,X5Xch6SCZxeRbjyaSdeKN6+TKok=
-22,20,3prK0lYseyz9GP6NRe7mF/S4E0w=,X5Xch6SCZxeRbjyaSdeKN6+TKok=
-24,16,3prK0lYseyz9GP6NRe7mF/S4E0w=,X5Xch6SCZxeRbjyaSdeKN6+TKok=
-20,24,3prK0lYseyz9GP6NRe7mF/S4E0w=,I2RQL98h6CLYRowR0ccNLQHfrB0=
-21,20,3prK0lYseyz9GP6NRe7mF/S4E0w=,X5Xch6SCZxeRbjyaSdeKN6+TKok=
-23,16,3prK0lYseyz9GP6NRe7mF/S4E0w=,X5Xch6SCZxeRbjyaSdeKN6+TKok=
-20,20,3prK0lYseyz9GP6NRe7mF/S4E0w=,X5Xch6SCZxeRbjyaSdeKN6+TKok=
-22,24,3prK0lYseyz9GP6NRe7mF/S4E0w=,I2RQL98h6CLYRowR0ccNLQHfrB0=
-22,25,3prK0lYseyz9GP6NRe7mF/S4E0w=,I2RQL98h6CLYRowR0ccNLQHfrB0=
-19,20,3prK0lYseyz9GP6NRe7mF/S4E0w=,X5Xch6SCZxeRbjyaSdeKN6+TKok=
-21,23,3prK0lYseyz9GP6NRe7mF/S4E0w=,X5Xch6SCZxeRbjyaSdeKN6+TKok=
-21,22,3prK0lYseyz9GP6NRe7mF/S4E0w=,X5Xch6SCZxeRbjyaSdeKN6+TKok=
-18,20,3prK0lYseyz9GP6NRe7mF/S4E0w=,X5Xch6SCZxeRbjyaSdeKN6+TKok=
-23,22,3prK0lYseyz9GP6NRe7mF/S4E0w=,X5Xch6SCZxeRbjyaSdeKN6+TKok=
-17,20,3prK0lYseyz9GP6NRe7mF/S4E0w=,X5Xch6SCZxeRbjyaSdeKN6+TKok=
-24,21,3prK0lYseyz9GP6NRe7mF/S4E0w=,X5Xch6SCZxeRbjyaSdeKN6+TKok=
-22,16,3prK0lYseyz9GP6NRe7mF/S4E0w=,X5Xch6SCZxeRbjyaSdeKN6+TKok=
-23,21,3prK0lYseyz9GP6NRe7mF/S4E0w=,X5Xch6SCZxeRbjyaSdeKN6+TKok=
-22,22,3prK0lYseyz9GP6NRe7mF/S4E0w=,X5Xch6SCZxeRbjyaSdeKN6+TKok=
-20,21,3prK0lYseyz9GP6NRe7mF/S4E0w=,X5Xch6SCZxeRbjyaSdeKN6+TKok=
-21,21,3prK0lYseyz9GP6NRe7mF/S4E0w=,X5Xch6SCZxeRbjyaSdeKN6+TKok=
-17,24,3prK0lYseyz9GP6NRe7mF/S4E0w=,I2RQL98h6CLYRowR0ccNLQHfrB0=
-24,22,3prK0lYseyz9GP6NRe7mF/S4E0w=,X5Xch6SCZxeRbjyaSdeKN6+TKok=
-18,24,3prK0lYseyz9GP6NRe7mF/S4E0w=,I2RQL98h6CLYRowR0ccNLQHfrB0=
-24,24,3prK0lYseyz9GP6NRe7mF/S4E0w=,I2RQL98h6CLYRowR0ccNLQHfrB0=
-22,21,3prK0lYseyz9GP6NRe7mF/S4E0w=,X5Xch6SCZxeRbjyaSdeKN6+TKok=
-20,16,3prK0lYseyz9GP6NRe7mF/S4E0w=,X5Xch6SCZxeRbjyaSdeKN6+TKok=
-18,21,3prK0lYseyz9GP6NRe7mF/S4E0w=,X5Xch6SCZxeRbjyaSdeKN6+TKok=
-17,22,3prK0lYseyz9GP6NRe7mF/S4E0w=,X5Xch6SCZxeRbjyaSdeKN6+TKok=
-18,22,3prK0lYseyz9GP6NRe7mF/S4E0w=,X5Xch6SCZxeRbjyaSdeKN6+TKok=
-18,27,3prK0lYseyz9GP6NRe7mF/S4E0w=,I2RQL98h6CLYRowR0ccNLQHfrB0=
-17,26,3prK0lYseyz9GP6NRe7mF/S4E0w=,I2RQL98h6CLYRowR0ccNLQHfrB0=
-17,23,3prK0lYseyz9GP6NRe7mF/S4E0w=,X5Xch6SCZxeRbjyaSdeKN6+TKok=
-17,27,3prK0lYseyz9GP6NRe7mF/S4E0w=,I2RQL98h6CLYRowR0ccNLQHfrB0=
-18,26,3prK0lYseyz9GP6NRe7mF/S4E0w=,I2RQL98h6CLYRowR0ccNLQHfrB0=
-19,21,3prK0lYseyz9GP6NRe7mF/S4E0w=,X5Xch6SCZxeRbjyaSdeKN6+TKok=
-22,23,3prK0lYseyz9GP6NRe7mF/S4E0w=,X5Xch6SCZxeRbjyaSdeKN6+TKok=
-17,21,3prK0lYseyz9GP6NRe7mF/S4E0w=,X5Xch6SCZxeRbjyaSdeKN6+TKok=
-10,20,HVbaP36MWPxq2bx2Qlsa57S27yo=,sfg8AU+OQc3RfXlr0eHsor7WEIc=
-14,21,HVbaP36MWPxq2bx2Qlsa57S27yo=,sfg8AU+OQc3RfXlr0eHsor7WEIc=
-12,19,HVbaP36MWPxq2bx2Qlsa57S27yo=,sfg8AU+OQc3RfXlr0eHsor7WEIc=
-14,18,HVbaP36MWPxq2bx2Qlsa57S27yo=,sfg8AU+OQc3RfXlr0eHsor7WEIc=
-13,18,HVbaP36MWPxq2bx2Qlsa57S27yo=,sfg8AU+OQc3RfXlr0eHsor7WEIc=
-12,18,HVbaP36MWPxq2bx2Qlsa57S27yo=,sfg8AU+OQc3RfXlr0eHsor7WEIc=
-11,18,HVbaP36MWPxq2bx2Qlsa57S27yo=,sfg8AU+OQc3RfXlr0eHsor7WEIc=
-15,22,HVbaP36MWPxq2bx2Qlsa57S27yo=,sfg8AU+OQc3RfXlr0eHsor7WEIc=
-14,22,HVbaP36MWPxq2bx2Qlsa57S27yo=,sfg8AU+OQc3RfXlr0eHsor7WEIc=
-10,19,HVbaP36MWPxq2bx2Qlsa57S27yo=,sfg8AU+OQc3RfXlr0eHsor7WEIc=
-15,20,HVbaP36MWPxq2bx2Qlsa57S27yo=,sfg8AU+OQc3RfXlr0eHsor7WEIc=
-14,20,HVbaP36MWPxq2bx2Qlsa57S27yo=,sfg8AU+OQc3RfXlr0eHsor7WEIc=
-13,17,HVbaP36MWPxq2bx2Qlsa57S27yo=,sfg8AU+OQc3RfXlr0eHsor7WEIc=
-12,20,HVbaP36MWPxq2bx2Qlsa57S27yo=,sfg8AU+OQc3RfXlr0eHsor7WEIc=
-11,17,HVbaP36MWPxq2bx2Qlsa57S27yo=,sfg8AU+OQc3RfXlr0eHsor7WEIc=
-15,19,HVbaP36MWPxq2bx2Qlsa57S27yo=,sfg8AU+OQc3RfXlr0eHsor7WEIc=
-14,19,HVbaP36MWPxq2bx2Qlsa57S27yo=,sfg8AU+OQc3RfXlr0eHsor7WEIc=
-13,19,HVbaP36MWPxq2bx2Qlsa57S27yo=,sfg8AU+OQc3RfXlr0eHsor7WEIc=
-15,18,HVbaP36MWPxq2bx2Qlsa57S27yo=,sfg8AU+OQc3RfXlr0eHsor7WEIc=
-11,20,HVbaP36MWPxq2bx2Qlsa57S27yo=,sfg8AU+OQc3RfXlr0eHsor7WEIc=
-14,25,Vd2LVK6I5FFIMZmncKQENsT5iZM=,I2RQL98h6CLYRowR0ccNLQHfrB0=
-12,25,Vd2LVK6I5FFIMZmncKQENsT5iZM=,I2RQL98h6CLYRowR0ccNLQHfrB0=
-11,25,Vd2LVK6I5FFIMZmncKQENsT5iZM=,I2RQL98h6CLYRowR0ccNLQHfrB0=
-11,30,Vd2LVK6I5FFIMZmncKQENsT5iZM=,I2RQL98h6CLYRowR0ccNLQHfrB0=
-14,26,Vd2LVK6I5FFIMZmncKQENsT5iZM=,I2RQL98h6CLYRowR0ccNLQHfrB0=
-12,30,Vd2LVK6I5FFIMZmncKQENsT5iZM=,I2RQL98h6CLYRowR0ccNLQHfrB0=
-13,30,Vd2LVK6I5FFIMZmncKQENsT5iZM=,I2RQL98h6CLYRowR0ccNLQHfrB0=
-14,30,Vd2LVK6I5FFIMZmncKQENsT5iZM=,I2RQL98h6CLYRowR0ccNLQHfrB0=
-10,29,Vd2LVK6I5FFIMZmncKQENsT5iZM=,I2RQL98h6CLYRowR0ccNLQHfrB0=
-14,24,Vd2LVK6I5FFIMZmncKQENsT5iZM=,I2RQL98h6CLYRowR0ccNLQHfrB0=
-12,29,Vd2LVK6I5FFIMZmncKQENsT5iZM=,I2RQL98h6CLYRowR0ccNLQHfrB0=
-10,28,Vd2LVK6I5FFIMZmncKQENsT5iZM=,I2RQL98h6CLYRowR0ccNLQHfrB0=
-15,24,Vd2LVK6I5FFIMZmncKQENsT5iZM=,I2RQL98h6CLYRowR0ccNLQHfrB0=
-15,23,Vd2LVK6I5FFIMZmncKQENsT5iZM=,sfg8AU+OQc3RfXlr0eHsor7WEIc=
-11,28,Vd2LVK6I5FFIMZmncKQENsT5iZM=,I2RQL98h6CLYRowR0ccNLQHfrB0=
-12,28,Vd2LVK6I5FFIMZmncKQENsT5iZM=,I2RQL98h6CLYRowR0ccNLQHfrB0=
-13,28,Vd2LVK6I5FFIMZmncKQENsT5iZM=,I2RQL98h6CLYRowR0ccNLQHfrB0=
-10,27,Vd2LVK6I5FFIMZmncKQENsT5iZM=,I2RQL98h6CLYRowR0ccNLQHfrB0=
-11,27,Vd2LVK6I5FFIMZmncKQENsT5iZM=,I2RQL98h6CLYRowR0ccNLQHfrB0=
-12,27,Vd2LVK6I5FFIMZmncKQENsT5iZM=,I2RQL98h6CLYRowR0ccNLQHfrB0=
-10,26,Vd2LVK6I5FFIMZmncKQENsT5iZM=,I2RQL98h6CLYRowR0ccNLQHfrB0=
-11,26,Vd2LVK6I5FFIMZmncKQENsT5iZM=,I2RQL98h6CLYRowR0ccNLQHfrB0=
-12,26,Vd2LVK6I5FFIMZmncKQENsT5iZM=,I2RQL98h6CLYRowR0ccNLQHfrB0=
-3,30,Vd2LVK6I5FFIMZmncKQENsT5iZM=,I2RQL98h6CLYRowR0ccNLQHfrB0=
-2,30,Vd2LVK6I5FFIMZmncKQENsT5iZM=,I2RQL98h6CLYRowR0ccNLQHfrB0=
-3,31,Vd2LVK6I5FFIMZmncKQENsT5iZM=,I2RQL98h6CLYRowR0ccNLQHfrB0=
-2,31,Vd2LVK6I5FFIMZmncKQENsT5iZM=,I2RQL98h6CLYRowR0ccNLQHfrB0=
-13,16,Vd2LVK6I5FFIMZmncKQENsT5iZM=,sfg8AU+OQc3RfXlr0eHsor7WEIc=
-12,16,Vd2LVK6I5FFIMZmncKQENsT5iZM=,sfg8AU+OQc3RfXlr0eHsor7WEIc=
-15,16,Vd2LVK6I5FFIMZmncKQENsT5iZM=,sfg8AU+OQc3RfXlr0eHsor7WEIc=
-9,19,Vd2LVK6I5FFIMZmncKQENsT5iZM=,sfg8AU+OQc3RfXlr0eHsor7WEIc=
-9,17,Vd2LVK6I5FFIMZmncKQENsT5iZM=,sfg8AU+OQc3RfXlr0eHsor7WEIc=
-16,25,Vd2LVK6I5FFIMZmncKQENsT5iZM=,I2RQL98h6CLYRowR0ccNLQHfrB0=
-2,21,Vd2LVK6I5FFIMZmncKQENsT5iZM=,I2RQL98h6CLYRowR0ccNLQHfrB0=
-3,21,Vd2LVK6I5FFIMZmncKQENsT5iZM=,I2RQL98h6CLYRowR0ccNLQHfrB0=
-7,24,Vd2LVK6I5FFIMZmncKQENsT5iZM=,I2RQL98h6CLYRowR0ccNLQHfrB0=
-8,24,Vd2LVK6I5FFIMZmncKQENsT5iZM=,I2RQL98h6CLYRowR0ccNLQHfrB0=
-10,21,Vd2LVK6I5FFIMZmncKQENsT5iZM=,sfg8AU+OQc3RfXlr0eHsor7WEIc=
-4,21,Vd2LVK6I5FFIMZmncKQENsT5iZM=,I2RQL98h6CLYRowR0ccNLQHfrB0=
-12,21,Vd2LVK6I5FFIMZmncKQENsT5iZM=,sfg8AU+OQc3RfXlr0eHsor7WEIc=
-1,21,Vd2LVK6I5FFIMZmncKQENsT5iZM=,I2RQL98h6CLYRowR0ccNLQHfrB0=
-11,21,Vd2LVK6I5FFIMZmncKQENsT5iZM=,sfg8AU+OQc3RfXlr0eHsor7WEIc=
-10,22,Vd2LVK6I5FFIMZmncKQENsT5iZM=,sfg8AU+OQc3RfXlr0eHsor7WEIc=
-5,21,Vd2LVK6I5FFIMZmncKQENsT5iZM=,I2RQL98h6CLYRowR0ccNLQHfrB0=
-12,22,Vd2LVK6I5FFIMZmncKQENsT5iZM=,sfg8AU+OQc3RfXlr0eHsor7WEIc=
-9,16,Vd2LVK6I5FFIMZmncKQENsT5iZM=,sfg8AU+OQc3RfXlr0eHsor7WEIc=
-16,31,Vd2LVK6I5FFIMZmncKQENsT5iZM=,I2RQL98h6CLYRowR0ccNLQHfrB0=
-15,31,Vd2LVK6I5FFIMZmncKQENsT5iZM=,I2RQL98h6CLYRowR0ccNLQHfrB0=
-14,31,Vd2LVK6I5FFIMZmncKQENsT5iZM=,I2RQL98h6CLYRowR0ccNLQHfrB0=
-9,18,Vd2LVK6I5FFIMZmncKQENsT5iZM=,sfg8AU+OQc3RfXlr0eHsor7WEIc=
-10,16,Vd2LVK6I5FFIMZmncKQENsT5iZM=,sfg8AU+OQc3RfXlr0eHsor7WEIc=
-13,31,Vd2LVK6I5FFIMZmncKQENsT5iZM=,I2RQL98h6CLYRowR0ccNLQHfrB0=
-11,16,Vd2LVK6I5FFIMZmncKQENsT5iZM=,sfg8AU+OQc3RfXlr0eHsor7WEIc=
-12,31,Vd2LVK6I5FFIMZmncKQENsT5iZM=,I2RQL98h6CLYRowR0ccNLQHfrB0=
-10,17,Vd2LVK6I5FFIMZmncKQENsT5iZM=,sfg8AU+OQc3RfXlr0eHsor7WEIc=
-12,17,Vd2LVK6I5FFIMZmncKQENsT5iZM=,sfg8AU+OQc3RfXlr0eHsor7WEIc=
-11,19,Vd2LVK6I5FFIMZmncKQENsT5iZM=,sfg8AU+OQc3RfXlr0eHsor7WEIc=
-10,18,Vd2LVK6I5FFIMZmncKQENsT5iZM=,sfg8AU+OQc3RfXlr0eHsor7WEIc=
-11,22,Vd2LVK6I5FFIMZmncKQENsT5iZM=,sfg8AU+OQc3RfXlr0eHsor7WEIc=
-5,16,Vd2LVK6I5FFIMZmncKQENsT5iZM=,I2RQL98h6CLYRowR0ccNLQHfrB0=
-10,25,Vd2LVK6I5FFIMZmncKQENsT5iZM=,I2RQL98h6CLYRowR0ccNLQHfrB0=
-1,23,Vd2LVK6I5FFIMZmncKQENsT5iZM=,I2RQL98h6CLYRowR0ccNLQHfrB0=
-6,16,Vd2LVK6I5FFIMZmncKQENsT5iZM=,I2RQL98h6CLYRowR0ccNLQHfrB0=
-9,31,Vd2LVK6I5FFIMZmncKQENsT5iZM=,I2RQL98h6CLYRowR0ccNLQHfrB0=
-7,16,Vd2LVK6I5FFIMZmncKQENsT5iZM=,I2RQL98h6CLYRowR0ccNLQHfrB0=
-6,21,Vd2LVK6I5FFIMZmncKQENsT5iZM=,I2RQL98h6CLYRowR0ccNLQHfrB0=
-8,16,Vd2LVK6I5FFIMZmncKQENsT5iZM=,I2RQL98h6CLYRowR0ccNLQHfrB0=
-10,31,Vd2LVK6I5FFIMZmncKQENsT5iZM=,I2RQL98h6CLYRowR0ccNLQHfrB0=
-11,31,Vd2LVK6I5FFIMZmncKQENsT5iZM=,I2RQL98h6CLYRowR0ccNLQHfrB0=
-5,19,Vd2LVK6I5FFIMZmncKQENsT5iZM=,I2RQL98h6CLYRowR0ccNLQHfrB0=
-16,17,Vd2LVK6I5FFIMZmncKQENsT5iZM=,sfg8AU+OQc3RfXlr0eHsor7WEIc=
-16,24,Vd2LVK6I5FFIMZmncKQENsT5iZM=,I2RQL98h6CLYRowR0ccNLQHfrB0=
-16,20,Vd2LVK6I5FFIMZmncKQENsT5iZM=,sfg8AU+OQc3RfXlr0eHsor7WEIc=
-16,16,Vd2LVK6I5FFIMZmncKQENsT5iZM=,sfg8AU+OQc3RfXlr0eHsor7WEIc=
-16,19,Vd2LVK6I5FFIMZmncKQENsT5iZM=,sfg8AU+OQc3RfXlr0eHsor7WEIc=
-6,19,Vd2LVK6I5FFIMZmncKQENsT5iZM=,I2RQL98h6CLYRowR0ccNLQHfrB0=
-16,18,Vd2LVK6I5FFIMZmncKQENsT5iZM=,sfg8AU+OQc3RfXlr0eHsor7WEIc=
-2,23,Vd2LVK6I5FFIMZmncKQENsT5iZM=,I2RQL98h6CLYRowR0ccNLQHfrB0=
-14,16,Vd2LVK6I5FFIMZmncKQENsT5iZM=,sfg8AU+OQc3RfXlr0eHsor7WEIc=
-16,22,Vd2LVK6I5FFIMZmncKQENsT5iZM=,sfg8AU+OQc3RfXlr0eHsor7WEIc=
-14,17,Vd2LVK6I5FFIMZmncKQENsT5iZM=,sfg8AU+OQc3RfXlr0eHsor7WEIc=
-15,17,Vd2LVK6I5FFIMZmncKQENsT5iZM=,sfg8AU+OQc3RfXlr0eHsor7WEIc=
-16,23,Vd2LVK6I5FFIMZmncKQENsT5iZM=,sfg8AU+OQc3RfXlr0eHsor7WEIc=
-8,31,Vd2LVK6I5FFIMZmncKQENsT5iZM=,I2RQL98h6CLYRowR0ccNLQHfrB0=
-16,30,Vd2LVK6I5FFIMZmncKQENsT5iZM=,I2RQL98h6CLYRowR0ccNLQHfrB0=
-16,29,Vd2LVK6I5FFIMZmncKQENsT5iZM=,I2RQL98h6CLYRowR0ccNLQHfrB0=
-16,21,Vd2LVK6I5FFIMZmncKQENsT5iZM=,sfg8AU+OQc3RfXlr0eHsor7WEIc=
-16,27,Vd2LVK6I5FFIMZmncKQENsT5iZM=,I2RQL98h6CLYRowR0ccNLQHfrB0=
-3,23,Vd2LVK6I5FFIMZmncKQENsT5iZM=,I2RQL98h6CLYRowR0ccNLQHfrB0=
-16,28,Vd2LVK6I5FFIMZmncKQENsT5iZM=,I2RQL98h6CLYRowR0ccNLQHfrB0=
-7,19,Vd2LVK6I5FFIMZmncKQENsT5iZM=,I2RQL98h6CLYRowR0ccNLQHfrB0=
-16,26,Vd2LVK6I5FFIMZmncKQENsT5iZM=,I2RQL98h6CLYRowR0ccNLQHfrB0=
-13,26,Vd2LVK6I5FFIMZmncKQENsT5iZM=,I2RQL98h6CLYRowR0ccNLQHfrB0=
-8,19,Vd2LVK6I5FFIMZmncKQENsT5iZM=,I2RQL98h6CLYRowR0ccNLQHfrB0=
-15,21,lcALaSi0h/W3vgkdVkUIynmZWLc=,sfg8AU+OQc3RfXlr0eHsor7WEIc=
-15,27,lcALaSi0h/W3vgkdVkUIynmZWLc=,I2RQL98h6CLYRowR0ccNLQHfrB0=
-13,21,lcALaSi0h/W3vgkdVkUIynmZWLc=,sfg8AU+OQc3RfXlr0eHsor7WEIc=
-7,21,lcALaSi0h/W3vgkdVkUIynmZWLc=,I2RQL98h6CLYRowR0ccNLQHfrB0=
-5,31,lcALaSi0h/W3vgkdVkUIynmZWLc=,I2RQL98h6CLYRowR0ccNLQHfrB0=
-14,27,lcALaSi0h/W3vgkdVkUIynmZWLc=,I2RQL98h6CLYRowR0ccNLQHfrB0=
-13,27,lcALaSi0h/W3vgkdVkUIynmZWLc=,I2RQL98h6CLYRowR0ccNLQHfrB0=
-14,23,lcALaSi0h/W3vgkdVkUIynmZWLc=,sfg8AU+OQc3RfXlr0eHsor7WEIc=
-5,18,lcALaSi0h/W3vgkdVkUIynmZWLc=,I2RQL98h6CLYRowR0ccNLQHfrB0=
-13,22,lcALaSi0h/W3vgkdVkUIynmZWLc=,sfg8AU+OQc3RfXlr0eHsor7WEIc=
-4,31,lcALaSi0h/W3vgkdVkUIynmZWLc=,I2RQL98h6CLYRowR0ccNLQHfrB0=
-10,23,lcALaSi0h/W3vgkdVkUIynmZWLc=,sfg8AU+OQc3RfXlr0eHsor7WEIc=
-13,20,lcALaSi0h/W3vgkdVkUIynmZWLc=,sfg8AU+OQc3RfXlr0eHsor7WEIc=
-6,18,lcALaSi0h/W3vgkdVkUIynmZWLc=,I2RQL98h6CLYRowR0ccNLQHfrB0=
-4,23,lcALaSi0h/W3vgkdVkUIynmZWLc=,I2RQL98h6CLYRowR0ccNLQHfrB0=
-6,31,lcALaSi0h/W3vgkdVkUIynmZWLc=,I2RQL98h6CLYRowR0ccNLQHfrB0=
-8,17,lcALaSi0h/W3vgkdVkUIynmZWLc=,I2RQL98h6CLYRowR0ccNLQHfrB0=
-15,25,lcALaSi0h/W3vgkdVkUIynmZWLc=,I2RQL98h6CLYRowR0ccNLQHfrB0=
-13,25,lcALaSi0h/W3vgkdVkUIynmZWLc=,I2RQL98h6CLYRowR0ccNLQHfrB0=
-11,23,lcALaSi0h/W3vgkdVkUIynmZWLc=,sfg8AU+OQc3RfXlr0eHsor7WEIc=
-13,23,lcALaSi0h/W3vgkdVkUIynmZWLc=,sfg8AU+OQc3RfXlr0eHsor7WEIc=
-8,21,lcALaSi0h/W3vgkdVkUIynmZWLc=,I2RQL98h6CLYRowR0ccNLQHfrB0=
-7,31,lcALaSi0h/W3vgkdVkUIynmZWLc=,I2RQL98h6CLYRowR0ccNLQHfrB0=
-7,18,lcALaSi0h/W3vgkdVkUIynmZWLc=,I2RQL98h6CLYRowR0ccNLQHfrB0=
-15,26,lcALaSi0h/W3vgkdVkUIynmZWLc=,I2RQL98h6CLYRowR0ccNLQHfrB0=
-1,30,lcALaSi0h/W3vgkdVkUIynmZWLc=,I2RQL98h6CLYRowR0ccNLQHfrB0=
-9,30,lcALaSi0h/W3vgkdVkUIynmZWLc=,I2RQL98h6CLYRowR0ccNLQHfrB0=
-13,24,lcALaSi0h/W3vgkdVkUIynmZWLc=,I2RQL98h6CLYRowR0ccNLQHfrB0=
-4,30,lcALaSi0h/W3vgkdVkUIynmZWLc=,I2RQL98h6CLYRowR0ccNLQHfrB0=
-1,20,lcALaSi0h/W3vgkdVkUIynmZWLc=,I2RQL98h6CLYRowR0ccNLQHfrB0=
-7,17,lcALaSi0h/W3vgkdVkUIynmZWLc=,I2RQL98h6CLYRowR0ccNLQHfrB0=
-8,18,lcALaSi0h/W3vgkdVkUIynmZWLc=,I2RQL98h6CLYRowR0ccNLQHfrB0=
-11,24,lcALaSi0h/W3vgkdVkUIynmZWLc=,I2RQL98h6CLYRowR0ccNLQHfrB0=
-5,30,lcALaSi0h/W3vgkdVkUIynmZWLc=,I2RQL98h6CLYRowR0ccNLQHfrB0=
-10,24,lcALaSi0h/W3vgkdVkUIynmZWLc=,I2RQL98h6CLYRowR0ccNLQHfrB0=
-1,29,lcALaSi0h/W3vgkdVkUIynmZWLc=,I2RQL98h6CLYRowR0ccNLQHfrB0=
-1,16,lcALaSi0h/W3vgkdVkUIynmZWLc=,I2RQL98h6CLYRowR0ccNLQHfrB0=
-2,29,lcALaSi0h/W3vgkdVkUIynmZWLc=,I2RQL98h6CLYRowR0ccNLQHfrB0=
-9,29,lcALaSi0h/W3vgkdVkUIynmZWLc=,I2RQL98h6CLYRowR0ccNLQHfrB0=
-3,29,lcALaSi0h/W3vgkdVkUIynmZWLc=,I2RQL98h6CLYRowR0ccNLQHfrB0=
-5,17,lcALaSi0h/W3vgkdVkUIynmZWLc=,I2RQL98h6CLYRowR0ccNLQHfrB0=
-2,16,lcALaSi0h/W3vgkdVkUIynmZWLc=,I2RQL98h6CLYRowR0ccNLQHfrB0=
-4,17,lcALaSi0h/W3vgkdVkUIynmZWLc=,I2RQL98h6CLYRowR0ccNLQHfrB0=
-6,30,lcALaSi0h/W3vgkdVkUIynmZWLc=,I2RQL98h6CLYRowR0ccNLQHfrB0=
-3,17,lcALaSi0h/W3vgkdVkUIynmZWLc=,I2RQL98h6CLYRowR0ccNLQHfrB0=
-10,30,lcALaSi0h/W3vgkdVkUIynmZWLc=,I2RQL98h6CLYRowR0ccNLQHfrB0=
-5,23,lcALaSi0h/W3vgkdVkUIynmZWLc=,I2RQL98h6CLYRowR0ccNLQHfrB0=
-2,17,lcALaSi0h/W3vgkdVkUIynmZWLc=,I2RQL98h6CLYRowR0ccNLQHfrB0=
-1,17,lcALaSi0h/W3vgkdVkUIynmZWLc=,I2RQL98h6CLYRowR0ccNLQHfrB0=
-6,17,lcALaSi0h/W3vgkdVkUIynmZWLc=,I2RQL98h6CLYRowR0ccNLQHfrB0=
-4,18,lcALaSi0h/W3vgkdVkUIynmZWLc=,I2RQL98h6CLYRowR0ccNLQHfrB0=
-15,30,lcALaSi0h/W3vgkdVkUIynmZWLc=,I2RQL98h6CLYRowR0ccNLQHfrB0=
-4,29,lcALaSi0h/W3vgkdVkUIynmZWLc=,I2RQL98h6CLYRowR0ccNLQHfrB0=
-3,16,lcALaSi0h/W3vgkdVkUIynmZWLc=,I2RQL98h6CLYRowR0ccNLQHfrB0=
-7,30,lcALaSi0h/W3vgkdVkUIynmZWLc=,I2RQL98h6CLYRowR0ccNLQHfrB0=
-2,18,lcALaSi0h/W3vgkdVkUIynmZWLc=,I2RQL98h6CLYRowR0ccNLQHfrB0=
-3,18,lcALaSi0h/W3vgkdVkUIynmZWLc=,I2RQL98h6CLYRowR0ccNLQHfrB0=
-9,28,lcALaSi0h/W3vgkdVkUIynmZWLc=,I2RQL98h6CLYRowR0ccNLQHfrB0=
-1,28,lcALaSi0h/W3vgkdVkUIynmZWLc=,I2RQL98h6CLYRowR0ccNLQHfrB0=
-12,24,lcALaSi0h/W3vgkdVkUIynmZWLc=,I2RQL98h6CLYRowR0ccNLQHfrB0=
-4,16,lcALaSi0h/W3vgkdVkUIynmZWLc=,I2RQL98h6CLYRowR0ccNLQHfrB0=
-6,23,lcALaSi0h/W3vgkdVkUIynmZWLc=,I2RQL98h6CLYRowR0ccNLQHfrB0=
-1,18,lcALaSi0h/W3vgkdVkUIynmZWLc=,I2RQL98h6CLYRowR0ccNLQHfrB0=
-4,19,lcALaSi0h/W3vgkdVkUIynmZWLc=,I2RQL98h6CLYRowR0ccNLQHfrB0=
-2,28,lcALaSi0h/W3vgkdVkUIynmZWLc=,I2RQL98h6CLYRowR0ccNLQHfrB0=
-3,19,lcALaSi0h/W3vgkdVkUIynmZWLc=,I2RQL98h6CLYRowR0ccNLQHfrB0=
-8,30,lcALaSi0h/W3vgkdVkUIynmZWLc=,I2RQL98h6CLYRowR0ccNLQHfrB0=
-2,19,lcALaSi0h/W3vgkdVkUIynmZWLc=,I2RQL98h6CLYRowR0ccNLQHfrB0=
-1,19,lcALaSi0h/W3vgkdVkUIynmZWLc=,I2RQL98h6CLYRowR0ccNLQHfrB0=
-11,29,lcALaSi0h/W3vgkdVkUIynmZWLc=,I2RQL98h6CLYRowR0ccNLQHfrB0=
-12,23,lcALaSi0h/W3vgkdVkUIynmZWLc=,sfg8AU+OQc3RfXlr0eHsor7WEIc=
-3,28,lcALaSi0h/W3vgkdVkUIynmZWLc=,I2RQL98h6CLYRowR0ccNLQHfrB0=
-1,31,lcALaSi0h/W3vgkdVkUIynmZWLc=,I2RQL98h6CLYRowR0ccNLQHfrB0=
-5,29,lcALaSi0h/W3vgkdVkUIynmZWLc=,I2RQL98h6CLYRowR0ccNLQHfrB0=
-6,24,lcALaSi0h/W3vgkdVkUIynmZWLc=,I2RQL98h6CLYRowR0ccNLQHfrB0=
-2,25,lcALaSi0h/W3vgkdVkUIynmZWLc=,I2RQL98h6CLYRowR0ccNLQHfrB0=
-1,25,lcALaSi0h/W3vgkdVkUIynmZWLc=,I2RQL98h6CLYRowR0ccNLQHfrB0=
-4,28,lcALaSi0h/W3vgkdVkUIynmZWLc=,I2RQL98h6CLYRowR0ccNLQHfrB0=
-8,26,lcALaSi0h/W3vgkdVkUIynmZWLc=,I2RQL98h6CLYRowR0ccNLQHfrB0=
-13,29,lcALaSi0h/W3vgkdVkUIynmZWLc=,I2RQL98h6CLYRowR0ccNLQHfrB0=
-4,25,lcALaSi0h/W3vgkdVkUIynmZWLc=,I2RQL98h6CLYRowR0ccNLQHfrB0=
-14,29,lcALaSi0h/W3vgkdVkUIynmZWLc=,I2RQL98h6CLYRowR0ccNLQHfrB0=
-6,26,lcALaSi0h/W3vgkdVkUIynmZWLc=,I2RQL98h6CLYRowR0ccNLQHfrB0=
-7,26,lcALaSi0h/W3vgkdVkUIynmZWLc=,I2RQL98h6CLYRowR0ccNLQHfrB0=
-6,29,lcALaSi0h/W3vgkdVkUIynmZWLc=,I2RQL98h6CLYRowR0ccNLQHfrB0=
-3,25,lcALaSi0h/W3vgkdVkUIynmZWLc=,I2RQL98h6CLYRowR0ccNLQHfrB0=
-15,29,lcALaSi0h/W3vgkdVkUIynmZWLc=,I2RQL98h6CLYRowR0ccNLQHfrB0=
-1,26,lcALaSi0h/W3vgkdVkUIynmZWLc=,I2RQL98h6CLYRowR0ccNLQHfrB0=
-4,26,lcALaSi0h/W3vgkdVkUIynmZWLc=,I2RQL98h6CLYRowR0ccNLQHfrB0=
-5,26,lcALaSi0h/W3vgkdVkUIynmZWLc=,I2RQL98h6CLYRowR0ccNLQHfrB0=
-14,28,lcALaSi0h/W3vgkdVkUIynmZWLc=,I2RQL98h6CLYRowR0ccNLQHfrB0=
-15,28,lcALaSi0h/W3vgkdVkUIynmZWLc=,I2RQL98h6CLYRowR0ccNLQHfrB0=
-7,27,lcALaSi0h/W3vgkdVkUIynmZWLc=,I2RQL98h6CLYRowR0ccNLQHfrB0=
-4,27,lcALaSi0h/W3vgkdVkUIynmZWLc=,I2RQL98h6CLYRowR0ccNLQHfrB0=
-5,24,lcALaSi0h/W3vgkdVkUIynmZWLc=,I2RQL98h6CLYRowR0ccNLQHfrB0=
-3,26,lcALaSi0h/W3vgkdVkUIynmZWLc=,I2RQL98h6CLYRowR0ccNLQHfrB0=
-9,25,lcALaSi0h/W3vgkdVkUIynmZWLc=,I2RQL98h6CLYRowR0ccNLQHfrB0=
-3,27,lcALaSi0h/W3vgkdVkUIynmZWLc=,I2RQL98h6CLYRowR0ccNLQHfrB0=
-1,27,lcALaSi0h/W3vgkdVkUIynmZWLc=,I2RQL98h6CLYRowR0ccNLQHfrB0=
-2,26,lcALaSi0h/W3vgkdVkUIynmZWLc=,I2RQL98h6CLYRowR0ccNLQHfrB0=
-7,29,lcALaSi0h/W3vgkdVkUIynmZWLc=,I2RQL98h6CLYRowR0ccNLQHfrB0=
-9,27,lcALaSi0h/W3vgkdVkUIynmZWLc=,I2RQL98h6CLYRowR0ccNLQHfrB0=
-6,27,lcALaSi0h/W3vgkdVkUIynmZWLc=,I2RQL98h6CLYRowR0ccNLQHfrB0=
-2,27,lcALaSi0h/W3vgkdVkUIynmZWLc=,I2RQL98h6CLYRowR0ccNLQHfrB0=
-8,25,lcALaSi0h/W3vgkdVkUIynmZWLc=,I2RQL98h6CLYRowR0ccNLQHfrB0=
-9,20,lcALaSi0h/W3vgkdVkUIynmZWLc=,sfg8AU+OQc3RfXlr0eHsor7WEIc=
-5,27,lcALaSi0h/W3vgkdVkUIynmZWLc=,I2RQL98h6CLYRowR0ccNLQHfrB0=
-8,28,lcALaSi0h/W3vgkdVkUIynmZWLc=,I2RQL98h6CLYRowR0ccNLQHfrB0=
-8,27,lcALaSi0h/W3vgkdVkUIynmZWLc=,I2RQL98h6CLYRowR0ccNLQHfrB0=
-5,25,lcALaSi0h/W3vgkdVkUIynmZWLc=,I2RQL98h6CLYRowR0ccNLQHfrB0=
-4,22,lcALaSi0h/W3vgkdVkUIynmZWLc=,I2RQL98h6CLYRowR0ccNLQHfrB0=
-7,25,lcALaSi0h/W3vgkdVkUIynmZWLc=,I2RQL98h6CLYRowR0ccNLQHfrB0=
-9,26,lcALaSi0h/W3vgkdVkUIynmZWLc=,I2RQL98h6CLYRowR0ccNLQHfrB0=
-9,21,lcALaSi0h/W3vgkdVkUIynmZWLc=,sfg8AU+OQc3RfXlr0eHsor7WEIc=
-6,25,lcALaSi0h/W3vgkdVkUIynmZWLc=,I2RQL98h6CLYRowR0ccNLQHfrB0=
-7,28,lcALaSi0h/W3vgkdVkUIynmZWLc=,I2RQL98h6CLYRowR0ccNLQHfrB0=
-4,24,lcALaSi0h/W3vgkdVkUIynmZWLc=,I2RQL98h6CLYRowR0ccNLQHfrB0=
-1,22,lcALaSi0h/W3vgkdVkUIynmZWLc=,I2RQL98h6CLYRowR0ccNLQHfrB0=
-8,23,lcALaSi0h/W3vgkdVkUIynmZWLc=,I2RQL98h6CLYRowR0ccNLQHfrB0=
-9,22,lcALaSi0h/W3vgkdVkUIynmZWLc=,sfg8AU+OQc3RfXlr0eHsor7WEIc=
-3,22,lcALaSi0h/W3vgkdVkUIynmZWLc=,I2RQL98h6CLYRowR0ccNLQHfrB0=
-9,23,lcALaSi0h/W3vgkdVkUIynmZWLc=,sfg8AU+OQc3RfXlr0eHsor7WEIc=
-6,28,lcALaSi0h/W3vgkdVkUIynmZWLc=,I2RQL98h6CLYRowR0ccNLQHfrB0=
-2,22,lcALaSi0h/W3vgkdVkUIynmZWLc=,I2RQL98h6CLYRowR0ccNLQHfrB0=
-8,29,lcALaSi0h/W3vgkdVkUIynmZWLc=,I2RQL98h6CLYRowR0ccNLQHfrB0=
-7,23,lcALaSi0h/W3vgkdVkUIynmZWLc=,I2RQL98h6CLYRowR0ccNLQHfrB0=
-8,22,lcALaSi0h/W3vgkdVkUIynmZWLc=,I2RQL98h6CLYRowR0ccNLQHfrB0=
-1,24,lcALaSi0h/W3vgkdVkUIynmZWLc=,I2RQL98h6CLYRowR0ccNLQHfrB0=
-6,22,lcALaSi0h/W3vgkdVkUIynmZWLc=,I2RQL98h6CLYRowR0ccNLQHfrB0=
-5,22,lcALaSi0h/W3vgkdVkUIynmZWLc=,I2RQL98h6CLYRowR0ccNLQHfrB0=
-9,24,lcALaSi0h/W3vgkdVkUIynmZWLc=,I2RQL98h6CLYRowR0ccNLQHfrB0=
-7,22,lcALaSi0h/W3vgkdVkUIynmZWLc=,I2RQL98h6CLYRowR0ccNLQHfrB0=
-2,20,lcALaSi0h/W3vgkdVkUIynmZWLc=,I2RQL98h6CLYRowR0ccNLQHfrB0=
-5,28,lcALaSi0h/W3vgkdVkUIynmZWLc=,I2RQL98h6CLYRowR0ccNLQHfrB0=
-3,24,lcALaSi0h/W3vgkdVkUIynmZWLc=,I2RQL98h6CLYRowR0ccNLQHfrB0=
-5,20,lcALaSi0h/W3vgkdVkUIynmZWLc=,I2RQL98h6CLYRowR0ccNLQHfrB0=
-8,20,lcALaSi0h/W3vgkdVkUIynmZWLc=,I2RQL98h6CLYRowR0ccNLQHfrB0=
-3,20,lcALaSi0h/W3vgkdVkUIynmZWLc=,I2RQL98h6CLYRowR0ccNLQHfrB0=
-2,24,lcALaSi0h/W3vgkdVkUIynmZWLc=,I2RQL98h6CLYRowR0ccNLQHfrB0=
-6,20,lcALaSi0h/W3vgkdVkUIynmZWLc=,I2RQL98h6CLYRowR0ccNLQHfrB0=
-7,20,lcALaSi0h/W3vgkdVkUIynmZWLc=,I2RQL98h6CLYRowR0ccNLQHfrB0=
-4,20,lcALaSi0h/W3vgkdVkUIynmZWLc=,I2RQL98h6CLYRowR0ccNLQHfrB0=
-13,9,lcALaSi0h/W3vgkdVkUIynmZWLc=,I2RQL98h6CLYRowR0ccNLQHfrB0=
-12,9,lcALaSi0h/W3vgkdVkUIynmZWLc=,I2RQL98h6CLYRowR0ccNLQHfrB0=
-11,9,lcALaSi0h/W3vgkdVkUIynmZWLc=,I2RQL98h6CLYRowR0ccNLQHfrB0=
-10,9,lcALaSi0h/W3vgkdVkUIynmZWLc=,I2RQL98h6CLYRowR0ccNLQHfrB0=
-13,10,lcALaSi0h/W3vgkdVkUIynmZWLc=,I2RQL98h6CLYRowR0ccNLQHfrB0=
-10,10,lcALaSi0h/W3vgkdVkUIynmZWLc=,I2RQL98h6CLYRowR0ccNLQHfrB0=
-14,11,lcALaSi0h/W3vgkdVkUIynmZWLc=,I2RQL98h6CLYRowR0ccNLQHfrB0=
-13,11,lcALaSi0h/W3vgkdVkUIynmZWLc=,I2RQL98h6CLYRowR0ccNLQHfrB0=
-14,12,lcALaSi0h/W3vgkdVkUIynmZWLc=,I2RQL98h6CLYRowR0ccNLQHfrB0=
-10,12,lcALaSi0h/W3vgkdVkUIynmZWLc=,I2RQL98h6CLYRowR0ccNLQHfrB0=
-15,13,lcALaSi0h/W3vgkdVkUIynmZWLc=,I2RQL98h6CLYRowR0ccNLQHfrB0=
-10,14,lcALaSi0h/W3vgkdVkUIynmZWLc=,I2RQL98h6CLYRowR0ccNLQHfrB0=
-14,13,lcALaSi0h/W3vgkdVkUIynmZWLc=,I2RQL98h6CLYRowR0ccNLQHfrB0=
-11,13,lcALaSi0h/W3vgkdVkUIynmZWLc=,I2RQL98h6CLYRowR0ccNLQHfrB0=
-10,13,lcALaSi0h/W3vgkdVkUIynmZWLc=,I2RQL98h6CLYRowR0ccNLQHfrB0=
-15,14,lcALaSi0h/W3vgkdVkUIynmZWLc=,I2RQL98h6CLYRowR0ccNLQHfrB0=
-13,14,lcALaSi0h/W3vgkdVkUIynmZWLc=,I2RQL98h6CLYRowR0ccNLQHfrB0=
-11,14,lcALaSi0h/W3vgkdVkUIynmZWLc=,I2RQL98h6CLYRowR0ccNLQHfrB0=
-10,7,JhEiBEvH0/9c000FUSM+u0ckNU0=,X5Xch6SCZxeRbjyaSdeKN6+TKok=
-15,2,JhEiBEvH0/9c000FUSM+u0ckNU0=,X5Xch6SCZxeRbjyaSdeKN6+TKok=
-14,2,JhEiBEvH0/9c000FUSM+u0ckNU0=,X5Xch6SCZxeRbjyaSdeKN6+TKok=
-14,1,JhEiBEvH0/9c000FUSM+u0ckNU0=,X5Xch6SCZxeRbjyaSdeKN6+TKok=
-13,1,JhEiBEvH0/9c000FUSM+u0ckNU0=,X5Xch6SCZxeRbjyaSdeKN6+TKok=
-11,2,JhEiBEvH0/9c000FUSM+u0ckNU0=,X5Xch6SCZxeRbjyaSdeKN6+TKok=
-13,8,JhEiBEvH0/9c000FUSM+u0ckNU0=,I2RQL98h6CLYRowR0ccNLQHfrB0=
-12,8,JhEiBEvH0/9c000FUSM+u0ckNU0=,I2RQL98h6CLYRowR0ccNLQHfrB0=
-15,5,JhEiBEvH0/9c000FUSM+u0ckNU0=,X5Xch6SCZxeRbjyaSdeKN6+TKok=
-13,7,JhEiBEvH0/9c000FUSM+u0ckNU0=,X5Xch6SCZxeRbjyaSdeKN6+TKok=
-11,7,JhEiBEvH0/9c000FUSM+u0ckNU0=,X5Xch6SCZxeRbjyaSdeKN6+TKok=
-10,8,JhEiBEvH0/9c000FUSM+u0ckNU0=,I2RQL98h6CLYRowR0ccNLQHfrB0=
-12,7,JhEiBEvH0/9c000FUSM+u0ckNU0=,X5Xch6SCZxeRbjyaSdeKN6+TKok=
-13,0,JhEiBEvH0/9c000FUSM+u0ckNU0=,X5Xch6SCZxeRbjyaSdeKN6+TKok=
-12,0,JhEiBEvH0/9c000FUSM+u0ckNU0=,X5Xch6SCZxeRbjyaSdeKN6+TKok=
-15,15,JhEiBEvH0/9c000FUSM+u0ckNU0=,I2RQL98h6CLYRowR0ccNLQHfrB0=
-14,15,JhEiBEvH0/9c000FUSM+u0ckNU0=,I2RQL98h6CLYRowR0ccNLQHfrB0=
-13,15,JhEiBEvH0/9c000FUSM+u0ckNU0=,I2RQL98h6CLYRowR0ccNLQHfrB0=
-12,15,JhEiBEvH0/9c000FUSM+u0ckNU0=,I2RQL98h6CLYRowR0ccNLQHfrB0=
-11,15,JhEiBEvH0/9c000FUSM+u0ckNU0=,I2RQL98h6CLYRowR0ccNLQHfrB0=
-9,9,JhEiBEvH0/9c000FUSM+u0ckNU0=,I2RQL98h6CLYRowR0ccNLQHfrB0=
-9,12,JhEiBEvH0/9c000FUSM+u0ckNU0=,I2RQL98h6CLYRowR0ccNLQHfrB0=
-9,13,JhEiBEvH0/9c000FUSM+u0ckNU0=,I2RQL98h6CLYRowR0ccNLQHfrB0=
-9,14,JhEiBEvH0/9c000FUSM+u0ckNU0=,I2RQL98h6CLYRowR0ccNLQHfrB0=
-10,15,JhEiBEvH0/9c000FUSM+u0ckNU0=,I2RQL98h6CLYRowR0ccNLQHfrB0=
-12,14,JhEiBEvH0/9c000FUSM+u0ckNU0=,I2RQL98h6CLYRowR0ccNLQHfrB0=
-8,15,JhEiBEvH0/9c000FUSM+u0ckNU0=,X5Xch6SCZxeRbjyaSdeKN6+TKok=
-8,12,JhEiBEvH0/9c000FUSM+u0ckNU0=,X5Xch6SCZxeRbjyaSdeKN6+TKok=
-7,15,JhEiBEvH0/9c000FUSM+u0ckNU0=,X5Xch6SCZxeRbjyaSdeKN6+TKok=
-9,15,JhEiBEvH0/9c000FUSM+u0ckNU0=,I2RQL98h6CLYRowR0ccNLQHfrB0=
-12,13,JhEiBEvH0/9c000FUSM+u0ckNU0=,I2RQL98h6CLYRowR0ccNLQHfrB0=
-11,12,JhEiBEvH0/9c000FUSM+u0ckNU0=,I2RQL98h6CLYRowR0ccNLQHfrB0=
-7,12,JhEiBEvH0/9c000FUSM+u0ckNU0=,X5Xch6SCZxeRbjyaSdeKN6+TKok=
-6,15,JhEiBEvH0/9c000FUSM+u0ckNU0=,X5Xch6SCZxeRbjyaSdeKN6+TKok=
-8,13,JhEiBEvH0/9c000FUSM+u0ckNU0=,X5Xch6SCZxeRbjyaSdeKN6+TKok=
-12,12,JhEiBEvH0/9c000FUSM+u0ckNU0=,I2RQL98h6CLYRowR0ccNLQHfrB0=
-8,14,JhEiBEvH0/9c000FUSM+u0ckNU0=,X5Xch6SCZxeRbjyaSdeKN6+TKok=
-6,12,JhEiBEvH0/9c000FUSM+u0ckNU0=,X5Xch6SCZxeRbjyaSdeKN6+TKok=
-7,13,JhEiBEvH0/9c000FUSM+u0ckNU0=,X5Xch6SCZxeRbjyaSdeKN6+TKok=
-5,15,JhEiBEvH0/9c000FUSM+u0ckNU0=,X5Xch6SCZxeRbjyaSdeKN6+TKok=
-5,13,JhEiBEvH0/9c000FUSM+u0ckNU0=,X5Xch6SCZxeRbjyaSdeKN6+TKok=
-7,14,JhEiBEvH0/9c000FUSM+u0ckNU0=,X5Xch6SCZxeRbjyaSdeKN6+TKok=
-6,14,JhEiBEvH0/9c000FUSM+u0ckNU0=,X5Xch6SCZxeRbjyaSdeKN6+TKok=
-6,13,JhEiBEvH0/9c000FUSM+u0ckNU0=,X5Xch6SCZxeRbjyaSdeKN6+TKok=
-5,14,JhEiBEvH0/9c000FUSM+u0ckNU0=,X5Xch6SCZxeRbjyaSdeKN6+TKok=
-5,12,JhEiBEvH0/9c000FUSM+u0ckNU0=,X5Xch6SCZxeRbjyaSdeKN6+TKok=
-9,5,JhEiBEvH0/9c000FUSM+u0ckNU0=,X5Xch6SCZxeRbjyaSdeKN6+TKok=
-9,7,JhEiBEvH0/9c000FUSM+u0ckNU0=,X5Xch6SCZxeRbjyaSdeKN6+TKok=
-9,11,JhEiBEvH0/9c000FUSM+u0ckNU0=,I2RQL98h6CLYRowR0ccNLQHfrB0=
-9,10,5W808JgBfEGwJsiIe0ZILpzignk=,I2RQL98h6CLYRowR0ccNLQHfrB0=
-11,5,5W808JgBfEGwJsiIe0ZILpzignk=,X5Xch6SCZxeRbjyaSdeKN6+TKok=
-9,8,5W808JgBfEGwJsiIe0ZILpzignk=,I2RQL98h6CLYRowR0ccNLQHfrB0=
-1,15,5W808JgBfEGwJsiIe0ZILpzignk=,X5Xch6SCZxeRbjyaSdeKN6+TKok=
-11,6,5W808JgBfEGwJsiIe0ZILpzignk=,X5Xch6SCZxeRbjyaSdeKN6+TKok=
-4,14,5W808JgBfEGwJsiIe0ZILpzignk=,X5Xch6SCZxeRbjyaSdeKN6+TKok=
-11,8,5W808JgBfEGwJsiIe0ZILpzignk=,I2RQL98h6CLYRowR0ccNLQHfrB0=
-16,1,5W808JgBfEGwJsiIe0ZILpzignk=,X5Xch6SCZxeRbjyaSdeKN6+TKok=
-16,2,5W808JgBfEGwJsiIe0ZILpzignk=,X5Xch6SCZxeRbjyaSdeKN6+TKok=
-15,0,5W808JgBfEGwJsiIe0ZILpzignk=,X5Xch6SCZxeRbjyaSdeKN6+TKok=
-14,0,5W808JgBfEGwJsiIe0ZILpzignk=,X5Xch6SCZxeRbjyaSdeKN6+TKok=
-15,3,5W808JgBfEGwJsiIe0ZILpzignk=,X5Xch6SCZxeRbjyaSdeKN6+TKok=
-15,1,5W808JgBfEGwJsiIe0ZILpzignk=,X5Xch6SCZxeRbjyaSdeKN6+TKok=
-13,2,5W808JgBfEGwJsiIe0ZILpzignk=,X5Xch6SCZxeRbjyaSdeKN6+TKok=
-12,5,5W808JgBfEGwJsiIe0ZILpzignk=,X5Xch6SCZxeRbjyaSdeKN6+TKok=
-13,3,5W808JgBfEGwJsiIe0ZILpzignk=,X5Xch6SCZxeRbjyaSdeKN6+TKok=
-4,12,5W808JgBfEGwJsiIe0ZILpzignk=,X5Xch6SCZxeRbjyaSdeKN6+TKok=
-14,3,5W808JgBfEGwJsiIe0ZILpzignk=,X5Xch6SCZxeRbjyaSdeKN6+TKok=
-16,3,5W808JgBfEGwJsiIe0ZILpzignk=,X5Xch6SCZxeRbjyaSdeKN6+TKok=
-3,14,5W808JgBfEGwJsiIe0ZILpzignk=,X5Xch6SCZxeRbjyaSdeKN6+TKok=
-16,0,5W808JgBfEGwJsiIe0ZILpzignk=,X5Xch6SCZxeRbjyaSdeKN6+TKok=
-12,6,5W808JgBfEGwJsiIe0ZILpzignk=,X5Xch6SCZxeRbjyaSdeKN6+TKok=
-3,12,5W808JgBfEGwJsiIe0ZILpzignk=,X5Xch6SCZxeRbjyaSdeKN6+TKok=
-2,12,5W808JgBfEGwJsiIe0ZILpzignk=,X5Xch6SCZxeRbjyaSdeKN6+TKok=
-2,14,5W808JgBfEGwJsiIe0ZILpzignk=,X5Xch6SCZxeRbjyaSdeKN6+TKok=
-10,4,5W808JgBfEGwJsiIe0ZILpzignk=,X5Xch6SCZxeRbjyaSdeKN6+TKok=
-4,13,5W808JgBfEGwJsiIe0ZILpzignk=,X5Xch6SCZxeRbjyaSdeKN6+TKok=
-16,12,5W808JgBfEGwJsiIe0ZILpzignk=,I2RQL98h6CLYRowR0ccNLQHfrB0=
-16,14,5W808JgBfEGwJsiIe0ZILpzignk=,I2RQL98h6CLYRowR0ccNLQHfrB0=
-16,5,5W808JgBfEGwJsiIe0ZILpzignk=,X5Xch6SCZxeRbjyaSdeKN6+TKok=
-1,12,5W808JgBfEGwJsiIe0ZILpzignk=,X5Xch6SCZxeRbjyaSdeKN6+TKok=
-10,6,5W808JgBfEGwJsiIe0ZILpzignk=,X5Xch6SCZxeRbjyaSdeKN6+TKok=
-1,14,5W808JgBfEGwJsiIe0ZILpzignk=,X5Xch6SCZxeRbjyaSdeKN6+TKok=
-3,15,5W808JgBfEGwJsiIe0ZILpzignk=,X5Xch6SCZxeRbjyaSdeKN6+TKok=
-16,15,5W808JgBfEGwJsiIe0ZILpzignk=,I2RQL98h6CLYRowR0ccNLQHfrB0=
-16,13,5W808JgBfEGwJsiIe0ZILpzignk=,I2RQL98h6CLYRowR0ccNLQHfrB0=
-1,13,5W808JgBfEGwJsiIe0ZILpzignk=,X5Xch6SCZxeRbjyaSdeKN6+TKok=
-16,11,5W808JgBfEGwJsiIe0ZILpzignk=,I2RQL98h6CLYRowR0ccNLQHfrB0=
-2,15,5W808JgBfEGwJsiIe0ZILpzignk=,X5Xch6SCZxeRbjyaSdeKN6+TKok=
-4,15,5W808JgBfEGwJsiIe0ZILpzignk=,X5Xch6SCZxeRbjyaSdeKN6+TKok=
-16,7,5W808JgBfEGwJsiIe0ZILpzignk=,X5Xch6SCZxeRbjyaSdeKN6+TKok=
-14,9,5W808JgBfEGwJsiIe0ZILpzignk=,I2RQL98h6CLYRowR0ccNLQHfrB0=
-15,4,5W808JgBfEGwJsiIe0ZILpzignk=,X5Xch6SCZxeRbjyaSdeKN6+TKok=
-15,9,5W808JgBfEGwJsiIe0ZILpzignk=,I2RQL98h6CLYRowR0ccNLQHfrB0=
-2,13,5W808JgBfEGwJsiIe0ZILpzignk=,X5Xch6SCZxeRbjyaSdeKN6+TKok=
-14,4,5W808JgBfEGwJsiIe0ZILpzignk=,X5Xch6SCZxeRbjyaSdeKN6+TKok=
-14,6,5W808JgBfEGwJsiIe0ZILpzignk=,X5Xch6SCZxeRbjyaSdeKN6+TKok=
-14,5,5W808JgBfEGwJsiIe0ZILpzignk=,X5Xch6SCZxeRbjyaSdeKN6+TKok=
-14,7,5W808JgBfEGwJsiIe0ZILpzignk=,X5Xch6SCZxeRbjyaSdeKN6+TKok=
-13,4,5W808JgBfEGwJsiIe0ZILpzignk=,X5Xch6SCZxeRbjyaSdeKN6+TKok=
-3,13,5W808JgBfEGwJsiIe0ZILpzignk=,X5Xch6SCZxeRbjyaSdeKN6+TKok=
-14,10,5W808JgBfEGwJsiIe0ZILpzignk=,I2RQL98h6CLYRowR0ccNLQHfrB0=
-15,7,5W808JgBfEGwJsiIe0ZILpzignk=,X5Xch6SCZxeRbjyaSdeKN6+TKok=
-15,11,5W808JgBfEGwJsiIe0ZILpzignk=,I2RQL98h6CLYRowR0ccNLQHfrB0=
-15,12,5W808JgBfEGwJsiIe0ZILpzignk=,I2RQL98h6CLYRowR0ccNLQHfrB0=
-15,10,5W808JgBfEGwJsiIe0ZILpzignk=,I2RQL98h6CLYRowR0ccNLQHfrB0=
-13,12,5W808JgBfEGwJsiIe0ZILpzignk=,I2RQL98h6CLYRowR0ccNLQHfrB0=
-13,6,5W808JgBfEGwJsiIe0ZILpzignk=,X5Xch6SCZxeRbjyaSdeKN6+TKok=
-13,13,5W808JgBfEGwJsiIe0ZILpzignk=,I2RQL98h6CLYRowR0ccNLQHfrB0=
-14,14,5W808JgBfEGwJsiIe0ZILpzignk=,I2RQL98h6CLYRowR0ccNLQHfrB0=
-15,6,5W808JgBfEGwJsiIe0ZILpzignk=,X5Xch6SCZxeRbjyaSdeKN6+TKok=
-14,8,5W808JgBfEGwJsiIe0ZILpzignk=,I2RQL98h6CLYRowR0ccNLQHfrB0=
-16,10,5W808JgBfEGwJsiIe0ZILpzignk=,I2RQL98h6CLYRowR0ccNLQHfrB0=
-16,6,5W808JgBfEGwJsiIe0ZILpzignk=,X5Xch6SCZxeRbjyaSdeKN6+TKok=
-13,5,5W808JgBfEGwJsiIe0ZILpzignk=,X5Xch6SCZxeRbjyaSdeKN6+TKok=
-12,3,5W808JgBfEGwJsiIe0ZILpzignk=,X5Xch6SCZxeRbjyaSdeKN6+TKok=
-16,9,5W808JgBfEGwJsiIe0ZILpzignk=,I2RQL98h6CLYRowR0ccNLQHfrB0=
-9,0,5W808JgBfEGwJsiIe0ZILpzignk=,X5Xch6SCZxeRbjyaSdeKN6+TKok=
-16,4,5W808JgBfEGwJsiIe0ZILpzignk=,X5Xch6SCZxeRbjyaSdeKN6+TKok=
-16,8,5W808JgBfEGwJsiIe0ZILpzignk=,I2RQL98h6CLYRowR0ccNLQHfrB0=
-15,8,5W808JgBfEGwJsiIe0ZILpzignk=,I2RQL98h6CLYRowR0ccNLQHfrB0=
-8,8,5W808JgBfEGwJsiIe0ZILpzignk=,X5Xch6SCZxeRbjyaSdeKN6+TKok=
-9,2,5W808JgBfEGwJsiIe0ZILpzignk=,X5Xch6SCZxeRbjyaSdeKN6+TKok=
-11,4,5W808JgBfEGwJsiIe0ZILpzignk=,X5Xch6SCZxeRbjyaSdeKN6+TKok=
-4,9,5W808JgBfEGwJsiIe0ZILpzignk=,X5Xch6SCZxeRbjyaSdeKN6+TKok=
-2,4,5W808JgBfEGwJsiIe0ZILpzignk=,sfg8AU+OQc3RfXlr0eHsor7WEIc=
-9,1,5W808JgBfEGwJsiIe0ZILpzignk=,X5Xch6SCZxeRbjyaSdeKN6+TKok=
-9,6,5W808JgBfEGwJsiIe0ZILpzignk=,X5Xch6SCZxeRbjyaSdeKN6+TKok=
-7,8,5W808JgBfEGwJsiIe0ZILpzignk=,X5Xch6SCZxeRbjyaSdeKN6+TKok=
-9,3,5W808JgBfEGwJsiIe0ZILpzignk=,X5Xch6SCZxeRbjyaSdeKN6+TKok=
-11,0,5W808JgBfEGwJsiIe0ZILpzignk=,X5Xch6SCZxeRbjyaSdeKN6+TKok=
-10,0,5W808JgBfEGwJsiIe0ZILpzignk=,X5Xch6SCZxeRbjyaSdeKN6+TKok=
-10,1,5W808JgBfEGwJsiIe0ZILpzignk=,X5Xch6SCZxeRbjyaSdeKN6+TKok=
-3,4,5W808JgBfEGwJsiIe0ZILpzignk=,sfg8AU+OQc3RfXlr0eHsor7WEIc=
-10,2,5W808JgBfEGwJsiIe0ZILpzignk=,X5Xch6SCZxeRbjyaSdeKN6+TKok=
-11,1,5W808JgBfEGwJsiIe0ZILpzignk=,X5Xch6SCZxeRbjyaSdeKN6+TKok=
-9,4,5W808JgBfEGwJsiIe0ZILpzignk=,X5Xch6SCZxeRbjyaSdeKN6+TKok=
-8,4,5W808JgBfEGwJsiIe0ZILpzignk=,sfg8AU+OQc3RfXlr0eHsor7WEIc=
-1,3,5W808JgBfEGwJsiIe0ZILpzignk=,sfg8AU+OQc3RfXlr0eHsor7WEIc=
-12,10,5W808JgBfEGwJsiIe0ZILpzignk=,I2RQL98h6CLYRowR0ccNLQHfrB0=
-4,4,5W808JgBfEGwJsiIe0ZILpzignk=,sfg8AU+OQc3RfXlr0eHsor7WEIc=
-12,11,5W808JgBfEGwJsiIe0ZILpzignk=,I2RQL98h6CLYRowR0ccNLQHfrB0=
-12,1,5W808JgBfEGwJsiIe0ZILpzignk=,X5Xch6SCZxeRbjyaSdeKN6+TKok=
-12,2,5W808JgBfEGwJsiIe0ZILpzignk=,X5Xch6SCZxeRbjyaSdeKN6+TKok=
-11,11,5W808JgBfEGwJsiIe0ZILpzignk=,I2RQL98h6CLYRowR0ccNLQHfrB0=
-10,11,5W808JgBfEGwJsiIe0ZILpzignk=,I2RQL98h6CLYRowR0ccNLQHfrB0=
-11,10,5W808JgBfEGwJsiIe0ZILpzignk=,I2RQL98h6CLYRowR0ccNLQHfrB0=
-12,4,5W808JgBfEGwJsiIe0ZILpzignk=,X5Xch6SCZxeRbjyaSdeKN6+TKok=
-8,10,5W808JgBfEGwJsiIe0ZILpzignk=,X5Xch6SCZxeRbjyaSdeKN6+TKok=
-5,4,5W808JgBfEGwJsiIe0ZILpzignk=,sfg8AU+OQc3RfXlr0eHsor7WEIc=
-10,3,5W808JgBfEGwJsiIe0ZILpzignk=,X5Xch6SCZxeRbjyaSdeKN6+TKok=
-6,4,5W808JgBfEGwJsiIe0ZILpzignk=,sfg8AU+OQc3RfXlr0eHsor7WEIc=
-3,9,5W808JgBfEGwJsiIe0ZILpzignk=,X5Xch6SCZxeRbjyaSdeKN6+TKok=
-11,3,5W808JgBfEGwJsiIe0ZILpzignk=,X5Xch6SCZxeRbjyaSdeKN6+TKok=
-7,4,5W808JgBfEGwJsiIe0ZILpzignk=,sfg8AU+OQc3RfXlr0eHsor7WEIc=
-1,0,5W808JgBfEGwJsiIe0ZILpzignk=,sfg8AU+OQc3RfXlr0eHsor7WEIc=
-1,9,5W808JgBfEGwJsiIe0ZILpzignk=,X5Xch6SCZxeRbjyaSdeKN6+TKok=
-2,3,5W808JgBfEGwJsiIe0ZILpzignk=,sfg8AU+OQc3RfXlr0eHsor7WEIc=
-7,10,5W808JgBfEGwJsiIe0ZILpzignk=,X5Xch6SCZxeRbjyaSdeKN6+TKok=
-8,11,5W808JgBfEGwJsiIe0ZILpzignk=,X5Xch6SCZxeRbjyaSdeKN6+TKok=
-2,10,5W808JgBfEGwJsiIe0ZILpzignk=,X5Xch6SCZxeRbjyaSdeKN6+TKok=
-5,10,5W808JgBfEGwJsiIe0ZILpzignk=,X5Xch6SCZxeRbjyaSdeKN6+TKok=
-6,10,5W808JgBfEGwJsiIe0ZILpzignk=,X5Xch6SCZxeRbjyaSdeKN6+TKok=
-2,9,5W808JgBfEGwJsiIe0ZILpzignk=,X5Xch6SCZxeRbjyaSdeKN6+TKok=
-2,0,5W808JgBfEGwJsiIe0ZILpzignk=,sfg8AU+OQc3RfXlr0eHsor7WEIc=
-3,0,5W808JgBfEGwJsiIe0ZILpzignk=,sfg8AU+OQc3RfXlr0eHsor7WEIc=
-4,10,5W808JgBfEGwJsiIe0ZILpzignk=,X5Xch6SCZxeRbjyaSdeKN6+TKok=
-3,10,5W808JgBfEGwJsiIe0ZILpzignk=,X5Xch6SCZxeRbjyaSdeKN6+TKok=
-1,10,5W808JgBfEGwJsiIe0ZILpzignk=,X5Xch6SCZxeRbjyaSdeKN6+TKok=
-7,11,5W808JgBfEGwJsiIe0ZILpzignk=,X5Xch6SCZxeRbjyaSdeKN6+TKok=
-6,11,5W808JgBfEGwJsiIe0ZILpzignk=,X5Xch6SCZxeRbjyaSdeKN6+TKok=
-8,9,5W808JgBfEGwJsiIe0ZILpzignk=,X5Xch6SCZxeRbjyaSdeKN6+TKok=
-10,5,5W808JgBfEGwJsiIe0ZILpzignk=,X5Xch6SCZxeRbjyaSdeKN6+TKok=
-6,9,5W808JgBfEGwJsiIe0ZILpzignk=,X5Xch6SCZxeRbjyaSdeKN6+TKok=
-4,0,5W808JgBfEGwJsiIe0ZILpzignk=,sfg8AU+OQc3RfXlr0eHsor7WEIc=
-2,11,5W808JgBfEGwJsiIe0ZILpzignk=,X5Xch6SCZxeRbjyaSdeKN6+TKok=
-7,9,5W808JgBfEGwJsiIe0ZILpzignk=,X5Xch6SCZxeRbjyaSdeKN6+TKok=
-1,11,5W808JgBfEGwJsiIe0ZILpzignk=,X5Xch6SCZxeRbjyaSdeKN6+TKok=
-5,9,5W808JgBfEGwJsiIe0ZILpzignk=,X5Xch6SCZxeRbjyaSdeKN6+TKok=
-3,11,5W808JgBfEGwJsiIe0ZILpzignk=,X5Xch6SCZxeRbjyaSdeKN6+TKok=
-5,11,5W808JgBfEGwJsiIe0ZILpzignk=,X5Xch6SCZxeRbjyaSdeKN6+TKok=
-4,11,5W808JgBfEGwJsiIe0ZILpzignk=,X5Xch6SCZxeRbjyaSdeKN6+TKok=
-4,6,5W808JgBfEGwJsiIe0ZILpzignk=,sfg8AU+OQc3RfXlr0eHsor7WEIc=
-3,6,5W808JgBfEGwJsiIe0ZILpzignk=,sfg8AU+OQc3RfXlr0eHsor7WEIc=
-2,6,5W808JgBfEGwJsiIe0ZILpzignk=,sfg8AU+OQc3RfXlr0eHsor7WEIc=
-7,1,5W808JgBfEGwJsiIe0ZILpzignk=,sfg8AU+OQc3RfXlr0eHsor7WEIc=
-5,0,5W808JgBfEGwJsiIe0ZILpzignk=,sfg8AU+OQc3RfXlr0eHsor7WEIc=
-8,1,5W808JgBfEGwJsiIe0ZILpzignk=,sfg8AU+OQc3RfXlr0eHsor7WEIc=
-4,1,5W808JgBfEGwJsiIe0ZILpzignk=,sfg8AU+OQc3RfXlr0eHsor7WEIc=
-2,1,5W808JgBfEGwJsiIe0ZILpzignk=,sfg8AU+OQc3RfXlr0eHsor7WEIc=
-6,1,5W808JgBfEGwJsiIe0ZILpzignk=,sfg8AU+OQc3RfXlr0eHsor7WEIc=
-3,1,5W808JgBfEGwJsiIe0ZILpzignk=,sfg8AU+OQc3RfXlr0eHsor7WEIc=
-5,1,5W808JgBfEGwJsiIe0ZILpzignk=,sfg8AU+OQc3RfXlr0eHsor7WEIc=
-1,1,5W808JgBfEGwJsiIe0ZILpzignk=,sfg8AU+OQc3RfXlr0eHsor7WEIc=
-8,2,5W808JgBfEGwJsiIe0ZILpzignk=,sfg8AU+OQc3RfXlr0eHsor7WEIc=
-3,2,5W808JgBfEGwJsiIe0ZILpzignk=,sfg8AU+OQc3RfXlr0eHsor7WEIc=
-5,2,5W808JgBfEGwJsiIe0ZILpzignk=,sfg8AU+OQc3RfXlr0eHsor7WEIc=
-7,2,5W808JgBfEGwJsiIe0ZILpzignk=,sfg8AU+OQc3RfXlr0eHsor7WEIc=
-6,0,5W808JgBfEGwJsiIe0ZILpzignk=,sfg8AU+OQc3RfXlr0eHsor7WEIc=
-4,2,5W808JgBfEGwJsiIe0ZILpzignk=,sfg8AU+OQc3RfXlr0eHsor7WEIc=
-6,2,5W808JgBfEGwJsiIe0ZILpzignk=,sfg8AU+OQc3RfXlr0eHsor7WEIc=
-2,2,5W808JgBfEGwJsiIe0ZILpzignk=,sfg8AU+OQc3RfXlr0eHsor7WEIc=
-7,7,5W808JgBfEGwJsiIe0ZILpzignk=,sfg8AU+OQc3RfXlr0eHsor7WEIc=
-8,7,5W808JgBfEGwJsiIe0ZILpzignk=,sfg8AU+OQc3RfXlr0eHsor7WEIc=
-1,6,5W808JgBfEGwJsiIe0ZILpzignk=,sfg8AU+OQc3RfXlr0eHsor7WEIc=
-7,0,5W808JgBfEGwJsiIe0ZILpzignk=,sfg8AU+OQc3RfXlr0eHsor7WEIc=
-7,3,5W808JgBfEGwJsiIe0ZILpzignk=,sfg8AU+OQc3RfXlr0eHsor7WEIc=
-6,3,5W808JgBfEGwJsiIe0ZILpzignk=,sfg8AU+OQc3RfXlr0eHsor7WEIc=
-5,7,5W808JgBfEGwJsiIe0ZILpzignk=,sfg8AU+OQc3RfXlr0eHsor7WEIc=
-6,7,5W808JgBfEGwJsiIe0ZILpzignk=,sfg8AU+OQc3RfXlr0eHsor7WEIc=
-4,7,5W808JgBfEGwJsiIe0ZILpzignk=,sfg8AU+OQc3RfXlr0eHsor7WEIc=
-1,2,5W808JgBfEGwJsiIe0ZILpzignk=,sfg8AU+OQc3RfXlr0eHsor7WEIc=
-8,3,5W808JgBfEGwJsiIe0ZILpzignk=,sfg8AU+OQc3RfXlr0eHsor7WEIc=
-3,7,5W808JgBfEGwJsiIe0ZILpzignk=,sfg8AU+OQc3RfXlr0eHsor7WEIc=
-2,7,5W808JgBfEGwJsiIe0ZILpzignk=,sfg8AU+OQc3RfXlr0eHsor7WEIc=
-5,6,5W808JgBfEGwJsiIe0ZILpzignk=,sfg8AU+OQc3RfXlr0eHsor7WEIc=
-2,5,5W808JgBfEGwJsiIe0ZILpzignk=,sfg8AU+OQc3RfXlr0eHsor7WEIc=
-8,0,5W808JgBfEGwJsiIe0ZILpzignk=,sfg8AU+OQc3RfXlr0eHsor7WEIc=
-1,7,5W808JgBfEGwJsiIe0ZILpzignk=,sfg8AU+OQc3RfXlr0eHsor7WEIc=
-1,5,5W808JgBfEGwJsiIe0ZILpzignk=,sfg8AU+OQc3RfXlr0eHsor7WEIc=
-3,3,5W808JgBfEGwJsiIe0ZILpzignk=,sfg8AU+OQc3RfXlr0eHsor7WEIc=
-7,6,5W808JgBfEGwJsiIe0ZILpzignk=,sfg8AU+OQc3RfXlr0eHsor7WEIc=
-6,6,5W808JgBfEGwJsiIe0ZILpzignk=,sfg8AU+OQc3RfXlr0eHsor7WEIc=
-5,3,5W808JgBfEGwJsiIe0ZILpzignk=,sfg8AU+OQc3RfXlr0eHsor7WEIc=
-8,6,5W808JgBfEGwJsiIe0ZILpzignk=,sfg8AU+OQc3RfXlr0eHsor7WEIc=
-3,5,5W808JgBfEGwJsiIe0ZILpzignk=,sfg8AU+OQc3RfXlr0eHsor7WEIc=
-4,5,5W808JgBfEGwJsiIe0ZILpzignk=,sfg8AU+OQc3RfXlr0eHsor7WEIc=
-6,8,5W808JgBfEGwJsiIe0ZILpzignk=,X5Xch6SCZxeRbjyaSdeKN6+TKok=
-4,3,5W808JgBfEGwJsiIe0ZILpzignk=,sfg8AU+OQc3RfXlr0eHsor7WEIc=
-4,8,5W808JgBfEGwJsiIe0ZILpzignk=,X5Xch6SCZxeRbjyaSdeKN6+TKok=
-5,5,5W808JgBfEGwJsiIe0ZILpzignk=,sfg8AU+OQc3RfXlr0eHsor7WEIc=
-1,8,5W808JgBfEGwJsiIe0ZILpzignk=,X5Xch6SCZxeRbjyaSdeKN6+TKok=
-5,8,5W808JgBfEGwJsiIe0ZILpzignk=,X5Xch6SCZxeRbjyaSdeKN6+TKok=
-2,8,5W808JgBfEGwJsiIe0ZILpzignk=,X5Xch6SCZxeRbjyaSdeKN6+TKok=
-1,4,5W808JgBfEGwJsiIe0ZILpzignk=,sfg8AU+OQc3RfXlr0eHsor7WEIc=
-6,5,5W808JgBfEGwJsiIe0ZILpzignk=,sfg8AU+OQc3RfXlr0eHsor7WEIc=
-7,5,5W808JgBfEGwJsiIe0ZILpzignk=,sfg8AU+OQc3RfXlr0eHsor7WEIc=
-3,8,5W808JgBfEGwJsiIe0ZILpzignk=,X5Xch6SCZxeRbjyaSdeKN6+TKok=
-8,5,5W808JgBfEGwJsiIe0ZILpzignk=,sfg8AU+OQc3RfXlr0eHsor7WEIc=
