81,-13,TrheEAwJAW4m1bdXDk0eHhviHbE=,6bAj5vtHsC7QFqG1uas3lN5b5MA=
82,-13,TrheEAwJAW4m1bdXDk0eHhviHbE=,6bAj5vtHsC7QFqG1uas3lN5b5MA=
86,-11,TrheEAwJAW4m1bdXDk0eHhviHbE=,6bAj5vtHsC7QFqG1uas3lN5b5MA=
84,-12,TrheEAwJAW4m1bdXDk0eHhviHbE=,6bAj5vtHsC7QFqG1uas3lN5b5MA=
85,-12,TrheEAwJAW4m1bdXDk0eHhviHbE=,6bAj5vtHsC7QFqG1uas3lN5b5MA=
83,-13,TrheEAwJAW4m1bdXDk0eHhviHbE=,6bAj5vtHsC7QFqG1uas3lN5b5MA=
86,-10,TrheEAwJAW4m1bdXDk0eHhviHbE=,6bAj5vtHsC7QFqG1uas3lN5b5MA=
84,-13,TrheEAwJAW4m1bdXDk0eHhviHbE=,6bAj5vtHsC7QFqG1uas3lN5b5MA=
86,-12,TrheEAwJAW4m1bdXDk0eHhviHbE=,6bAj5vtHsC7QFqG1uas3lN5b5MA=
87,-11,TrheEAwJAW4m1bdXDk0eHhviHbE=,6bAj5vtHsC7QFqG1uas3lN5b5MA=
85,-13,TrheEAwJAW4m1bdXDk0eHhviHbE=,6bAj5vtHsC7QFqG1uas3lN5b5MA=
86,-13,TrheEAwJAW4m1bdXDk0eHhviHbE=,6bAj5vtHsC7QFqG1uas3lN5b5MA=
87,-10,TrheEAwJAW4m1bdXDk0eHhviHbE=,6bAj5vtHsC7QFqG1uas3lN5b5MA=
80,-10,TrheEAwJAW4m1bdXDk0eHhviHbE=,6bAj5vtHsC7QFqG1uas3lN5b5MA=
80,-9,TrheEAwJAW4m1bdXDk0eHhviHbE=,6bAj5vtHsC7QFqG1uas3lN5b5MA=
81,-9,TrheEAwJAW4m1bdXDk0eHhviHbE=,6bAj5vtHsC7QFqG1uas3lN5b5MA=
87,-12,TrheEAwJAW4m1bdXDk0eHhviHbE=,6bAj5vtHsC7QFqG1uas3lN5b5MA=
87,-13,TrheEAwJAW4m1bdXDk0eHhviHbE=,6bAj5vtHsC7QFqG1uas3lN5b5MA=
81,-10,TrheEAwJAW4m1bdXDk0eHhviHbE=,6bAj5vtHsC7QFqG1uas3lN5b5MA=
80,-12,TrheEAwJAW4m1bdXDk0eHhviHbE=,6bAj5vtHsC7QFqG1uas3lN5b5MA=
82,-10,TrheEAwJAW4m1bdXDk0eHhviHbE=,6bAj5vtHsC7QFqG1uas3lN5b5MA=
80,-11,TrheEAwJAW4m1bdXDk0eHhviHbE=,6bAj5vtHsC7QFqG1uas3lN5b5MA=
81,-11,TrheEAwJAW4m1bdXDk0eHhviHbE=,6bAj5vtHsC7QFqG1uas3lN5b5MA=
81,-12,TrheEAwJAW4m1bdXDk0eHhviHbE=,6bAj5vtHsC7QFqG1uas3lN5b5MA=
87,-16,TrheEAwJAW4m1bdXDk0eHhviHbE=,6bAj5vtHsC7QFqG1uas3lN5b5MA=
80,-15,TrheEAwJAW4m1bdXDk0eHhviHbE=,6bAj5vtHsC7QFqG1uas3lN5b5MA=
82,-12,TrheEAwJAW4m1bdXDk0eHhviHbE=,6bAj5vtHsC7QFqG1uas3lN5b5MA=
83,-12,TrheEAwJAW4m1bdXDk0eHhviHbE=,6bAj5vtHsC7QFqG1uas3lN5b5MA=
80,-14,TrheEAwJAW4m1bdXDk0eHhviHbE=,6bAj5vtHsC7QFqG1uas3lN5b5MA=
83,-10,TrheEAwJAW4m1bdXDk0eHhviHbE=,6bAj5vtHsC7QFqG1uas3lN5b5MA=
81,-14,TrheEAwJAW4m1bdXDk0eHhviHbE=,6bAj5vtHsC7QFqG1uas3lN5b5MA=
82,-14,TrheEAwJAW4m1bdXDk0eHhviHbE=,6bAj5vtHsC7QFqG1uas3lN5b5MA=
83,-14,TrheEAwJAW4m1bdXDk0eHhviHbE=,6bAj5vtHsC7QFqG1uas3lN5b5MA=
82,-9,TrheEAwJAW4m1bdXDk0eHhviHbE=,6bAj5vtHsC7QFqG1uas3lN5b5MA=
84,-10,TrheEAwJAW4m1bdXDk0eHhviHbE=,6bAj5vtHsC7QFqG1uas3lN5b5MA=
83,-9,TrheEAwJAW4m1bdXDk0eHhviHbE=,6bAj5vtHsC7QFqG1uas3lN5b5MA=
84,-9,TrheEAwJAW4m1bdXDk0eHhviHbE=,6bAj5vtHsC7QFqG1uas3lN5b5MA=
85,-10,TrheEAwJAW4m1bdXDk0eHhviHbE=,6bAj5vtHsC7QFqG1uas3lN5b5MA=
87,-14,TrheEAwJAW4m1bdXDk0eHhviHbE=,6bAj5vtHsC7QFqG1uas3lN5b5MA=
83,-15,TrheEAwJAW4m1bdXDk0eHhviHbE=,6bAj5vtHsC7QFqG1uas3lN5b5MA=
85,-9,TrheEAwJAW4m1bdXDk0eHhviHbE=,6bAj5vtHsC7QFqG1uas3lN5b5MA=
82,-11,TrheEAwJAW4m1bdXDk0eHhviHbE=,6bAj5vtHsC7QFqG1uas3lN5b5MA=
83,-11,TrheEAwJAW4m1bdXDk0eHhviHbE=,6bAj5vtHsC7QFqG1uas3lN5b5MA=
84,-11,TrheEAwJAW4m1bdXDk0eHhviHbE=,6bAj5vtHsC7QFqG1uas3lN5b5MA=
85,-11,TrheEAwJAW4m1bdXDk0eHhviHbE=,6bAj5vtHsC7QFqG1uas3lN5b5MA=
87,-15,TrheEAwJAW4m1bdXDk0eHhviHbE=,6bAj5vtHsC7QFqG1uas3lN5b5MA=
80,-13,TrheEAwJAW4m1bdXDk0eHhviHbE=,6bAj5vtHsC7QFqG1uas3lN5b5MA=
87,-9,TrheEAwJAW4m1bdXDk0eHhviHbE=,6bAj5vtHsC7QFqG1uas3lN5b5MA=
86,-9,TrheEAwJAW4m1bdXDk0eHhviHbE=,6bAj5vtHsC7QFqG1uas3lN5b5MA=
84,-14,TrheEAwJAW4m1bdXDk0eHhviHbE=,6bAj5vtHsC7QFqG1uas3lN5b5MA=
86,-14,TrheEAwJAW4m1bdXDk0eHhviHbE=,6bAj5vtHsC7QFqG1uas3lN5b5MA=
81,-15,TrheEAwJAW4m1bdXDk0eHhviHbE=,6bAj5vtHsC7QFqG1uas3lN5b5MA=
85,-14,TrheEAwJAW4m1bdXDk0eHhviHbE=,6bAj5vtHsC7QFqG1uas3lN5b5MA=
84,-15,TrheEAwJAW4m1bdXDk0eHhviHbE=,6bAj5vtHsC7QFqG1uas3lN5b5MA=
82,-15,TrheEAwJAW4m1bdXDk0eHhviHbE=,6bAj5vtHsC7QFqG1uas3lN5b5MA=
86,-16,TrheEAwJAW4m1bdXDk0eHhviHbE=,6bAj5vtHsC7QFqG1uas3lN5b5MA=
83,-16,TrheEAwJAW4m1bdXDk0eHhviHbE=,6bAj5vtHsC7QFqG1uas3lN5b5MA=
86,-15,TrheEAwJAW4m1bdXDk0eHhviHbE=,6bAj5vtHsC7QFqG1uas3lN5b5MA=
80,-16,TrheEAwJAW4m1bdXDk0eHhviHbE=,6bAj5vtHsC7QFqG1uas3lN5b5MA=
85,-15,TrheEAwJAW4m1bdXDk0eHhviHbE=,6bAj5vtHsC7QFqG1uas3lN5b5MA=
82,-16,TrheEAwJAW4m1bdXDk0eHhviHbE=,6bAj5vtHsC7QFqG1uas3lN5b5MA=
85,-16,TrheEAwJAW4m1bdXDk0eHhviHbE=,6bAj5vtHsC7QFqG1uas3lN5b5MA=
84,-16,TrheEAwJAW4m1bdXDk0eHhviHbE=,6bAj5vtHsC7QFqG1uas3lN5b5MA=
81,-16,TrheEAwJAW4m1bdXDk0eHhviHbE=,6bAj5vtHsC7QFqG1uas3lN5b5MA=
87,-24,TrheEAwJAW4m1bdXDk0eHhviHbE=,6bAj5vtHsC7QFqG1uas3lN5b5MA=
80,-22,TrheEAwJAW4m1bdXDk0eHhviHbE=,6bAj5vtHsC7QFqG1uas3lN5b5MA=
80,-19,TrheEAwJAW4m1bdXDk0eHhviHbE=,6bAj5vtHsC7QFqG1uas3lN5b5MA=
81,-19,TrheEAwJAW4m1bdXDk0eHhviHbE=,6bAj5vtHsC7QFqG1uas3lN5b5MA=
82,-19,TrheEAwJAW4m1bdXDk0eHhviHbE=,6bAj5vtHsC7QFqG1uas3lN5b5MA=
83,-19,TrheEAwJAW4m1bdXDk0eHhviHbE=,6bAj5vtHsC7QFqG1uas3lN5b5MA=
80,-24,TrheEAwJAW4m1bdXDk0eHhviHbE=,6bAj5vtHsC7QFqG1uas3lN5b5MA=
84,-19,TrheEAwJAW4m1bdXDk0eHhviHbE=,6bAj5vtHsC7QFqG1uas3lN5b5MA=
85,-19,TrheEAwJAW4m1bdXDk0eHhviHbE=,6bAj5vtHsC7QFqG1uas3lN5b5MA=
80,-23,TrheEAwJAW4m1bdXDk0eHhviHbE=,6bAj5vtHsC7QFqG1uas3lN5b5MA=
87,-19,TrheEAwJAW4m1bdXDk0eHhviHbE=,6bAj5vtHsC7QFqG1uas3lN5b5MA=
80,-18,TrheEAwJAW4m1bdXDk0eHhviHbE=,6bAj5vtHsC7QFqG1uas3lN5b5MA=
81,-22,TrheEAwJAW4m1bdXDk0eHhviHbE=,6bAj5vtHsC7QFqG1uas3lN5b5MA=
80,-20,TrheEAwJAW4m1bdXDk0eHhviHbE=,6bAj5vtHsC7QFqG1uas3lN5b5MA=
81,-18,TrheEAwJAW4m1bdXDk0eHhviHbE=,6bAj5vtHsC7QFqG1uas3lN5b5MA=
86,-24,TrheEAwJAW4m1bdXDk0eHhviHbE=,6bAj5vtHsC7QFqG1uas3lN5b5MA=
81,-20,TrheEAwJAW4m1bdXDk0eHhviHbE=,6bAj5vtHsC7QFqG1uas3lN5b5MA=
86,-19,TrheEAwJAW4m1bdXDk0eHhviHbE=,6bAj5vtHsC7QFqG1uas3lN5b5MA=
86,-21,TrheEAwJAW4m1bdXDk0eHhviHbE=,6bAj5vtHsC7QFqG1uas3lN5b5MA=
87,-22,TrheEAwJAW4m1bdXDk0eHhviHbE=,6bAj5vtHsC7QFqG1uas3lN5b5MA=
87,-21,TrheEAwJAW4m1bdXDk0eHhviHbE=,6bAj5vtHsC7QFqG1uas3lN5b5MA=
81,-23,TrheEAwJAW4m1bdXDk0eHhviHbE=,6bAj5vtHsC7QFqG1uas3lN5b5MA=
87,-23,TrheEAwJAW4m1bdXDk0eHhviHbE=,6bAj5vtHsC7QFqG1uas3lN5b5MA=
85,-21,TrheEAwJAW4m1bdXDk0eHhviHbE=,6bAj5vtHsC7QFqG1uas3lN5b5MA=
85,-24,TrheEAwJAW4m1bdXDk0eHhviHbE=,6bAj5vtHsC7QFqG1uas3lN5b5MA=
84,-24,TrheEAwJAW4m1bdXDk0eHhviHbE=,6bAj5vtHsC7QFqG1uas3lN5b5MA=
87,-20,TrheEAwJAW4m1bdXDk0eHhviHbE=,6bAj5vtHsC7QFqG1uas3lN5b5MA=
86,-22,TrheEAwJAW4m1bdXDk0eHhviHbE=,6bAj5vtHsC7QFqG1uas3lN5b5MA=
86,-20,TrheEAwJAW4m1bdXDk0eHhviHbE=,6bAj5vtHsC7QFqG1uas3lN5b5MA=
85,-20,TrheEAwJAW4m1bdXDk0eHhviHbE=,6bAj5vtHsC7QFqG1uas3lN5b5MA=
82,-23,TrheEAwJAW4m1bdXDk0eHhviHbE=,6bAj5vtHsC7QFqG1uas3lN5b5MA=
84,-21,TrheEAwJAW4m1bdXDk0eHhviHbE=,6bAj5vtHsC7QFqG1uas3lN5b5MA=
85,-22,TrheEAwJAW4m1bdXDk0eHhviHbE=,6bAj5vtHsC7QFqG1uas3lN5b5MA=
80,-21,TrheEAwJAW4m1bdXDk0eHhviHbE=,6bAj5vtHsC7QFqG1uas3lN5b5MA=
84,-20,TrheEAwJAW4m1bdXDk0eHhviHbE=,6bAj5vtHsC7QFqG1uas3lN5b5MA=
83,-21,TrheEAwJAW4m1bdXDk0eHhviHbE=,6bAj5vtHsC7QFqG1uas3lN5b5MA=
83,-24,TrheEAwJAW4m1bdXDk0eHhviHbE=,6bAj5vtHsC7QFqG1uas3lN5b5MA=
87,-17,TrheEAwJAW4m1bdXDk0eHhviHbE=,6bAj5vtHsC7QFqG1uas3lN5b5MA=
82,-21,TrheEAwJAW4m1bdXDk0eHhviHbE=,6bAj5vtHsC7QFqG1uas3lN5b5MA=
82,-20,TrheEAwJAW4m1bdXDk0eHhviHbE=,6bAj5vtHsC7QFqG1uas3lN5b5MA=
83,-20,TrheEAwJAW4m1bdXDk0eHhviHbE=,6bAj5vtHsC7QFqG1uas3lN5b5MA=
84,-22,TrheEAwJAW4m1bdXDk0eHhviHbE=,6bAj5vtHsC7QFqG1uas3lN5b5MA=
81,-21,TrheEAwJAW4m1bdXDk0eHhviHbE=,6bAj5vtHsC7QFqG1uas3lN5b5MA=
83,-22,TrheEAwJAW4m1bdXDk0eHhviHbE=,6bAj5vtHsC7QFqG1uas3lN5b5MA=
86,-23,TrheEAwJAW4m1bdXDk0eHhviHbE=,6bAj5vtHsC7QFqG1uas3lN5b5MA=
81,-24,TrheEAwJAW4m1bdXDk0eHhviHbE=,6bAj5vtHsC7QFqG1uas3lN5b5MA=
87,-18,TrheEAwJAW4m1bdXDk0eHhviHbE=,6bAj5vtHsC7QFqG1uas3lN5b5MA=
85,-23,TrheEAwJAW4m1bdXDk0eHhviHbE=,6bAj5vtHsC7QFqG1uas3lN5b5MA=
82,-24,TrheEAwJAW4m1bdXDk0eHhviHbE=,6bAj5vtHsC7QFqG1uas3lN5b5MA=
82,-22,TrheEAwJAW4m1bdXDk0eHhviHbE=,6bAj5vtHsC7QFqG1uas3lN5b5MA=
82,-17,TrheEAwJAW4m1bdXDk0eHhviHbE=,6bAj5vtHsC7QFqG1uas3lN5b5MA=
84,-23,TrheEAwJAW4m1bdXDk0eHhviHbE=,6bAj5vtHsC7QFqG1uas3lN5b5MA=
83,-23,TrheEAwJAW4m1bdXDk0eHhviHbE=,6bAj5vtHsC7QFqG1uas3lN5b5MA=
86,-17,TrheEAwJAW4m1bdXDk0eHhviHbE=,6bAj5vtHsC7QFqG1uas3lN5b5MA=
86,-18,TrheEAwJAW4m1bdXDk0eHhviHbE=,6bAj5vtHsC7QFqG1uas3lN5b5MA=
82,-18,TrheEAwJAW4m1bdXDk0eHhviHbE=,6bAj5vtHsC7QFqG1uas3lN5b5MA=
80,-17,TrheEAwJAW4m1bdXDk0eHhviHbE=,6bAj5vtHsC7QFqG1uas3lN5b5MA=
84,-17,TrheEAwJAW4m1bdXDk0eHhviHbE=,6bAj5vtHsC7QFqG1uas3lN5b5MA=
85,-18,TrheEAwJAW4m1bdXDk0eHhviHbE=,6bAj5vtHsC7QFqG1uas3lN5b5MA=
83,-17,TrheEAwJAW4m1bdXDk0eHhviHbE=,6bAj5vtHsC7QFqG1uas3lN5b5MA=
81,-17,TrheEAwJAW4m1bdXDk0eHhviHbE=,6bAj5vtHsC7QFqG1uas3lN5b5MA=
84,-18,TrheEAwJAW4m1bdXDk0eHhviHbE=,6bAj5vtHsC7QFqG1uas3lN5b5MA=
83,-18,TrheEAwJAW4m1bdXDk0eHhviHbE=,6bAj5vtHsC7QFqG1uas3lN5b5MA=
85,-17,TrheEAwJAW4m1bdXDk0eHhviHbE=,6bAj5vtHsC7QFqG1uas3lN5b5MA=
76,-18,rE2amJezxCTrhA40gU4xhonWgy0=,6bAj5vtHsC7QFqG1uas3lN5b5MA=
77,-18,rE2amJezxCTrhA40gU4xhonWgy0=,6bAj5vtHsC7QFqG1uas3lN5b5MA=
75,-18,rE2amJezxCTrhA40gU4xhonWgy0=,6bAj5vtHsC7QFqG1uas3lN5b5MA=
75,-19,rE2amJezxCTrhA40gU4xhonWgy0=,6bAj5vtHsC7QFqG1uas3lN5b5MA=
78,-22,rE2amJezxCTrhA40gU4xhonWgy0=,6bAj5vtHsC7QFqG1uas3lN5b5MA=
77,-22,rE2amJezxCTrhA40gU4xhonWgy0=,6bAj5vtHsC7QFqG1uas3lN5b5MA=
77,-24,rE2amJezxCTrhA40gU4xhonWgy0=,6bAj5vtHsC7QFqG1uas3lN5b5MA=
76,-22,rE2amJezxCTrhA40gU4xhonWgy0=,6bAj5vtHsC7QFqG1uas3lN5b5MA=
73,-20,rE2amJezxCTrhA40gU4xhonWgy0=,6bAj5vtHsC7QFqG1uas3lN5b5MA=
74,-19,rE2amJezxCTrhA40gU4xhonWgy0=,6bAj5vtHsC7QFqG1uas3lN5b5MA=
75,-24,rE2amJezxCTrhA40gU4xhonWgy0=,6bAj5vtHsC7QFqG1uas3lN5b5MA=
74,-18,rE2amJezxCTrhA40gU4xhonWgy0=,6bAj5vtHsC7QFqG1uas3lN5b5MA=
75,-22,rE2amJezxCTrhA40gU4xhonWgy0=,6bAj5vtHsC7QFqG1uas3lN5b5MA=
78,-23,rE2amJezxCTrhA40gU4xhonWgy0=,6bAj5vtHsC7QFqG1uas3lN5b5MA=
73,-18,rE2amJezxCTrhA40gU4xhonWgy0=,6bAj5vtHsC7QFqG1uas3lN5b5MA=
77,-23,rE2amJezxCTrhA40gU4xhonWgy0=,6bAj5vtHsC7QFqG1uas3lN5b5MA=
74,-22,rE2amJezxCTrhA40gU4xhonWgy0=,6bAj5vtHsC7QFqG1uas3lN5b5MA=
74,-24,rE2amJezxCTrhA40gU4xhonWgy0=,6bAj5vtHsC7QFqG1uas3lN5b5MA=
76,-23,rE2amJezxCTrhA40gU4xhonWgy0=,6bAj5vtHsC7QFqG1uas3lN5b5MA=
78,-19,rE2amJezxCTrhA40gU4xhonWgy0=,6bAj5vtHsC7QFqG1uas3lN5b5MA=
77,-19,rE2amJezxCTrhA40gU4xhonWgy0=,6bAj5vtHsC7QFqG1uas3lN5b5MA=
75,-23,rE2amJezxCTrhA40gU4xhonWgy0=,6bAj5vtHsC7QFqG1uas3lN5b5MA=
73,-22,rE2amJezxCTrhA40gU4xhonWgy0=,6bAj5vtHsC7QFqG1uas3lN5b5MA=
73,-24,rE2amJezxCTrhA40gU4xhonWgy0=,6bAj5vtHsC7QFqG1uas3lN5b5MA=
74,-23,rE2amJezxCTrhA40gU4xhonWgy0=,6bAj5vtHsC7QFqG1uas3lN5b5MA=
78,-24,rE2amJezxCTrhA40gU4xhonWgy0=,6bAj5vtHsC7QFqG1uas3lN5b5MA=
73,-19,rE2amJezxCTrhA40gU4xhonWgy0=,6bAj5vtHsC7QFqG1uas3lN5b5MA=
76,-24,rE2amJezxCTrhA40gU4xhonWgy0=,6bAj5vtHsC7QFqG1uas3lN5b5MA=
78,-20,rE2amJezxCTrhA40gU4xhonWgy0=,6bAj5vtHsC7QFqG1uas3lN5b5MA=
78,-21,rE2amJezxCTrhA40gU4xhonWgy0=,6bAj5vtHsC7QFqG1uas3lN5b5MA=
77,-21,rE2amJezxCTrhA40gU4xhonWgy0=,6bAj5vtHsC7QFqG1uas3lN5b5MA=
76,-21,rE2amJezxCTrhA40gU4xhonWgy0=,6bAj5vtHsC7QFqG1uas3lN5b5MA=
75,-21,rE2amJezxCTrhA40gU4xhonWgy0=,6bAj5vtHsC7QFqG1uas3lN5b5MA=
74,-21,rE2amJezxCTrhA40gU4xhonWgy0=,6bAj5vtHsC7QFqG1uas3lN5b5MA=
77,-20,rE2amJezxCTrhA40gU4xhonWgy0=,6bAj5vtHsC7QFqG1uas3lN5b5MA=
76,-20,rE2amJezxCTrhA40gU4xhonWgy0=,6bAj5vtHsC7QFqG1uas3lN5b5MA=
73,-21,rE2amJezxCTrhA40gU4xhonWgy0=,6bAj5vtHsC7QFqG1uas3lN5b5MA=
75,-20,rE2amJezxCTrhA40gU4xhonWgy0=,6bAj5vtHsC7QFqG1uas3lN5b5MA=
76,-19,rE2amJezxCTrhA40gU4xhonWgy0=,6bAj5vtHsC7QFqG1uas3lN5b5MA=
74,-20,rE2amJezxCTrhA40gU4xhonWgy0=,6bAj5vtHsC7QFqG1uas3lN5b5MA=
78,-18,rE2amJezxCTrhA40gU4xhonWgy0=,6bAj5vtHsC7QFqG1uas3lN5b5MA=
73,-23,rE2amJezxCTrhA40gU4xhonWgy0=,6bAj5vtHsC7QFqG1uas3lN5b5MA=
65,-18,rE2amJezxCTrhA40gU4xhonWgy0=,6bAj5vtHsC7QFqG1uas3lN5b5MA=
72,-23,rE2amJezxCTrhA40gU4xhonWgy0=,6bAj5vtHsC7QFqG1uas3lN5b5MA=
65,-24,rE2amJezxCTrhA40gU4xhonWgy0=,6bAj5vtHsC7QFqG1uas3lN5b5MA=
66,-18,rE2amJezxCTrhA40gU4xhonWgy0=,6bAj5vtHsC7QFqG1uas3lN5b5MA=
67,-18,rE2amJezxCTrhA40gU4xhonWgy0=,6bAj5vtHsC7QFqG1uas3lN5b5MA=
68,-18,rE2amJezxCTrhA40gU4xhonWgy0=,6bAj5vtHsC7QFqG1uas3lN5b5MA=
72,-24,rE2amJezxCTrhA40gU4xhonWgy0=,6bAj5vtHsC7QFqG1uas3lN5b5MA=
72,-22,rE2amJezxCTrhA40gU4xhonWgy0=,6bAj5vtHsC7QFqG1uas3lN5b5MA=
66,-24,rE2amJezxCTrhA40gU4xhonWgy0=,6bAj5vtHsC7QFqG1uas3lN5b5MA=
72,-21,rE2amJezxCTrhA40gU4xhonWgy0=,6bAj5vtHsC7QFqG1uas3lN5b5MA=
69,-18,rE2amJezxCTrhA40gU4xhonWgy0=,6bAj5vtHsC7QFqG1uas3lN5b5MA=
67,-24,rE2amJezxCTrhA40gU4xhonWgy0=,6bAj5vtHsC7QFqG1uas3lN5b5MA=
70,-18,rE2amJezxCTrhA40gU4xhonWgy0=,6bAj5vtHsC7QFqG1uas3lN5b5MA=
68,-24,rE2amJezxCTrhA40gU4xhonWgy0=,6bAj5vtHsC7QFqG1uas3lN5b5MA=
71,-18,rE2amJezxCTrhA40gU4xhonWgy0=,6bAj5vtHsC7QFqG1uas3lN5b5MA=
70,-24,rE2amJezxCTrhA40gU4xhonWgy0=,6bAj5vtHsC7QFqG1uas3lN5b5MA=
72,-19,rE2amJezxCTrhA40gU4xhonWgy0=,6bAj5vtHsC7QFqG1uas3lN5b5MA=
71,-24,rE2amJezxCTrhA40gU4xhonWgy0=,6bAj5vtHsC7QFqG1uas3lN5b5MA=
64,-23,rE2amJezxCTrhA40gU4xhonWgy0=,6bAj5vtHsC7QFqG1uas3lN5b5MA=
65,-23,rE2amJezxCTrhA40gU4xhonWgy0=,6bAj5vtHsC7QFqG1uas3lN5b5MA=
66,-23,rE2amJezxCTrhA40gU4xhonWgy0=,6bAj5vtHsC7QFqG1uas3lN5b5MA=
67,-23,rE2amJezxCTrhA40gU4xhonWgy0=,6bAj5vtHsC7QFqG1uas3lN5b5MA=
68,-23,rE2amJezxCTrhA40gU4xhonWgy0=,6bAj5vtHsC7QFqG1uas3lN5b5MA=
69,-23,rE2amJezxCTrhA40gU4xhonWgy0=,6bAj5vtHsC7QFqG1uas3lN5b5MA=
69,-24,rE2amJezxCTrhA40gU4xhonWgy0=,6bAj5vtHsC7QFqG1uas3lN5b5MA=
70,-23,rE2amJezxCTrhA40gU4xhonWgy0=,6bAj5vtHsC7QFqG1uas3lN5b5MA=
71,-23,rE2amJezxCTrhA40gU4xhonWgy0=,6bAj5vtHsC7QFqG1uas3lN5b5MA=
64,-22,rE2amJezxCTrhA40gU4xhonWgy0=,6bAj5vtHsC7QFqG1uas3lN5b5MA=
65,-22,rE2amJezxCTrhA40gU4xhonWgy0=,6bAj5vtHsC7QFqG1uas3lN5b5MA=
66,-22,rE2amJezxCTrhA40gU4xhonWgy0=,6bAj5vtHsC7QFqG1uas3lN5b5MA=
67,-22,rE2amJezxCTrhA40gU4xhonWgy0=,6bAj5vtHsC7QFqG1uas3lN5b5MA=
68,-22,rE2amJezxCTrhA40gU4xhonWgy0=,6bAj5vtHsC7QFqG1uas3lN5b5MA=
69,-22,rE2amJezxCTrhA40gU4xhonWgy0=,6bAj5vtHsC7QFqG1uas3lN5b5MA=
70,-22,rE2amJezxCTrhA40gU4xhonWgy0=,6bAj5vtHsC7QFqG1uas3lN5b5MA=
71,-22,rE2amJezxCTrhA40gU4xhonWgy0=,6bAj5vtHsC7QFqG1uas3lN5b5MA=
64,-21,rE2amJezxCTrhA40gU4xhonWgy0=,6bAj5vtHsC7QFqG1uas3lN5b5MA=
65,-21,rE2amJezxCTrhA40gU4xhonWgy0=,6bAj5vtHsC7QFqG1uas3lN5b5MA=
66,-21,rE2amJezxCTrhA40gU4xhonWgy0=,6bAj5vtHsC7QFqG1uas3lN5b5MA=
67,-21,rE2amJezxCTrhA40gU4xhonWgy0=,6bAj5vtHsC7QFqG1uas3lN5b5MA=
72,-18,rE2amJezxCTrhA40gU4xhonWgy0=,6bAj5vtHsC7QFqG1uas3lN5b5MA=
68,-21,rE2amJezxCTrhA40gU4xhonWgy0=,6bAj5vtHsC7QFqG1uas3lN5b5MA=
69,-21,rE2amJezxCTrhA40gU4xhonWgy0=,6bAj5vtHsC7QFqG1uas3lN5b5MA=
70,-21,rE2amJezxCTrhA40gU4xhonWgy0=,6bAj5vtHsC7QFqG1uas3lN5b5MA=
71,-21,rE2amJezxCTrhA40gU4xhonWgy0=,6bAj5vtHsC7QFqG1uas3lN5b5MA=
64,-20,rE2amJezxCTrhA40gU4xhonWgy0=,6bAj5vtHsC7QFqG1uas3lN5b5MA=
65,-20,rE2amJezxCTrhA40gU4xhonWgy0=,6bAj5vtHsC7QFqG1uas3lN5b5MA=
66,-20,rE2amJezxCTrhA40gU4xhonWgy0=,6bAj5vtHsC7QFqG1uas3lN5b5MA=
67,-20,rE2amJezxCTrhA40gU4xhonWgy0=,6bAj5vtHsC7QFqG1uas3lN5b5MA=
68,-20,rE2amJezxCTrhA40gU4xhonWgy0=,6bAj5vtHsC7QFqG1uas3lN5b5MA=
72,-20,rE2amJezxCTrhA40gU4xhonWgy0=,6bAj5vtHsC7QFqG1uas3lN5b5MA=
69,-20,rE2amJezxCTrhA40gU4xhonWgy0=,6bAj5vtHsC7QFqG1uas3lN5b5MA=
70,-20,rE2amJezxCTrhA40gU4xhonWgy0=,6bAj5vtHsC7QFqG1uas3lN5b5MA=
71,-20,rE2amJezxCTrhA40gU4xhonWgy0=,6bAj5vtHsC7QFqG1uas3lN5b5MA=
64,-19,rE2amJezxCTrhA40gU4xhonWgy0=,6bAj5vtHsC7QFqG1uas3lN5b5MA=
66,-19,rE2amJezxCTrhA40gU4xhonWgy0=,6bAj5vtHsC7QFqG1uas3lN5b5MA=
67,-19,rE2amJezxCTrhA40gU4xhonWgy0=,6bAj5vtHsC7QFqG1uas3lN5b5MA=
65,-19,rE2amJezxCTrhA40gU4xhonWgy0=,6bAj5vtHsC7QFqG1uas3lN5b5MA=
68,-19,rE2amJezxCTrhA40gU4xhonWgy0=,6bAj5vtHsC7QFqG1uas3lN5b5MA=
69,-19,rE2amJezxCTrhA40gU4xhonWgy0=,6bAj5vtHsC7QFqG1uas3lN5b5MA=
70,-19,rE2amJezxCTrhA40gU4xhonWgy0=,6bAj5vtHsC7QFqG1uas3lN5b5MA=
71,-19,rE2amJezxCTrhA40gU4xhonWgy0=,6bAj5vtHsC7QFqG1uas3lN5b5MA=
68,-17,rE2amJezxCTrhA40gU4xhonWgy0=,6bAj5vtHsC7QFqG1uas3lN5b5MA=
67,-17,rE2amJezxCTrhA40gU4xhonWgy0=,6bAj5vtHsC7QFqG1uas3lN5b5MA=
70,-17,rE2amJezxCTrhA40gU4xhonWgy0=,6bAj5vtHsC7QFqG1uas3lN5b5MA=
69,-17,rE2amJezxCTrhA40gU4xhonWgy0=,6bAj5vtHsC7QFqG1uas3lN5b5MA=
76,-17,rE2amJezxCTrhA40gU4xhonWgy0=,6bAj5vtHsC7QFqG1uas3lN5b5MA=
77,-17,rE2amJezxCTrhA40gU4xhonWgy0=,6bAj5vtHsC7QFqG1uas3lN5b5MA=
71,-17,rE2amJezxCTrhA40gU4xhonWgy0=,6bAj5vtHsC7QFqG1uas3lN5b5MA=
78,-17,rE2amJezxCTrhA40gU4xhonWgy0=,6bAj5vtHsC7QFqG1uas3lN5b5MA=
72,-17,rE2amJezxCTrhA40gU4xhonWgy0=,6bAj5vtHsC7QFqG1uas3lN5b5MA=
73,-17,rE2amJezxCTrhA40gU4xhonWgy0=,6bAj5vtHsC7QFqG1uas3lN5b5MA=
64,-24,rE2amJezxCTrhA40gU4xhonWgy0=,6bAj5vtHsC7QFqG1uas3lN5b5MA=
74,-17,rE2amJezxCTrhA40gU4xhonWgy0=,6bAj5vtHsC7QFqG1uas3lN5b5MA=
64,-18,rE2amJezxCTrhA40gU4xhonWgy0=,6bAj5vtHsC7QFqG1uas3lN5b5MA=
75,-17,rE2amJezxCTrhA40gU4xhonWgy0=,6bAj5vtHsC7QFqG1uas3lN5b5MA=
66,-17,rE2amJezxCTrhA40gU4xhonWgy0=,6bAj5vtHsC7QFqG1uas3lN5b5MA=
65,-17,rE2amJezxCTrhA40gU4xhonWgy0=,6bAj5vtHsC7QFqG1uas3lN5b5MA=
79,-17,rE2amJezxCTrhA40gU4xhonWgy0=,6bAj5vtHsC7QFqG1uas3lN5b5MA=
79,-20,rE2amJezxCTrhA40gU4xhonWgy0=,6bAj5vtHsC7QFqG1uas3lN5b5MA=
79,-18,rE2amJezxCTrhA40gU4xhonWgy0=,6bAj5vtHsC7QFqG1uas3lN5b5MA=
79,-19,rE2amJezxCTrhA40gU4xhonWgy0=,6bAj5vtHsC7QFqG1uas3lN5b5MA=
79,-21,rE2amJezxCTrhA40gU4xhonWgy0=,6bAj5vtHsC7QFqG1uas3lN5b5MA=
79,-24,rE2amJezxCTrhA40gU4xhonWgy0=,6bAj5vtHsC7QFqG1uas3lN5b5MA=
79,-23,rE2amJezxCTrhA40gU4xhonWgy0=,6bAj5vtHsC7QFqG1uas3lN5b5MA=
79,-22,rE2amJezxCTrhA40gU4xhonWgy0=,6bAj5vtHsC7QFqG1uas3lN5b5MA=
64,-17,rE2amJezxCTrhA40gU4xhonWgy0=,6bAj5vtHsC7QFqG1uas3lN5b5MA=
64,-10,rE2amJezxCTrhA40gU4xhonWgy0=,6bAj5vtHsC7QFqG1uas3lN5b5MA=
70,-11,rE2amJezxCTrhA40gU4xhonWgy0=,6bAj5vtHsC7QFqG1uas3lN5b5MA=
68,-11,rE2amJezxCTrhA40gU4xhonWgy0=,6bAj5vtHsC7QFqG1uas3lN5b5MA=
67,-11,rE2amJezxCTrhA40gU4xhonWgy0=,6bAj5vtHsC7QFqG1uas3lN5b5MA=
69,-11,rE2amJezxCTrhA40gU4xhonWgy0=,6bAj5vtHsC7QFqG1uas3lN5b5MA=
66,-11,rE2amJezxCTrhA40gU4xhonWgy0=,6bAj5vtHsC7QFqG1uas3lN5b5MA=
65,-11,rE2amJezxCTrhA40gU4xhonWgy0=,6bAj5vtHsC7QFqG1uas3lN5b5MA=
64,-11,rE2amJezxCTrhA40gU4xhonWgy0=,6bAj5vtHsC7QFqG1uas3lN5b5MA=
70,-12,rE2amJezxCTrhA40gU4xhonWgy0=,6bAj5vtHsC7QFqG1uas3lN5b5MA=
69,-12,rE2amJezxCTrhA40gU4xhonWgy0=,6bAj5vtHsC7QFqG1uas3lN5b5MA=
68,-12,rE2amJezxCTrhA40gU4xhonWgy0=,6bAj5vtHsC7QFqG1uas3lN5b5MA=
67,-12,rE2amJezxCTrhA40gU4xhonWgy0=,6bAj5vtHsC7QFqG1uas3lN5b5MA=
66,-12,rE2amJezxCTrhA40gU4xhonWgy0=,6bAj5vtHsC7QFqG1uas3lN5b5MA=
65,-12,rE2amJezxCTrhA40gU4xhonWgy0=,6bAj5vtHsC7QFqG1uas3lN5b5MA=
64,-12,rE2amJezxCTrhA40gU4xhonWgy0=,6bAj5vtHsC7QFqG1uas3lN5b5MA=
70,-13,rE2amJezxCTrhA40gU4xhonWgy0=,6bAj5vtHsC7QFqG1uas3lN5b5MA=
69,-13,rE2amJezxCTrhA40gU4xhonWgy0=,6bAj5vtHsC7QFqG1uas3lN5b5MA=
68,-13,rE2amJezxCTrhA40gU4xhonWgy0=,6bAj5vtHsC7QFqG1uas3lN5b5MA=
67,-13,rE2amJezxCTrhA40gU4xhonWgy0=,6bAj5vtHsC7QFqG1uas3lN5b5MA=
66,-13,rE2amJezxCTrhA40gU4xhonWgy0=,6bAj5vtHsC7QFqG1uas3lN5b5MA=
65,-13,rE2amJezxCTrhA40gU4xhonWgy0=,6bAj5vtHsC7QFqG1uas3lN5b5MA=
64,-13,rE2amJezxCTrhA40gU4xhonWgy0=,6bAj5vtHsC7QFqG1uas3lN5b5MA=
70,-14,rE2amJezxCTrhA40gU4xhonWgy0=,6bAj5vtHsC7QFqG1uas3lN5b5MA=
69,-14,rE2amJezxCTrhA40gU4xhonWgy0=,6bAj5vtHsC7QFqG1uas3lN5b5MA=
68,-14,rE2amJezxCTrhA40gU4xhonWgy0=,6bAj5vtHsC7QFqG1uas3lN5b5MA=
67,-14,rE2amJezxCTrhA40gU4xhonWgy0=,6bAj5vtHsC7QFqG1uas3lN5b5MA=
70,-10,rE2amJezxCTrhA40gU4xhonWgy0=,6bAj5vtHsC7QFqG1uas3lN5b5MA=
66,-14,rE2amJezxCTrhA40gU4xhonWgy0=,6bAj5vtHsC7QFqG1uas3lN5b5MA=
64,-14,rE2amJezxCTrhA40gU4xhonWgy0=,6bAj5vtHsC7QFqG1uas3lN5b5MA=
69,-10,rE2amJezxCTrhA40gU4xhonWgy0=,6bAj5vtHsC7QFqG1uas3lN5b5MA=
65,-14,rE2amJezxCTrhA40gU4xhonWgy0=,6bAj5vtHsC7QFqG1uas3lN5b5MA=
70,-15,rE2amJezxCTrhA40gU4xhonWgy0=,6bAj5vtHsC7QFqG1uas3lN5b5MA=
69,-15,rE2amJezxCTrhA40gU4xhonWgy0=,6bAj5vtHsC7QFqG1uas3lN5b5MA=
68,-15,rE2amJezxCTrhA40gU4xhonWgy0=,6bAj5vtHsC7QFqG1uas3lN5b5MA=
67,-15,rE2amJezxCTrhA40gU4xhonWgy0=,6bAj5vtHsC7QFqG1uas3lN5b5MA=
68,-10,rE2amJezxCTrhA40gU4xhonWgy0=,6bAj5vtHsC7QFqG1uas3lN5b5MA=
67,-10,rE2amJezxCTrhA40gU4xhonWgy0=,6bAj5vtHsC7QFqG1uas3lN5b5MA=
66,-10,rE2amJezxCTrhA40gU4xhonWgy0=,6bAj5vtHsC7QFqG1uas3lN5b5MA=
65,-10,rE2amJezxCTrhA40gU4xhonWgy0=,6bAj5vtHsC7QFqG1uas3lN5b5MA=
64,-5,rE2amJezxCTrhA40gU4xhonWgy0=,6bAj5vtHsC7QFqG1uas3lN5b5MA=
65,-5,rE2amJezxCTrhA40gU4xhonWgy0=,6bAj5vtHsC7QFqG1uas3lN5b5MA=
66,-5,rE2amJezxCTrhA40gU4xhonWgy0=,6bAj5vtHsC7QFqG1uas3lN5b5MA=
67,-5,rE2amJezxCTrhA40gU4xhonWgy0=,6bAj5vtHsC7QFqG1uas3lN5b5MA=
68,-5,rE2amJezxCTrhA40gU4xhonWgy0=,6bAj5vtHsC7QFqG1uas3lN5b5MA=
69,-5,rE2amJezxCTrhA40gU4xhonWgy0=,6bAj5vtHsC7QFqG1uas3lN5b5MA=
70,-5,rE2amJezxCTrhA40gU4xhonWgy0=,6bAj5vtHsC7QFqG1uas3lN5b5MA=
71,-5,rE2amJezxCTrhA40gU4xhonWgy0=,6bAj5vtHsC7QFqG1uas3lN5b5MA=
64,-4,rE2amJezxCTrhA40gU4xhonWgy0=,6bAj5vtHsC7QFqG1uas3lN5b5MA=
65,-4,rE2amJezxCTrhA40gU4xhonWgy0=,6bAj5vtHsC7QFqG1uas3lN5b5MA=
67,-4,rE2amJezxCTrhA40gU4xhonWgy0=,6bAj5vtHsC7QFqG1uas3lN5b5MA=
66,-4,rE2amJezxCTrhA40gU4xhonWgy0=,6bAj5vtHsC7QFqG1uas3lN5b5MA=
69,-4,rE2amJezxCTrhA40gU4xhonWgy0=,6bAj5vtHsC7QFqG1uas3lN5b5MA=
64,-3,rE2amJezxCTrhA40gU4xhonWgy0=,6bAj5vtHsC7QFqG1uas3lN5b5MA=
65,-3,rE2amJezxCTrhA40gU4xhonWgy0=,6bAj5vtHsC7QFqG1uas3lN5b5MA=
68,-4,rE2amJezxCTrhA40gU4xhonWgy0=,6bAj5vtHsC7QFqG1uas3lN5b5MA=
67,-3,rE2amJezxCTrhA40gU4xhonWgy0=,6bAj5vtHsC7QFqG1uas3lN5b5MA=
66,-3,rE2amJezxCTrhA40gU4xhonWgy0=,6bAj5vtHsC7QFqG1uas3lN5b5MA=
68,-3,rE2amJezxCTrhA40gU4xhonWgy0=,6bAj5vtHsC7QFqG1uas3lN5b5MA=
69,-3,rE2amJezxCTrhA40gU4xhonWgy0=,6bAj5vtHsC7QFqG1uas3lN5b5MA=
64,-9,rE2amJezxCTrhA40gU4xhonWgy0=,6bAj5vtHsC7QFqG1uas3lN5b5MA=
65,-9,rE2amJezxCTrhA40gU4xhonWgy0=,6bAj5vtHsC7QFqG1uas3lN5b5MA=
65,-2,rE2amJezxCTrhA40gU4xhonWgy0=,6bAj5vtHsC7QFqG1uas3lN5b5MA=
64,-2,rE2amJezxCTrhA40gU4xhonWgy0=,6bAj5vtHsC7QFqG1uas3lN5b5MA=
66,-9,rE2amJezxCTrhA40gU4xhonWgy0=,6bAj5vtHsC7QFqG1uas3lN5b5MA=
67,-2,rE2amJezxCTrhA40gU4xhonWgy0=,6bAj5vtHsC7QFqG1uas3lN5b5MA=
66,-2,rE2amJezxCTrhA40gU4xhonWgy0=,6bAj5vtHsC7QFqG1uas3lN5b5MA=
68,-2,rE2amJezxCTrhA40gU4xhonWgy0=,6bAj5vtHsC7QFqG1uas3lN5b5MA=
69,-2,rE2amJezxCTrhA40gU4xhonWgy0=,6bAj5vtHsC7QFqG1uas3lN5b5MA=
70,-2,rE2amJezxCTrhA40gU4xhonWgy0=,6bAj5vtHsC7QFqG1uas3lN5b5MA=
71,-2,rE2amJezxCTrhA40gU4xhonWgy0=,6bAj5vtHsC7QFqG1uas3lN5b5MA=
68,-9,rE2amJezxCTrhA40gU4xhonWgy0=,6bAj5vtHsC7QFqG1uas3lN5b5MA=
70,-6,rE2amJezxCTrhA40gU4xhonWgy0=,6bAj5vtHsC7QFqG1uas3lN5b5MA=
69,-9,rE2amJezxCTrhA40gU4xhonWgy0=,6bAj5vtHsC7QFqG1uas3lN5b5MA=
71,-6,rE2amJezxCTrhA40gU4xhonWgy0=,6bAj5vtHsC7QFqG1uas3lN5b5MA=
67,-9,rE2amJezxCTrhA40gU4xhonWgy0=,6bAj5vtHsC7QFqG1uas3lN5b5MA=
70,-9,rE2amJezxCTrhA40gU4xhonWgy0=,6bAj5vtHsC7QFqG1uas3lN5b5MA=
68,-6,rE2amJezxCTrhA40gU4xhonWgy0=,6bAj5vtHsC7QFqG1uas3lN5b5MA=
64,-8,rE2amJezxCTrhA40gU4xhonWgy0=,6bAj5vtHsC7QFqG1uas3lN5b5MA=
66,-6,rE2amJezxCTrhA40gU4xhonWgy0=,6bAj5vtHsC7QFqG1uas3lN5b5MA=
65,-8,rE2amJezxCTrhA40gU4xhonWgy0=,6bAj5vtHsC7QFqG1uas3lN5b5MA=
66,-8,rE2amJezxCTrhA40gU4xhonWgy0=,6bAj5vtHsC7QFqG1uas3lN5b5MA=
67,-8,rE2amJezxCTrhA40gU4xhonWgy0=,6bAj5vtHsC7QFqG1uas3lN5b5MA=
65,-6,rE2amJezxCTrhA40gU4xhonWgy0=,6bAj5vtHsC7QFqG1uas3lN5b5MA=
64,-6,rE2amJezxCTrhA40gU4xhonWgy0=,6bAj5vtHsC7QFqG1uas3lN5b5MA=
69,-6,rE2amJezxCTrhA40gU4xhonWgy0=,6bAj5vtHsC7QFqG1uas3lN5b5MA=
68,-8,rE2amJezxCTrhA40gU4xhonWgy0=,6bAj5vtHsC7QFqG1uas3lN5b5MA=
67,-6,rE2amJezxCTrhA40gU4xhonWgy0=,6bAj5vtHsC7QFqG1uas3lN5b5MA=
71,-7,rE2amJezxCTrhA40gU4xhonWgy0=,6bAj5vtHsC7QFqG1uas3lN5b5MA=
69,-8,rE2amJezxCTrhA40gU4xhonWgy0=,6bAj5vtHsC7QFqG1uas3lN5b5MA=
70,-8,rE2amJezxCTrhA40gU4xhonWgy0=,6bAj5vtHsC7QFqG1uas3lN5b5MA=
64,-7,rE2amJezxCTrhA40gU4xhonWgy0=,6bAj5vtHsC7QFqG1uas3lN5b5MA=
69,-7,rE2amJezxCTrhA40gU4xhonWgy0=,6bAj5vtHsC7QFqG1uas3lN5b5MA=
65,-7,rE2amJezxCTrhA40gU4xhonWgy0=,6bAj5vtHsC7QFqG1uas3lN5b5MA=
70,-7,rE2amJezxCTrhA40gU4xhonWgy0=,6bAj5vtHsC7QFqG1uas3lN5b5MA=
66,-7,rE2amJezxCTrhA40gU4xhonWgy0=,6bAj5vtHsC7QFqG1uas3lN5b5MA=
68,-7,rE2amJezxCTrhA40gU4xhonWgy0=,6bAj5vtHsC7QFqG1uas3lN5b5MA=
67,-7,rE2amJezxCTrhA40gU4xhonWgy0=,6bAj5vtHsC7QFqG1uas3lN5b5MA=
65,-1,rE2amJezxCTrhA40gU4xhonWgy0=,6bAj5vtHsC7QFqG1uas3lN5b5MA=
66,-1,rE2amJezxCTrhA40gU4xhonWgy0=,6bAj5vtHsC7QFqG1uas3lN5b5MA=
67,-1,rE2amJezxCTrhA40gU4xhonWgy0=,6bAj5vtHsC7QFqG1uas3lN5b5MA=
68,-1,rE2amJezxCTrhA40gU4xhonWgy0=,6bAj5vtHsC7QFqG1uas3lN5b5MA=
69,-1,rE2amJezxCTrhA40gU4xhonWgy0=,6bAj5vtHsC7QFqG1uas3lN5b5MA=
70,-1,rE2amJezxCTrhA40gU4xhonWgy0=,6bAj5vtHsC7QFqG1uas3lN5b5MA=
72,-14,rE2amJezxCTrhA40gU4xhonWgy0=,6bAj5vtHsC7QFqG1uas3lN5b5MA=
76,-9,rE2amJezxCTrhA40gU4xhonWgy0=,6bAj5vtHsC7QFqG1uas3lN5b5MA=
76,-10,rE2amJezxCTrhA40gU4xhonWgy0=,6bAj5vtHsC7QFqG1uas3lN5b5MA=
77,-10,rE2amJezxCTrhA40gU4xhonWgy0=,6bAj5vtHsC7QFqG1uas3lN5b5MA=
78,-10,rE2amJezxCTrhA40gU4xhonWgy0=,6bAj5vtHsC7QFqG1uas3lN5b5MA=
77,-9,rE2amJezxCTrhA40gU4xhonWgy0=,6bAj5vtHsC7QFqG1uas3lN5b5MA=
78,-9,rE2amJezxCTrhA40gU4xhonWgy0=,6bAj5vtHsC7QFqG1uas3lN5b5MA=
72,-13,rE2amJezxCTrhA40gU4xhonWgy0=,6bAj5vtHsC7QFqG1uas3lN5b5MA=
73,-13,rE2amJezxCTrhA40gU4xhonWgy0=,6bAj5vtHsC7QFqG1uas3lN5b5MA=
74,-13,rE2amJezxCTrhA40gU4xhonWgy0=,6bAj5vtHsC7QFqG1uas3lN5b5MA=
76,-11,rE2amJezxCTrhA40gU4xhonWgy0=,6bAj5vtHsC7QFqG1uas3lN5b5MA=
75,-13,rE2amJezxCTrhA40gU4xhonWgy0=,6bAj5vtHsC7QFqG1uas3lN5b5MA=
76,-13,rE2amJezxCTrhA40gU4xhonWgy0=,6bAj5vtHsC7QFqG1uas3lN5b5MA=
71,-15,rE2amJezxCTrhA40gU4xhonWgy0=,6bAj5vtHsC7QFqG1uas3lN5b5MA=
77,-13,rE2amJezxCTrhA40gU4xhonWgy0=,6bAj5vtHsC7QFqG1uas3lN5b5MA=
72,-15,rE2amJezxCTrhA40gU4xhonWgy0=,6bAj5vtHsC7QFqG1uas3lN5b5MA=
77,-11,rE2amJezxCTrhA40gU4xhonWgy0=,6bAj5vtHsC7QFqG1uas3lN5b5MA=
78,-11,rE2amJezxCTrhA40gU4xhonWgy0=,6bAj5vtHsC7QFqG1uas3lN5b5MA=
73,-14,rE2amJezxCTrhA40gU4xhonWgy0=,6bAj5vtHsC7QFqG1uas3lN5b5MA=
78,-13,rE2amJezxCTrhA40gU4xhonWgy0=,6bAj5vtHsC7QFqG1uas3lN5b5MA=
76,-16,rE2amJezxCTrhA40gU4xhonWgy0=,6bAj5vtHsC7QFqG1uas3lN5b5MA=
71,-10,rE2amJezxCTrhA40gU4xhonWgy0=,6bAj5vtHsC7QFqG1uas3lN5b5MA=
74,-12,rE2amJezxCTrhA40gU4xhonWgy0=,6bAj5vtHsC7QFqG1uas3lN5b5MA=
75,-12,rE2amJezxCTrhA40gU4xhonWgy0=,6bAj5vtHsC7QFqG1uas3lN5b5MA=
71,-14,rE2amJezxCTrhA40gU4xhonWgy0=,6bAj5vtHsC7QFqG1uas3lN5b5MA=
73,-15,rE2amJezxCTrhA40gU4xhonWgy0=,6bAj5vtHsC7QFqG1uas3lN5b5MA=
76,-12,rE2amJezxCTrhA40gU4xhonWgy0=,6bAj5vtHsC7QFqG1uas3lN5b5MA=
77,-12,rE2amJezxCTrhA40gU4xhonWgy0=,6bAj5vtHsC7QFqG1uas3lN5b5MA=
78,-12,rE2amJezxCTrhA40gU4xhonWgy0=,6bAj5vtHsC7QFqG1uas3lN5b5MA=
72,-11,rE2amJezxCTrhA40gU4xhonWgy0=,6bAj5vtHsC7QFqG1uas3lN5b5MA=
72,-12,rE2amJezxCTrhA40gU4xhonWgy0=,6bAj5vtHsC7QFqG1uas3lN5b5MA=
74,-14,rE2amJezxCTrhA40gU4xhonWgy0=,6bAj5vtHsC7QFqG1uas3lN5b5MA=
72,-10,rE2amJezxCTrhA40gU4xhonWgy0=,6bAj5vtHsC7QFqG1uas3lN5b5MA=
71,-9,rE2amJezxCTrhA40gU4xhonWgy0=,6bAj5vtHsC7QFqG1uas3lN5b5MA=
73,-10,rE2amJezxCTrhA40gU4xhonWgy0=,6bAj5vtHsC7QFqG1uas3lN5b5MA=
78,-16,rE2amJezxCTrhA40gU4xhonWgy0=,6bAj5vtHsC7QFqG1uas3lN5b5MA=
76,-15,rE2amJezxCTrhA40gU4xhonWgy0=,6bAj5vtHsC7QFqG1uas3lN5b5MA=
77,-15,rE2amJezxCTrhA40gU4xhonWgy0=,6bAj5vtHsC7QFqG1uas3lN5b5MA=
73,-11,rE2amJezxCTrhA40gU4xhonWgy0=,6bAj5vtHsC7QFqG1uas3lN5b5MA=
72,-9,rE2amJezxCTrhA40gU4xhonWgy0=,6bAj5vtHsC7QFqG1uas3lN5b5MA=
75,-14,rE2amJezxCTrhA40gU4xhonWgy0=,6bAj5vtHsC7QFqG1uas3lN5b5MA=
73,-16,rE2amJezxCTrhA40gU4xhonWgy0=,6bAj5vtHsC7QFqG1uas3lN5b5MA=
71,-13,rE2amJezxCTrhA40gU4xhonWgy0=,6bAj5vtHsC7QFqG1uas3lN5b5MA=
71,-8,rE2amJezxCTrhA40gU4xhonWgy0=,6bAj5vtHsC7QFqG1uas3lN5b5MA=
76,-14,rE2amJezxCTrhA40gU4xhonWgy0=,6bAj5vtHsC7QFqG1uas3lN5b5MA=
77,-14,rE2amJezxCTrhA40gU4xhonWgy0=,6bAj5vtHsC7QFqG1uas3lN5b5MA=
73,-12,rE2amJezxCTrhA40gU4xhonWgy0=,6bAj5vtHsC7QFqG1uas3lN5b5MA=
78,-14,rE2amJezxCTrhA40gU4xhonWgy0=,6bAj5vtHsC7QFqG1uas3lN5b5MA=
74,-11,rE2amJezxCTrhA40gU4xhonWgy0=,6bAj5vtHsC7QFqG1uas3lN5b5MA=
74,-10,rE2amJezxCTrhA40gU4xhonWgy0=,6bAj5vtHsC7QFqG1uas3lN5b5MA=
73,-9,rE2amJezxCTrhA40gU4xhonWgy0=,6bAj5vtHsC7QFqG1uas3lN5b5MA=
71,-12,rE2amJezxCTrhA40gU4xhonWgy0=,6bAj5vtHsC7QFqG1uas3lN5b5MA=
78,-15,rE2amJezxCTrhA40gU4xhonWgy0=,6bAj5vtHsC7QFqG1uas3lN5b5MA=
74,-9,rE2amJezxCTrhA40gU4xhonWgy0=,6bAj5vtHsC7QFqG1uas3lN5b5MA=
75,-10,rE2amJezxCTrhA40gU4xhonWgy0=,6bAj5vtHsC7QFqG1uas3lN5b5MA=
77,-16,rE2amJezxCTrhA40gU4xhonWgy0=,6bAj5vtHsC7QFqG1uas3lN5b5MA=
75,-11,rE2amJezxCTrhA40gU4xhonWgy0=,6bAj5vtHsC7QFqG1uas3lN5b5MA=
75,-9,rE2amJezxCTrhA40gU4xhonWgy0=,6bAj5vtHsC7QFqG1uas3lN5b5MA=
71,-11,rE2amJezxCTrhA40gU4xhonWgy0=,6bAj5vtHsC7QFqG1uas3lN5b5MA=
72,-16,rE2amJezxCTrhA40gU4xhonWgy0=,6bAj5vtHsC7QFqG1uas3lN5b5MA=
67,-16,rE2amJezxCTrhA40gU4xhonWgy0=,6bAj5vtHsC7QFqG1uas3lN5b5MA=
68,-16,rE2amJezxCTrhA40gU4xhonWgy0=,6bAj5vtHsC7QFqG1uas3lN5b5MA=
69,-16,rE2amJezxCTrhA40gU4xhonWgy0=,6bAj5vtHsC7QFqG1uas3lN5b5MA=
70,-16,rE2amJezxCTrhA40gU4xhonWgy0=,6bAj5vtHsC7QFqG1uas3lN5b5MA=
71,-16,rE2amJezxCTrhA40gU4xhonWgy0=,6bAj5vtHsC7QFqG1uas3lN5b5MA=
71,-1,rE2amJezxCTrhA40gU4xhonWgy0=,6bAj5vtHsC7QFqG1uas3lN5b5MA=
64,-1,rE2amJezxCTrhA40gU4xhonWgy0=,6bAj5vtHsC7QFqG1uas3lN5b5MA=
71,-3,rE2amJezxCTrhA40gU4xhonWgy0=,6bAj5vtHsC7QFqG1uas3lN5b5MA=
75,-15,rE2amJezxCTrhA40gU4xhonWgy0=,6bAj5vtHsC7QFqG1uas3lN5b5MA=
74,-15,rE2amJezxCTrhA40gU4xhonWgy0=,6bAj5vtHsC7QFqG1uas3lN5b5MA=
71,-4,rE2amJezxCTrhA40gU4xhonWgy0=,6bAj5vtHsC7QFqG1uas3lN5b5MA=
74,-16,rE2amJezxCTrhA40gU4xhonWgy0=,6bAj5vtHsC7QFqG1uas3lN5b5MA=
70,-4,rE2amJezxCTrhA40gU4xhonWgy0=,6bAj5vtHsC7QFqG1uas3lN5b5MA=
66,-15,rE2amJezxCTrhA40gU4xhonWgy0=,6bAj5vtHsC7QFqG1uas3lN5b5MA=
70,-3,rE2amJezxCTrhA40gU4xhonWgy0=,6bAj5vtHsC7QFqG1uas3lN5b5MA=
65,-15,rE2amJezxCTrhA40gU4xhonWgy0=,6bAj5vtHsC7QFqG1uas3lN5b5MA=
64,-15,rE2amJezxCTrhA40gU4xhonWgy0=,6bAj5vtHsC7QFqG1uas3lN5b5MA=
65,-16,rE2amJezxCTrhA40gU4xhonWgy0=,6bAj5vtHsC7QFqG1uas3lN5b5MA=
66,-16,rE2amJezxCTrhA40gU4xhonWgy0=,6bAj5vtHsC7QFqG1uas3lN5b5MA=
79,-15,rE2amJezxCTrhA40gU4xhonWgy0=,6bAj5vtHsC7QFqG1uas3lN5b5MA=
79,-9,rE2amJezxCTrhA40gU4xhonWgy0=,6bAj5vtHsC7QFqG1uas3lN5b5MA=
79,-14,rE2amJezxCTrhA40gU4xhonWgy0=,6bAj5vtHsC7QFqG1uas3lN5b5MA=
79,-13,rE2amJezxCTrhA40gU4xhonWgy0=,6bAj5vtHsC7QFqG1uas3lN5b5MA=
79,-10,rE2amJezxCTrhA40gU4xhonWgy0=,6bAj5vtHsC7QFqG1uas3lN5b5MA=
79,-12,rE2amJezxCTrhA40gU4xhonWgy0=,6bAj5vtHsC7QFqG1uas3lN5b5MA=
79,-11,rE2amJezxCTrhA40gU4xhonWgy0=,6bAj5vtHsC7QFqG1uas3lN5b5MA=
79,-16,rE2amJezxCTrhA40gU4xhonWgy0=,6bAj5vtHsC7QFqG1uas3lN5b5MA=
64,-16,rE2amJezxCTrhA40gU4xhonWgy0=,6bAj5vtHsC7QFqG1uas3lN5b5MA=
75,-16,rE2amJezxCTrhA40gU4xhonWgy0=,6bAj5vtHsC7QFqG1uas3lN5b5MA=
