-7,-78,OhlafSuI6txlKH6SEFiH1d0OIcM=,fszq7GAK61ad6s1HvNgRuIsd29w=
-6,-78,OhlafSuI6txlKH6SEFiH1d0OIcM=,fszq7GAK61ad6s1HvNgRuIsd29w=
-2,-79,U9gMcGsEime1pLKYIX5PLjUOoNk=,fszq7GAK61ad6s1HvNgRuIsd29w=
-3,-79,U9gMcGsEime1pLKYIX5PLjUOoNk=,fszq7GAK61ad6s1HvNgRuIsd29w=
-4,-79,U9gMcGsEime1pLKYIX5PLjUOoNk=,fszq7GAK61ad6s1HvNgRuIsd29w=
-5,-79,U9gMcGsEime1pLKYIX5PLjUOoNk=,fszq7GAK61ad6s1HvNgRuIsd29w=
-6,-79,U9gMcGsEime1pLKYIX5PLjUOoNk=,fszq7GAK61ad6s1HvNgRuIsd29w=
-7,-79,U9gMcGsEime1pLKYIX5PLjUOoNk=,fszq7GAK61ad6s1HvNgRuIsd29w=
-2,-74,U9gMcGsEime1pLKYIX5PLjUOoNk=,fszq7GAK61ad6s1HvNgRuIsd29w=
-3,-74,U9gMcGsEime1pLKYIX5PLjUOoNk=,fszq7GAK61ad6s1HvNgRuIsd29w=
-5,-74,U9gMcGsEime1pLKYIX5PLjUOoNk=,fszq7GAK61ad6s1HvNgRuIsd29w=
-6,-74,U9gMcGsEime1pLKYIX5PLjUOoNk=,fszq7GAK61ad6s1HvNgRuIsd29w=
-4,-74,U9gMcGsEime1pLKYIX5PLjUOoNk=,fszq7GAK61ad6s1HvNgRuIsd29w=
-7,-74,U9gMcGsEime1pLKYIX5PLjUOoNk=,fszq7GAK61ad6s1HvNgRuIsd29w=
-2,-75,U9gMcGsEime1pLKYIX5PLjUOoNk=,fszq7GAK61ad6s1HvNgRuIsd29w=
-3,-75,U9gMcGsEime1pLKYIX5PLjUOoNk=,fszq7GAK61ad6s1HvNgRuIsd29w=
-4,-75,U9gMcGsEime1pLKYIX5PLjUOoNk=,fszq7GAK61ad6s1HvNgRuIsd29w=
-5,-75,U9gMcGsEime1pLKYIX5PLjUOoNk=,fszq7GAK61ad6s1HvNgRuIsd29w=
-7,-75,U9gMcGsEime1pLKYIX5PLjUOoNk=,fszq7GAK61ad6s1HvNgRuIsd29w=
-6,-75,U9gMcGsEime1pLKYIX5PLjUOoNk=,fszq7GAK61ad6s1HvNgRuIsd29w=
-2,-76,U9gMcGsEime1pLKYIX5PLjUOoNk=,fszq7GAK61ad6s1HvNgRuIsd29w=
-3,-76,U9gMcGsEime1pLKYIX5PLjUOoNk=,fszq7GAK61ad6s1HvNgRuIsd29w=
-5,-76,U9gMcGsEime1pLKYIX5PLjUOoNk=,fszq7GAK61ad6s1HvNgRuIsd29w=
-4,-76,U9gMcGsEime1pLKYIX5PLjUOoNk=,fszq7GAK61ad6s1HvNgRuIsd29w=
-6,-76,U9gMcGsEime1pLKYIX5PLjUOoNk=,fszq7GAK61ad6s1HvNgRuIsd29w=
-7,-76,U9gMcGsEime1pLKYIX5PLjUOoNk=,fszq7GAK61ad6s1HvNgRuIsd29w=
-2,-77,U9gMcGsEime1pLKYIX5PLjUOoNk=,fszq7GAK61ad6s1HvNgRuIsd29w=
-3,-77,U9gMcGsEime1pLKYIX5PLjUOoNk=,fszq7GAK61ad6s1HvNgRuIsd29w=
-5,-77,U9gMcGsEime1pLKYIX5PLjUOoNk=,fszq7GAK61ad6s1HvNgRuIsd29w=
-6,-77,U9gMcGsEime1pLKYIX5PLjUOoNk=,fszq7GAK61ad6s1HvNgRuIsd29w=
-4,-77,U9gMcGsEime1pLKYIX5PLjUOoNk=,fszq7GAK61ad6s1HvNgRuIsd29w=
-7,-77,U9gMcGsEime1pLKYIX5PLjUOoNk=,fszq7GAK61ad6s1HvNgRuIsd29w=
-2,-78,U9gMcGsEime1pLKYIX5PLjUOoNk=,fszq7GAK61ad6s1HvNgRuIsd29w=
-3,-78,U9gMcGsEime1pLKYIX5PLjUOoNk=,fszq7GAK61ad6s1HvNgRuIsd29w=
-4,-78,U9gMcGsEime1pLKYIX5PLjUOoNk=,fszq7GAK61ad6s1HvNgRuIsd29w=
-5,-78,U9gMcGsEime1pLKYIX5PLjUOoNk=,fszq7GAK61ad6s1HvNgRuIsd29w=
-12,-66,U9gMcGsEime1pLKYIX5PLjUOoNk=,fszq7GAK61ad6s1HvNgRuIsd29w=
-10,-66,U9gMcGsEime1pLKYIX5PLjUOoNk=,fszq7GAK61ad6s1HvNgRuIsd29w=
-11,-66,U9gMcGsEime1pLKYIX5PLjUOoNk=,fszq7GAK61ad6s1HvNgRuIsd29w=
-15,-65,U9gMcGsEime1pLKYIX5PLjUOoNk=,fszq7GAK61ad6s1HvNgRuIsd29w=
-14,-65,U9gMcGsEime1pLKYIX5PLjUOoNk=,fszq7GAK61ad6s1HvNgRuIsd29w=
-12,-65,U9gMcGsEime1pLKYIX5PLjUOoNk=,fszq7GAK61ad6s1HvNgRuIsd29w=
-11,-65,U9gMcGsEime1pLKYIX5PLjUOoNk=,fszq7GAK61ad6s1HvNgRuIsd29w=
-10,-65,U9gMcGsEime1pLKYIX5PLjUOoNk=,fszq7GAK61ad6s1HvNgRuIsd29w=
-16,-71,U9gMcGsEime1pLKYIX5PLjUOoNk=,fszq7GAK61ad6s1HvNgRuIsd29w=
-15,-71,U9gMcGsEime1pLKYIX5PLjUOoNk=,fszq7GAK61ad6s1HvNgRuIsd29w=
-14,-71,U9gMcGsEime1pLKYIX5PLjUOoNk=,fszq7GAK61ad6s1HvNgRuIsd29w=
-11,-71,U9gMcGsEime1pLKYIX5PLjUOoNk=,fszq7GAK61ad6s1HvNgRuIsd29w=
-16,-70,U9gMcGsEime1pLKYIX5PLjUOoNk=,fszq7GAK61ad6s1HvNgRuIsd29w=
-15,-70,U9gMcGsEime1pLKYIX5PLjUOoNk=,fszq7GAK61ad6s1HvNgRuIsd29w=
-13,-70,U9gMcGsEime1pLKYIX5PLjUOoNk=,fszq7GAK61ad6s1HvNgRuIsd29w=
-10,-70,U9gMcGsEime1pLKYIX5PLjUOoNk=,fszq7GAK61ad6s1HvNgRuIsd29w=
-16,-69,U9gMcGsEime1pLKYIX5PLjUOoNk=,fszq7GAK61ad6s1HvNgRuIsd29w=
-15,-69,U9gMcGsEime1pLKYIX5PLjUOoNk=,fszq7GAK61ad6s1HvNgRuIsd29w=
-14,-69,U9gMcGsEime1pLKYIX5PLjUOoNk=,fszq7GAK61ad6s1HvNgRuIsd29w=
-13,-69,U9gMcGsEime1pLKYIX5PLjUOoNk=,fszq7GAK61ad6s1HvNgRuIsd29w=
-12,-69,U9gMcGsEime1pLKYIX5PLjUOoNk=,fszq7GAK61ad6s1HvNgRuIsd29w=
-11,-69,U9gMcGsEime1pLKYIX5PLjUOoNk=,fszq7GAK61ad6s1HvNgRuIsd29w=
-10,-69,U9gMcGsEime1pLKYIX5PLjUOoNk=,fszq7GAK61ad6s1HvNgRuIsd29w=
-16,-68,U9gMcGsEime1pLKYIX5PLjUOoNk=,fszq7GAK61ad6s1HvNgRuIsd29w=
-15,-68,U9gMcGsEime1pLKYIX5PLjUOoNk=,fszq7GAK61ad6s1HvNgRuIsd29w=
-14,-68,U9gMcGsEime1pLKYIX5PLjUOoNk=,fszq7GAK61ad6s1HvNgRuIsd29w=
-13,-68,U9gMcGsEime1pLKYIX5PLjUOoNk=,fszq7GAK61ad6s1HvNgRuIsd29w=
-12,-68,U9gMcGsEime1pLKYIX5PLjUOoNk=,fszq7GAK61ad6s1HvNgRuIsd29w=
-11,-68,U9gMcGsEime1pLKYIX5PLjUOoNk=,fszq7GAK61ad6s1HvNgRuIsd29w=
-10,-68,U9gMcGsEime1pLKYIX5PLjUOoNk=,fszq7GAK61ad6s1HvNgRuIsd29w=
-16,-67,U9gMcGsEime1pLKYIX5PLjUOoNk=,fszq7GAK61ad6s1HvNgRuIsd29w=
-15,-67,U9gMcGsEime1pLKYIX5PLjUOoNk=,fszq7GAK61ad6s1HvNgRuIsd29w=
-14,-67,U9gMcGsEime1pLKYIX5PLjUOoNk=,fszq7GAK61ad6s1HvNgRuIsd29w=
-13,-67,U9gMcGsEime1pLKYIX5PLjUOoNk=,fszq7GAK61ad6s1HvNgRuIsd29w=
-12,-67,U9gMcGsEime1pLKYIX5PLjUOoNk=,fszq7GAK61ad6s1HvNgRuIsd29w=
-10,-67,U9gMcGsEime1pLKYIX5PLjUOoNk=,fszq7GAK61ad6s1HvNgRuIsd29w=
-16,-66,U9gMcGsEime1pLKYIX5PLjUOoNk=,fszq7GAK61ad6s1HvNgRuIsd29w=
-15,-66,U9gMcGsEime1pLKYIX5PLjUOoNk=,fszq7GAK61ad6s1HvNgRuIsd29w=
-14,-66,U9gMcGsEime1pLKYIX5PLjUOoNk=,fszq7GAK61ad6s1HvNgRuIsd29w=
-8,-68,U9gMcGsEime1pLKYIX5PLjUOoNk=,fszq7GAK61ad6s1HvNgRuIsd29w=
-8,-67,U9gMcGsEime1pLKYIX5PLjUOoNk=,fszq7GAK61ad6s1HvNgRuIsd29w=
-4,-72,U9gMcGsEime1pLKYIX5PLjUOoNk=,fszq7GAK61ad6s1HvNgRuIsd29w=
-8,-69,U9gMcGsEime1pLKYIX5PLjUOoNk=,fszq7GAK61ad6s1HvNgRuIsd29w=
-7,-69,U9gMcGsEime1pLKYIX5PLjUOoNk=,fszq7GAK61ad6s1HvNgRuIsd29w=
-8,-70,U9gMcGsEime1pLKYIX5PLjUOoNk=,fszq7GAK61ad6s1HvNgRuIsd29w=
-7,-70,U9gMcGsEime1pLKYIX5PLjUOoNk=,fszq7GAK61ad6s1HvNgRuIsd29w=
-11,-70,U9gMcGsEime1pLKYIX5PLjUOoNk=,fszq7GAK61ad6s1HvNgRuIsd29w=
-8,-71,U9gMcGsEime1pLKYIX5PLjUOoNk=,fszq7GAK61ad6s1HvNgRuIsd29w=
-2,-72,U9gMcGsEime1pLKYIX5PLjUOoNk=,fszq7GAK61ad6s1HvNgRuIsd29w=
-7,-67,U9gMcGsEime1pLKYIX5PLjUOoNk=,fszq7GAK61ad6s1HvNgRuIsd29w=
-6,-72,U9gMcGsEime1pLKYIX5PLjUOoNk=,fszq7GAK61ad6s1HvNgRuIsd29w=
-9,-66,U9gMcGsEime1pLKYIX5PLjUOoNk=,fszq7GAK61ad6s1HvNgRuIsd29w=
-6,-68,U9gMcGsEime1pLKYIX5PLjUOoNk=,fszq7GAK61ad6s1HvNgRuIsd29w=
-7,-68,U9gMcGsEime1pLKYIX5PLjUOoNk=,fszq7GAK61ad6s1HvNgRuIsd29w=
-6,-67,U9gMcGsEime1pLKYIX5PLjUOoNk=,fszq7GAK61ad6s1HvNgRuIsd29w=
-5,-67,U9gMcGsEime1pLKYIX5PLjUOoNk=,fszq7GAK61ad6s1HvNgRuIsd29w=
-6,-69,U9gMcGsEime1pLKYIX5PLjUOoNk=,fszq7GAK61ad6s1HvNgRuIsd29w=
-7,-72,U9gMcGsEime1pLKYIX5PLjUOoNk=,fszq7GAK61ad6s1HvNgRuIsd29w=
-4,-67,U9gMcGsEime1pLKYIX5PLjUOoNk=,fszq7GAK61ad6s1HvNgRuIsd29w=
-3,-67,U9gMcGsEime1pLKYIX5PLjUOoNk=,fszq7GAK61ad6s1HvNgRuIsd29w=
-5,-72,U9gMcGsEime1pLKYIX5PLjUOoNk=,fszq7GAK61ad6s1HvNgRuIsd29w=
-3,-72,U9gMcGsEime1pLKYIX5PLjUOoNk=,fszq7GAK61ad6s1HvNgRuIsd29w=
-2,-67,U9gMcGsEime1pLKYIX5PLjUOoNk=,fszq7GAK61ad6s1HvNgRuIsd29w=
-8,-66,U9gMcGsEime1pLKYIX5PLjUOoNk=,fszq7GAK61ad6s1HvNgRuIsd29w=
-6,-70,U9gMcGsEime1pLKYIX5PLjUOoNk=,fszq7GAK61ad6s1HvNgRuIsd29w=
-7,-71,U9gMcGsEime1pLKYIX5PLjUOoNk=,fszq7GAK61ad6s1HvNgRuIsd29w=
-7,-66,U9gMcGsEime1pLKYIX5PLjUOoNk=,fszq7GAK61ad6s1HvNgRuIsd29w=
-9,-71,U9gMcGsEime1pLKYIX5PLjUOoNk=,fszq7GAK61ad6s1HvNgRuIsd29w=
-6,-66,U9gMcGsEime1pLKYIX5PLjUOoNk=,fszq7GAK61ad6s1HvNgRuIsd29w=
-5,-68,U9gMcGsEime1pLKYIX5PLjUOoNk=,fszq7GAK61ad6s1HvNgRuIsd29w=
-5,-66,U9gMcGsEime1pLKYIX5PLjUOoNk=,fszq7GAK61ad6s1HvNgRuIsd29w=
-5,-69,U9gMcGsEime1pLKYIX5PLjUOoNk=,fszq7GAK61ad6s1HvNgRuIsd29w=
-6,-71,U9gMcGsEime1pLKYIX5PLjUOoNk=,fszq7GAK61ad6s1HvNgRuIsd29w=
-9,-70,U9gMcGsEime1pLKYIX5PLjUOoNk=,fszq7GAK61ad6s1HvNgRuIsd29w=
-4,-66,U9gMcGsEime1pLKYIX5PLjUOoNk=,fszq7GAK61ad6s1HvNgRuIsd29w=
-5,-71,U9gMcGsEime1pLKYIX5PLjUOoNk=,fszq7GAK61ad6s1HvNgRuIsd29w=
-5,-70,U9gMcGsEime1pLKYIX5PLjUOoNk=,fszq7GAK61ad6s1HvNgRuIsd29w=
-3,-66,U9gMcGsEime1pLKYIX5PLjUOoNk=,fszq7GAK61ad6s1HvNgRuIsd29w=
-2,-66,U9gMcGsEime1pLKYIX5PLjUOoNk=,fszq7GAK61ad6s1HvNgRuIsd29w=
-7,-73,U9gMcGsEime1pLKYIX5PLjUOoNk=,fszq7GAK61ad6s1HvNgRuIsd29w=
-4,-71,U9gMcGsEime1pLKYIX5PLjUOoNk=,fszq7GAK61ad6s1HvNgRuIsd29w=
-3,-71,U9gMcGsEime1pLKYIX5PLjUOoNk=,fszq7GAK61ad6s1HvNgRuIsd29w=
-4,-69,U9gMcGsEime1pLKYIX5PLjUOoNk=,fszq7GAK61ad6s1HvNgRuIsd29w=
-6,-73,U9gMcGsEime1pLKYIX5PLjUOoNk=,fszq7GAK61ad6s1HvNgRuIsd29w=
-5,-73,U9gMcGsEime1pLKYIX5PLjUOoNk=,fszq7GAK61ad6s1HvNgRuIsd29w=
-4,-73,U9gMcGsEime1pLKYIX5PLjUOoNk=,fszq7GAK61ad6s1HvNgRuIsd29w=
-3,-73,U9gMcGsEime1pLKYIX5PLjUOoNk=,fszq7GAK61ad6s1HvNgRuIsd29w=
-2,-71,U9gMcGsEime1pLKYIX5PLjUOoNk=,fszq7GAK61ad6s1HvNgRuIsd29w=
-4,-70,U9gMcGsEime1pLKYIX5PLjUOoNk=,fszq7GAK61ad6s1HvNgRuIsd29w=
-2,-73,U9gMcGsEime1pLKYIX5PLjUOoNk=,fszq7GAK61ad6s1HvNgRuIsd29w=
-9,-69,U9gMcGsEime1pLKYIX5PLjUOoNk=,fszq7GAK61ad6s1HvNgRuIsd29w=
-3,-70,U9gMcGsEime1pLKYIX5PLjUOoNk=,fszq7GAK61ad6s1HvNgRuIsd29w=
-4,-68,U9gMcGsEime1pLKYIX5PLjUOoNk=,fszq7GAK61ad6s1HvNgRuIsd29w=
-3,-68,U9gMcGsEime1pLKYIX5PLjUOoNk=,fszq7GAK61ad6s1HvNgRuIsd29w=
-3,-69,U9gMcGsEime1pLKYIX5PLjUOoNk=,fszq7GAK61ad6s1HvNgRuIsd29w=
-2,-68,U9gMcGsEime1pLKYIX5PLjUOoNk=,fszq7GAK61ad6s1HvNgRuIsd29w=
-9,-68,U9gMcGsEime1pLKYIX5PLjUOoNk=,fszq7GAK61ad6s1HvNgRuIsd29w=
-2,-69,U9gMcGsEime1pLKYIX5PLjUOoNk=,fszq7GAK61ad6s1HvNgRuIsd29w=
-9,-67,U9gMcGsEime1pLKYIX5PLjUOoNk=,fszq7GAK61ad6s1HvNgRuIsd29w=
-1,-67,U9gMcGsEime1pLKYIX5PLjUOoNk=,fszq7GAK61ad6s1HvNgRuIsd29w=
-1,-66,U9gMcGsEime1pLKYIX5PLjUOoNk=,fszq7GAK61ad6s1HvNgRuIsd29w=
-1,-71,U9gMcGsEime1pLKYIX5PLjUOoNk=,fszq7GAK61ad6s1HvNgRuIsd29w=
-1,-70,U9gMcGsEime1pLKYIX5PLjUOoNk=,fszq7GAK61ad6s1HvNgRuIsd29w=
-1,-68,U9gMcGsEime1pLKYIX5PLjUOoNk=,fszq7GAK61ad6s1HvNgRuIsd29w=
-9,-65,U9gMcGsEime1pLKYIX5PLjUOoNk=,fszq7GAK61ad6s1HvNgRuIsd29w=
-8,-65,U9gMcGsEime1pLKYIX5PLjUOoNk=,fszq7GAK61ad6s1HvNgRuIsd29w=
-7,-65,U9gMcGsEime1pLKYIX5PLjUOoNk=,fszq7GAK61ad6s1HvNgRuIsd29w=
-6,-65,U9gMcGsEime1pLKYIX5PLjUOoNk=,fszq7GAK61ad6s1HvNgRuIsd29w=
-5,-65,U9gMcGsEime1pLKYIX5PLjUOoNk=,fszq7GAK61ad6s1HvNgRuIsd29w=
-3,-65,U9gMcGsEime1pLKYIX5PLjUOoNk=,fszq7GAK61ad6s1HvNgRuIsd29w=
-4,-65,U9gMcGsEime1pLKYIX5PLjUOoNk=,fszq7GAK61ad6s1HvNgRuIsd29w=
-11,-67,U9gMcGsEime1pLKYIX5PLjUOoNk=,fszq7GAK61ad6s1HvNgRuIsd29w=
-2,-65,U9gMcGsEime1pLKYIX5PLjUOoNk=,fszq7GAK61ad6s1HvNgRuIsd29w=
-1,-65,U9gMcGsEime1pLKYIX5PLjUOoNk=,fszq7GAK61ad6s1HvNgRuIsd29w=
-16,-65,U9gMcGsEime1pLKYIX5PLjUOoNk=,fszq7GAK61ad6s1HvNgRuIsd29w=
-7,-80,U9gMcGsEime1pLKYIX5PLjUOoNk=,fszq7GAK61ad6s1HvNgRuIsd29w=
-6,-80,U9gMcGsEime1pLKYIX5PLjUOoNk=,fszq7GAK61ad6s1HvNgRuIsd29w=
-5,-80,U9gMcGsEime1pLKYIX5PLjUOoNk=,fszq7GAK61ad6s1HvNgRuIsd29w=
-4,-80,U9gMcGsEime1pLKYIX5PLjUOoNk=,fszq7GAK61ad6s1HvNgRuIsd29w=
-3,-80,U9gMcGsEime1pLKYIX5PLjUOoNk=,fszq7GAK61ad6s1HvNgRuIsd29w=
-2,-80,U9gMcGsEime1pLKYIX5PLjUOoNk=,fszq7GAK61ad6s1HvNgRuIsd29w=
-13,-66,U9gMcGsEime1pLKYIX5PLjUOoNk=,fszq7GAK61ad6s1HvNgRuIsd29w=
-13,-65,U9gMcGsEime1pLKYIX5PLjUOoNk=,fszq7GAK61ad6s1HvNgRuIsd29w=
-1,-77,U9gMcGsEime1pLKYIX5PLjUOoNk=,fszq7GAK61ad6s1HvNgRuIsd29w=
-1,-76,U9gMcGsEime1pLKYIX5PLjUOoNk=,fszq7GAK61ad6s1HvNgRuIsd29w=
-1,-75,U9gMcGsEime1pLKYIX5PLjUOoNk=,fszq7GAK61ad6s1HvNgRuIsd29w=
-1,-74,U9gMcGsEime1pLKYIX5PLjUOoNk=,fszq7GAK61ad6s1HvNgRuIsd29w=
-1,-69,U9gMcGsEime1pLKYIX5PLjUOoNk=,fszq7GAK61ad6s1HvNgRuIsd29w=
-2,-70,U9gMcGsEime1pLKYIX5PLjUOoNk=,fszq7GAK61ad6s1HvNgRuIsd29w=
-1,-73,U9gMcGsEime1pLKYIX5PLjUOoNk=,fszq7GAK61ad6s1HvNgRuIsd29w=
-1,-72,U9gMcGsEime1pLKYIX5PLjUOoNk=,fszq7GAK61ad6s1HvNgRuIsd29w=
-1,-79,U9gMcGsEime1pLKYIX5PLjUOoNk=,fszq7GAK61ad6s1HvNgRuIsd29w=
-1,-80,U9gMcGsEime1pLKYIX5PLjUOoNk=,fszq7GAK61ad6s1HvNgRuIsd29w=
-1,-78,U9gMcGsEime1pLKYIX5PLjUOoNk=,fszq7GAK61ad6s1HvNgRuIsd29w=
-13,-79,U9gMcGsEime1pLKYIX5PLjUOoNk=,fszq7GAK61ad6s1HvNgRuIsd29w=
-9,-73,U9gMcGsEime1pLKYIX5PLjUOoNk=,fszq7GAK61ad6s1HvNgRuIsd29w=
-10,-73,U9gMcGsEime1pLKYIX5PLjUOoNk=,fszq7GAK61ad6s1HvNgRuIsd29w=
-8,-72,U9gMcGsEime1pLKYIX5PLjUOoNk=,fszq7GAK61ad6s1HvNgRuIsd29w=
-11,-73,U9gMcGsEime1pLKYIX5PLjUOoNk=,fszq7GAK61ad6s1HvNgRuIsd29w=
-12,-79,U9gMcGsEime1pLKYIX5PLjUOoNk=,fszq7GAK61ad6s1HvNgRuIsd29w=
-16,-72,U9gMcGsEime1pLKYIX5PLjUOoNk=,fszq7GAK61ad6s1HvNgRuIsd29w=
-13,-73,U9gMcGsEime1pLKYIX5PLjUOoNk=,fszq7GAK61ad6s1HvNgRuIsd29w=
-12,-73,U9gMcGsEime1pLKYIX5PLjUOoNk=,fszq7GAK61ad6s1HvNgRuIsd29w=
-14,-79,U9gMcGsEime1pLKYIX5PLjUOoNk=,fszq7GAK61ad6s1HvNgRuIsd29w=
-15,-72,U9gMcGsEime1pLKYIX5PLjUOoNk=,fszq7GAK61ad6s1HvNgRuIsd29w=
-14,-73,U9gMcGsEime1pLKYIX5PLjUOoNk=,fszq7GAK61ad6s1HvNgRuIsd29w=
-15,-73,U9gMcGsEime1pLKYIX5PLjUOoNk=,fszq7GAK61ad6s1HvNgRuIsd29w=
-16,-73,U9gMcGsEime1pLKYIX5PLjUOoNk=,fszq7GAK61ad6s1HvNgRuIsd29w=
-9,-74,U9gMcGsEime1pLKYIX5PLjUOoNk=,fszq7GAK61ad6s1HvNgRuIsd29w=
-14,-72,U9gMcGsEime1pLKYIX5PLjUOoNk=,fszq7GAK61ad6s1HvNgRuIsd29w=
-8,-79,U9gMcGsEime1pLKYIX5PLjUOoNk=,fszq7GAK61ad6s1HvNgRuIsd29w=
-10,-74,U9gMcGsEime1pLKYIX5PLjUOoNk=,fszq7GAK61ad6s1HvNgRuIsd29w=
-13,-72,U9gMcGsEime1pLKYIX5PLjUOoNk=,fszq7GAK61ad6s1HvNgRuIsd29w=
-15,-79,U9gMcGsEime1pLKYIX5PLjUOoNk=,fszq7GAK61ad6s1HvNgRuIsd29w=
-11,-74,U9gMcGsEime1pLKYIX5PLjUOoNk=,fszq7GAK61ad6s1HvNgRuIsd29w=
-8,-78,U9gMcGsEime1pLKYIX5PLjUOoNk=,fszq7GAK61ad6s1HvNgRuIsd29w=
-16,-79,U9gMcGsEime1pLKYIX5PLjUOoNk=,fszq7GAK61ad6s1HvNgRuIsd29w=
-16,-78,U9gMcGsEime1pLKYIX5PLjUOoNk=,fszq7GAK61ad6s1HvNgRuIsd29w=
-12,-74,U9gMcGsEime1pLKYIX5PLjUOoNk=,fszq7GAK61ad6s1HvNgRuIsd29w=
-8,-80,U9gMcGsEime1pLKYIX5PLjUOoNk=,fszq7GAK61ad6s1HvNgRuIsd29w=
-15,-78,U9gMcGsEime1pLKYIX5PLjUOoNk=,fszq7GAK61ad6s1HvNgRuIsd29w=
-13,-74,U9gMcGsEime1pLKYIX5PLjUOoNk=,fszq7GAK61ad6s1HvNgRuIsd29w=
-14,-78,U9gMcGsEime1pLKYIX5PLjUOoNk=,fszq7GAK61ad6s1HvNgRuIsd29w=
-14,-74,U9gMcGsEime1pLKYIX5PLjUOoNk=,fszq7GAK61ad6s1HvNgRuIsd29w=
-13,-78,U9gMcGsEime1pLKYIX5PLjUOoNk=,fszq7GAK61ad6s1HvNgRuIsd29w=
-12,-80,U9gMcGsEime1pLKYIX5PLjUOoNk=,fszq7GAK61ad6s1HvNgRuIsd29w=
-13,-80,U9gMcGsEime1pLKYIX5PLjUOoNk=,fszq7GAK61ad6s1HvNgRuIsd29w=
-12,-78,U9gMcGsEime1pLKYIX5PLjUOoNk=,fszq7GAK61ad6s1HvNgRuIsd29w=
-14,-80,U9gMcGsEime1pLKYIX5PLjUOoNk=,fszq7GAK61ad6s1HvNgRuIsd29w=
-15,-74,U9gMcGsEime1pLKYIX5PLjUOoNk=,fszq7GAK61ad6s1HvNgRuIsd29w=
-16,-74,U9gMcGsEime1pLKYIX5PLjUOoNk=,fszq7GAK61ad6s1HvNgRuIsd29w=
-15,-80,U9gMcGsEime1pLKYIX5PLjUOoNk=,fszq7GAK61ad6s1HvNgRuIsd29w=
-9,-75,U9gMcGsEime1pLKYIX5PLjUOoNk=,fszq7GAK61ad6s1HvNgRuIsd29w=
-16,-80,U9gMcGsEime1pLKYIX5PLjUOoNk=,fszq7GAK61ad6s1HvNgRuIsd29w=
-11,-75,U9gMcGsEime1pLKYIX5PLjUOoNk=,fszq7GAK61ad6s1HvNgRuIsd29w=
-16,-77,U9gMcGsEime1pLKYIX5PLjUOoNk=,fszq7GAK61ad6s1HvNgRuIsd29w=
-13,-75,U9gMcGsEime1pLKYIX5PLjUOoNk=,fszq7GAK61ad6s1HvNgRuIsd29w=
-14,-75,U9gMcGsEime1pLKYIX5PLjUOoNk=,fszq7GAK61ad6s1HvNgRuIsd29w=
-15,-75,U9gMcGsEime1pLKYIX5PLjUOoNk=,fszq7GAK61ad6s1HvNgRuIsd29w=
-15,-77,U9gMcGsEime1pLKYIX5PLjUOoNk=,fszq7GAK61ad6s1HvNgRuIsd29w=
-16,-75,U9gMcGsEime1pLKYIX5PLjUOoNk=,fszq7GAK61ad6s1HvNgRuIsd29w=
-8,-73,U9gMcGsEime1pLKYIX5PLjUOoNk=,fszq7GAK61ad6s1HvNgRuIsd29w=
-9,-76,U9gMcGsEime1pLKYIX5PLjUOoNk=,fszq7GAK61ad6s1HvNgRuIsd29w=
-8,-77,U9gMcGsEime1pLKYIX5PLjUOoNk=,fszq7GAK61ad6s1HvNgRuIsd29w=
-10,-76,U9gMcGsEime1pLKYIX5PLjUOoNk=,fszq7GAK61ad6s1HvNgRuIsd29w=
-8,-74,U9gMcGsEime1pLKYIX5PLjUOoNk=,fszq7GAK61ad6s1HvNgRuIsd29w=
-14,-77,U9gMcGsEime1pLKYIX5PLjUOoNk=,fszq7GAK61ad6s1HvNgRuIsd29w=
-11,-76,U9gMcGsEime1pLKYIX5PLjUOoNk=,fszq7GAK61ad6s1HvNgRuIsd29w=
-12,-76,U9gMcGsEime1pLKYIX5PLjUOoNk=,fszq7GAK61ad6s1HvNgRuIsd29w=
-13,-76,U9gMcGsEime1pLKYIX5PLjUOoNk=,fszq7GAK61ad6s1HvNgRuIsd29w=
-14,-76,U9gMcGsEime1pLKYIX5PLjUOoNk=,fszq7GAK61ad6s1HvNgRuIsd29w=
-8,-75,U9gMcGsEime1pLKYIX5PLjUOoNk=,fszq7GAK61ad6s1HvNgRuIsd29w=
-15,-76,U9gMcGsEime1pLKYIX5PLjUOoNk=,fszq7GAK61ad6s1HvNgRuIsd29w=
-16,-76,U9gMcGsEime1pLKYIX5PLjUOoNk=,fszq7GAK61ad6s1HvNgRuIsd29w=
-12,-72,U9gMcGsEime1pLKYIX5PLjUOoNk=,fszq7GAK61ad6s1HvNgRuIsd29w=
-13,-77,U9gMcGsEime1pLKYIX5PLjUOoNk=,fszq7GAK61ad6s1HvNgRuIsd29w=
-12,-77,U9gMcGsEime1pLKYIX5PLjUOoNk=,fszq7GAK61ad6s1HvNgRuIsd29w=
-12,-71,U9gMcGsEime1pLKYIX5PLjUOoNk=,fszq7GAK61ad6s1HvNgRuIsd29w=
-13,-71,U9gMcGsEime1pLKYIX5PLjUOoNk=,fszq7GAK61ad6s1HvNgRuIsd29w=
-10,-71,U9gMcGsEime1pLKYIX5PLjUOoNk=,fszq7GAK61ad6s1HvNgRuIsd29w=
-9,-72,U9gMcGsEime1pLKYIX5PLjUOoNk=,fszq7GAK61ad6s1HvNgRuIsd29w=
-8,-76,U9gMcGsEime1pLKYIX5PLjUOoNk=,fszq7GAK61ad6s1HvNgRuIsd29w=
-10,-72,U9gMcGsEime1pLKYIX5PLjUOoNk=,fszq7GAK61ad6s1HvNgRuIsd29w=
-9,-77,U9gMcGsEime1pLKYIX5PLjUOoNk=,fszq7GAK61ad6s1HvNgRuIsd29w=
-14,-70,U9gMcGsEime1pLKYIX5PLjUOoNk=,fszq7GAK61ad6s1HvNgRuIsd29w=
-10,-77,U9gMcGsEime1pLKYIX5PLjUOoNk=,fszq7GAK61ad6s1HvNgRuIsd29w=
-12,-75,U9gMcGsEime1pLKYIX5PLjUOoNk=,fszq7GAK61ad6s1HvNgRuIsd29w=
-12,-70,U9gMcGsEime1pLKYIX5PLjUOoNk=,fszq7GAK61ad6s1HvNgRuIsd29w=
-11,-72,U9gMcGsEime1pLKYIX5PLjUOoNk=,fszq7GAK61ad6s1HvNgRuIsd29w=
-10,-75,U9gMcGsEime1pLKYIX5PLjUOoNk=,fszq7GAK61ad6s1HvNgRuIsd29w=
-9,-80,U9gMcGsEime1pLKYIX5PLjUOoNk=,fszq7GAK61ad6s1HvNgRuIsd29w=
-10,-80,U9gMcGsEime1pLKYIX5PLjUOoNk=,fszq7GAK61ad6s1HvNgRuIsd29w=
-9,-78,U9gMcGsEime1pLKYIX5PLjUOoNk=,fszq7GAK61ad6s1HvNgRuIsd29w=
-9,-79,U9gMcGsEime1pLKYIX5PLjUOoNk=,fszq7GAK61ad6s1HvNgRuIsd29w=
-11,-77,U9gMcGsEime1pLKYIX5PLjUOoNk=,fszq7GAK61ad6s1HvNgRuIsd29w=
-10,-79,U9gMcGsEime1pLKYIX5PLjUOoNk=,fszq7GAK61ad6s1HvNgRuIsd29w=
-11,-80,U9gMcGsEime1pLKYIX5PLjUOoNk=,fszq7GAK61ad6s1HvNgRuIsd29w=
-11,-78,U9gMcGsEime1pLKYIX5PLjUOoNk=,fszq7GAK61ad6s1HvNgRuIsd29w=
-10,-78,U9gMcGsEime1pLKYIX5PLjUOoNk=,fszq7GAK61ad6s1HvNgRuIsd29w=
-11,-79,U9gMcGsEime1pLKYIX5PLjUOoNk=,fszq7GAK61ad6s1HvNgRuIsd29w=
-11,-95,O5neOX+GmfPtnOHa77tH01ymJuU=,fszq7GAK61ad6s1HvNgRuIsd29w=
-13,-95,O5neOX+GmfPtnOHa77tH01ymJuU=,fszq7GAK61ad6s1HvNgRuIsd29w=
-14,-95,O5neOX+GmfPtnOHa77tH01ymJuU=,fszq7GAK61ad6s1HvNgRuIsd29w=
-15,-95,O5neOX+GmfPtnOHa77tH01ymJuU=,fszq7GAK61ad6s1HvNgRuIsd29w=
-10,-90,O5neOX+GmfPtnOHa77tH01ymJuU=,fszq7GAK61ad6s1HvNgRuIsd29w=
-11,-90,O5neOX+GmfPtnOHa77tH01ymJuU=,fszq7GAK61ad6s1HvNgRuIsd29w=
-12,-90,O5neOX+GmfPtnOHa77tH01ymJuU=,fszq7GAK61ad6s1HvNgRuIsd29w=
-13,-90,O5neOX+GmfPtnOHa77tH01ymJuU=,fszq7GAK61ad6s1HvNgRuIsd29w=
-14,-90,O5neOX+GmfPtnOHa77tH01ymJuU=,fszq7GAK61ad6s1HvNgRuIsd29w=
-15,-90,O5neOX+GmfPtnOHa77tH01ymJuU=,fszq7GAK61ad6s1HvNgRuIsd29w=
-10,-91,O5neOX+GmfPtnOHa77tH01ymJuU=,fszq7GAK61ad6s1HvNgRuIsd29w=
-11,-91,O5neOX+GmfPtnOHa77tH01ymJuU=,fszq7GAK61ad6s1HvNgRuIsd29w=
-12,-91,O5neOX+GmfPtnOHa77tH01ymJuU=,fszq7GAK61ad6s1HvNgRuIsd29w=
-13,-91,O5neOX+GmfPtnOHa77tH01ymJuU=,fszq7GAK61ad6s1HvNgRuIsd29w=
-14,-91,O5neOX+GmfPtnOHa77tH01ymJuU=,fszq7GAK61ad6s1HvNgRuIsd29w=
-15,-91,O5neOX+GmfPtnOHa77tH01ymJuU=,fszq7GAK61ad6s1HvNgRuIsd29w=
-10,-92,O5neOX+GmfPtnOHa77tH01ymJuU=,fszq7GAK61ad6s1HvNgRuIsd29w=
-11,-92,O5neOX+GmfPtnOHa77tH01ymJuU=,fszq7GAK61ad6s1HvNgRuIsd29w=
-13,-92,O5neOX+GmfPtnOHa77tH01ymJuU=,fszq7GAK61ad6s1HvNgRuIsd29w=
-14,-92,O5neOX+GmfPtnOHa77tH01ymJuU=,fszq7GAK61ad6s1HvNgRuIsd29w=
-15,-92,O5neOX+GmfPtnOHa77tH01ymJuU=,fszq7GAK61ad6s1HvNgRuIsd29w=
-11,-93,O5neOX+GmfPtnOHa77tH01ymJuU=,fszq7GAK61ad6s1HvNgRuIsd29w=
-12,-93,O5neOX+GmfPtnOHa77tH01ymJuU=,fszq7GAK61ad6s1HvNgRuIsd29w=
-13,-93,O5neOX+GmfPtnOHa77tH01ymJuU=,fszq7GAK61ad6s1HvNgRuIsd29w=
-14,-93,O5neOX+GmfPtnOHa77tH01ymJuU=,fszq7GAK61ad6s1HvNgRuIsd29w=
-15,-93,O5neOX+GmfPtnOHa77tH01ymJuU=,fszq7GAK61ad6s1HvNgRuIsd29w=
-11,-94,O5neOX+GmfPtnOHa77tH01ymJuU=,fszq7GAK61ad6s1HvNgRuIsd29w=
-12,-94,O5neOX+GmfPtnOHa77tH01ymJuU=,fszq7GAK61ad6s1HvNgRuIsd29w=
-13,-94,O5neOX+GmfPtnOHa77tH01ymJuU=,fszq7GAK61ad6s1HvNgRuIsd29w=
-14,-94,O5neOX+GmfPtnOHa77tH01ymJuU=,fszq7GAK61ad6s1HvNgRuIsd29w=
-15,-94,O5neOX+GmfPtnOHa77tH01ymJuU=,fszq7GAK61ad6s1HvNgRuIsd29w=
-10,-95,O5neOX+GmfPtnOHa77tH01ymJuU=,fszq7GAK61ad6s1HvNgRuIsd29w=
-8,-95,O5neOX+GmfPtnOHa77tH01ymJuU=,fszq7GAK61ad6s1HvNgRuIsd29w=
-7,-95,O5neOX+GmfPtnOHa77tH01ymJuU=,fszq7GAK61ad6s1HvNgRuIsd29w=
-6,-95,O5neOX+GmfPtnOHa77tH01ymJuU=,fszq7GAK61ad6s1HvNgRuIsd29w=
-5,-95,O5neOX+GmfPtnOHa77tH01ymJuU=,fszq7GAK61ad6s1HvNgRuIsd29w=
-4,-95,O5neOX+GmfPtnOHa77tH01ymJuU=,fszq7GAK61ad6s1HvNgRuIsd29w=
-3,-95,O5neOX+GmfPtnOHa77tH01ymJuU=,fszq7GAK61ad6s1HvNgRuIsd29w=
-2,-95,O5neOX+GmfPtnOHa77tH01ymJuU=,fszq7GAK61ad6s1HvNgRuIsd29w=
-8,-94,O5neOX+GmfPtnOHa77tH01ymJuU=,fszq7GAK61ad6s1HvNgRuIsd29w=
-7,-94,O5neOX+GmfPtnOHa77tH01ymJuU=,fszq7GAK61ad6s1HvNgRuIsd29w=
-6,-94,O5neOX+GmfPtnOHa77tH01ymJuU=,fszq7GAK61ad6s1HvNgRuIsd29w=
-5,-94,O5neOX+GmfPtnOHa77tH01ymJuU=,fszq7GAK61ad6s1HvNgRuIsd29w=
-3,-94,O5neOX+GmfPtnOHa77tH01ymJuU=,fszq7GAK61ad6s1HvNgRuIsd29w=
-9,-95,O5neOX+GmfPtnOHa77tH01ymJuU=,fszq7GAK61ad6s1HvNgRuIsd29w=
-2,-94,O5neOX+GmfPtnOHa77tH01ymJuU=,fszq7GAK61ad6s1HvNgRuIsd29w=
-8,-93,O5neOX+GmfPtnOHa77tH01ymJuU=,fszq7GAK61ad6s1HvNgRuIsd29w=
-7,-93,O5neOX+GmfPtnOHa77tH01ymJuU=,fszq7GAK61ad6s1HvNgRuIsd29w=
-10,-94,O5neOX+GmfPtnOHa77tH01ymJuU=,fszq7GAK61ad6s1HvNgRuIsd29w=
-9,-94,O5neOX+GmfPtnOHa77tH01ymJuU=,fszq7GAK61ad6s1HvNgRuIsd29w=
-6,-93,O5neOX+GmfPtnOHa77tH01ymJuU=,fszq7GAK61ad6s1HvNgRuIsd29w=
-5,-93,O5neOX+GmfPtnOHa77tH01ymJuU=,fszq7GAK61ad6s1HvNgRuIsd29w=
-4,-93,O5neOX+GmfPtnOHa77tH01ymJuU=,fszq7GAK61ad6s1HvNgRuIsd29w=
-3,-93,O5neOX+GmfPtnOHa77tH01ymJuU=,fszq7GAK61ad6s1HvNgRuIsd29w=
-9,-93,O5neOX+GmfPtnOHa77tH01ymJuU=,fszq7GAK61ad6s1HvNgRuIsd29w=
-2,-93,O5neOX+GmfPtnOHa77tH01ymJuU=,fszq7GAK61ad6s1HvNgRuIsd29w=
-8,-92,O5neOX+GmfPtnOHa77tH01ymJuU=,fszq7GAK61ad6s1HvNgRuIsd29w=
-9,-92,O5neOX+GmfPtnOHa77tH01ymJuU=,fszq7GAK61ad6s1HvNgRuIsd29w=
-6,-92,O5neOX+GmfPtnOHa77tH01ymJuU=,fszq7GAK61ad6s1HvNgRuIsd29w=
-7,-92,O5neOX+GmfPtnOHa77tH01ymJuU=,fszq7GAK61ad6s1HvNgRuIsd29w=
-5,-92,O5neOX+GmfPtnOHa77tH01ymJuU=,fszq7GAK61ad6s1HvNgRuIsd29w=
-4,-92,O5neOX+GmfPtnOHa77tH01ymJuU=,fszq7GAK61ad6s1HvNgRuIsd29w=
-3,-92,O5neOX+GmfPtnOHa77tH01ymJuU=,fszq7GAK61ad6s1HvNgRuIsd29w=
-7,-91,O5neOX+GmfPtnOHa77tH01ymJuU=,fszq7GAK61ad6s1HvNgRuIsd29w=
-9,-91,O5neOX+GmfPtnOHa77tH01ymJuU=,fszq7GAK61ad6s1HvNgRuIsd29w=
-2,-92,O5neOX+GmfPtnOHa77tH01ymJuU=,fszq7GAK61ad6s1HvNgRuIsd29w=
-6,-91,O5neOX+GmfPtnOHa77tH01ymJuU=,fszq7GAK61ad6s1HvNgRuIsd29w=
-5,-91,O5neOX+GmfPtnOHa77tH01ymJuU=,fszq7GAK61ad6s1HvNgRuIsd29w=
-4,-91,O5neOX+GmfPtnOHa77tH01ymJuU=,fszq7GAK61ad6s1HvNgRuIsd29w=
-5,-90,O5neOX+GmfPtnOHa77tH01ymJuU=,fszq7GAK61ad6s1HvNgRuIsd29w=
-6,-90,O5neOX+GmfPtnOHa77tH01ymJuU=,fszq7GAK61ad6s1HvNgRuIsd29w=
-3,-91,O5neOX+GmfPtnOHa77tH01ymJuU=,fszq7GAK61ad6s1HvNgRuIsd29w=
-4,-90,O5neOX+GmfPtnOHa77tH01ymJuU=,fszq7GAK61ad6s1HvNgRuIsd29w=
-3,-90,O5neOX+GmfPtnOHa77tH01ymJuU=,fszq7GAK61ad6s1HvNgRuIsd29w=
-2,-90,onjBbomCZiuXPFCIgxE5pqW+ghQ=,fszq7GAK61ad6s1HvNgRuIsd29w=
-7,-96,onjBbomCZiuXPFCIgxE5pqW+ghQ=,fszq7GAK61ad6s1HvNgRuIsd29w=
-5,-96,onjBbomCZiuXPFCIgxE5pqW+ghQ=,fszq7GAK61ad6s1HvNgRuIsd29w=
-4,-96,onjBbomCZiuXPFCIgxE5pqW+ghQ=,fszq7GAK61ad6s1HvNgRuIsd29w=
-6,-96,onjBbomCZiuXPFCIgxE5pqW+ghQ=,fszq7GAK61ad6s1HvNgRuIsd29w=
-3,-96,onjBbomCZiuXPFCIgxE5pqW+ghQ=,fszq7GAK61ad6s1HvNgRuIsd29w=
-2,-96,onjBbomCZiuXPFCIgxE5pqW+ghQ=,fszq7GAK61ad6s1HvNgRuIsd29w=
-1,-94,onjBbomCZiuXPFCIgxE5pqW+ghQ=,fszq7GAK61ad6s1HvNgRuIsd29w=
-1,-93,onjBbomCZiuXPFCIgxE5pqW+ghQ=,fszq7GAK61ad6s1HvNgRuIsd29w=
-16,-94,onjBbomCZiuXPFCIgxE5pqW+ghQ=,fszq7GAK61ad6s1HvNgRuIsd29w=
-16,-93,onjBbomCZiuXPFCIgxE5pqW+ghQ=,fszq7GAK61ad6s1HvNgRuIsd29w=
-16,-91,onjBbomCZiuXPFCIgxE5pqW+ghQ=,fszq7GAK61ad6s1HvNgRuIsd29w=
-16,-92,onjBbomCZiuXPFCIgxE5pqW+ghQ=,fszq7GAK61ad6s1HvNgRuIsd29w=
-12,-82,onjBbomCZiuXPFCIgxE5pqW+ghQ=,fszq7GAK61ad6s1HvNgRuIsd29w=
-16,-95,onjBbomCZiuXPFCIgxE5pqW+ghQ=,fszq7GAK61ad6s1HvNgRuIsd29w=
-16,-88,onjBbomCZiuXPFCIgxE5pqW+ghQ=,fszq7GAK61ad6s1HvNgRuIsd29w=
-16,-90,onjBbomCZiuXPFCIgxE5pqW+ghQ=,fszq7GAK61ad6s1HvNgRuIsd29w=
-15,-88,onjBbomCZiuXPFCIgxE5pqW+ghQ=,fszq7GAK61ad6s1HvNgRuIsd29w=
-14,-88,onjBbomCZiuXPFCIgxE5pqW+ghQ=,fszq7GAK61ad6s1HvNgRuIsd29w=
-10,-82,onjBbomCZiuXPFCIgxE5pqW+ghQ=,fszq7GAK61ad6s1HvNgRuIsd29w=
-11,-82,onjBbomCZiuXPFCIgxE5pqW+ghQ=,fszq7GAK61ad6s1HvNgRuIsd29w=
-12,-88,onjBbomCZiuXPFCIgxE5pqW+ghQ=,fszq7GAK61ad6s1HvNgRuIsd29w=
-16,-87,onjBbomCZiuXPFCIgxE5pqW+ghQ=,fszq7GAK61ad6s1HvNgRuIsd29w=
-15,-87,onjBbomCZiuXPFCIgxE5pqW+ghQ=,fszq7GAK61ad6s1HvNgRuIsd29w=
-14,-87,onjBbomCZiuXPFCIgxE5pqW+ghQ=,fszq7GAK61ad6s1HvNgRuIsd29w=
-13,-87,onjBbomCZiuXPFCIgxE5pqW+ghQ=,fszq7GAK61ad6s1HvNgRuIsd29w=
-12,-87,onjBbomCZiuXPFCIgxE5pqW+ghQ=,fszq7GAK61ad6s1HvNgRuIsd29w=
-11,-87,onjBbomCZiuXPFCIgxE5pqW+ghQ=,fszq7GAK61ad6s1HvNgRuIsd29w=
-16,-86,onjBbomCZiuXPFCIgxE5pqW+ghQ=,fszq7GAK61ad6s1HvNgRuIsd29w=
-15,-86,onjBbomCZiuXPFCIgxE5pqW+ghQ=,fszq7GAK61ad6s1HvNgRuIsd29w=
-14,-86,onjBbomCZiuXPFCIgxE5pqW+ghQ=,fszq7GAK61ad6s1HvNgRuIsd29w=
-12,-86,onjBbomCZiuXPFCIgxE5pqW+ghQ=,fszq7GAK61ad6s1HvNgRuIsd29w=
-11,-86,onjBbomCZiuXPFCIgxE5pqW+ghQ=,fszq7GAK61ad6s1HvNgRuIsd29w=
-16,-85,onjBbomCZiuXPFCIgxE5pqW+ghQ=,fszq7GAK61ad6s1HvNgRuIsd29w=
-15,-85,onjBbomCZiuXPFCIgxE5pqW+ghQ=,fszq7GAK61ad6s1HvNgRuIsd29w=
-14,-85,onjBbomCZiuXPFCIgxE5pqW+ghQ=,fszq7GAK61ad6s1HvNgRuIsd29w=
-11,-85,onjBbomCZiuXPFCIgxE5pqW+ghQ=,fszq7GAK61ad6s1HvNgRuIsd29w=
-16,-84,onjBbomCZiuXPFCIgxE5pqW+ghQ=,fszq7GAK61ad6s1HvNgRuIsd29w=
-15,-84,onjBbomCZiuXPFCIgxE5pqW+ghQ=,fszq7GAK61ad6s1HvNgRuIsd29w=
-14,-84,onjBbomCZiuXPFCIgxE5pqW+ghQ=,fszq7GAK61ad6s1HvNgRuIsd29w=
-13,-84,onjBbomCZiuXPFCIgxE5pqW+ghQ=,fszq7GAK61ad6s1HvNgRuIsd29w=
-12,-84,onjBbomCZiuXPFCIgxE5pqW+ghQ=,fszq7GAK61ad6s1HvNgRuIsd29w=
-11,-84,onjBbomCZiuXPFCIgxE5pqW+ghQ=,fszq7GAK61ad6s1HvNgRuIsd29w=
-16,-83,onjBbomCZiuXPFCIgxE5pqW+ghQ=,fszq7GAK61ad6s1HvNgRuIsd29w=
-16,-89,onjBbomCZiuXPFCIgxE5pqW+ghQ=,fszq7GAK61ad6s1HvNgRuIsd29w=
-15,-83,onjBbomCZiuXPFCIgxE5pqW+ghQ=,fszq7GAK61ad6s1HvNgRuIsd29w=
-15,-89,onjBbomCZiuXPFCIgxE5pqW+ghQ=,fszq7GAK61ad6s1HvNgRuIsd29w=
-14,-89,onjBbomCZiuXPFCIgxE5pqW+ghQ=,fszq7GAK61ad6s1HvNgRuIsd29w=
-14,-83,onjBbomCZiuXPFCIgxE5pqW+ghQ=,fszq7GAK61ad6s1HvNgRuIsd29w=
-13,-83,onjBbomCZiuXPFCIgxE5pqW+ghQ=,fszq7GAK61ad6s1HvNgRuIsd29w=
-12,-83,onjBbomCZiuXPFCIgxE5pqW+ghQ=,fszq7GAK61ad6s1HvNgRuIsd29w=
-10,-83,onjBbomCZiuXPFCIgxE5pqW+ghQ=,fszq7GAK61ad6s1HvNgRuIsd29w=
-13,-89,onjBbomCZiuXPFCIgxE5pqW+ghQ=,fszq7GAK61ad6s1HvNgRuIsd29w=
-16,-82,onjBbomCZiuXPFCIgxE5pqW+ghQ=,fszq7GAK61ad6s1HvNgRuIsd29w=
-12,-89,onjBbomCZiuXPFCIgxE5pqW+ghQ=,fszq7GAK61ad6s1HvNgRuIsd29w=
-11,-89,onjBbomCZiuXPFCIgxE5pqW+ghQ=,fszq7GAK61ad6s1HvNgRuIsd29w=
-15,-82,onjBbomCZiuXPFCIgxE5pqW+ghQ=,fszq7GAK61ad6s1HvNgRuIsd29w=
-10,-89,onjBbomCZiuXPFCIgxE5pqW+ghQ=,fszq7GAK61ad6s1HvNgRuIsd29w=
-14,-82,onjBbomCZiuXPFCIgxE5pqW+ghQ=,fszq7GAK61ad6s1HvNgRuIsd29w=
-13,-82,onjBbomCZiuXPFCIgxE5pqW+ghQ=,fszq7GAK61ad6s1HvNgRuIsd29w=
-13,-88,onjBbomCZiuXPFCIgxE5pqW+ghQ=,fszq7GAK61ad6s1HvNgRuIsd29w=
-13,-86,onjBbomCZiuXPFCIgxE5pqW+ghQ=,fszq7GAK61ad6s1HvNgRuIsd29w=
-13,-85,onjBbomCZiuXPFCIgxE5pqW+ghQ=,fszq7GAK61ad6s1HvNgRuIsd29w=
-1,-95,onjBbomCZiuXPFCIgxE5pqW+ghQ=,fszq7GAK61ad6s1HvNgRuIsd29w=
-4,-94,onjBbomCZiuXPFCIgxE5pqW+ghQ=,fszq7GAK61ad6s1HvNgRuIsd29w=
-1,-96,onjBbomCZiuXPFCIgxE5pqW+ghQ=,fszq7GAK61ad6s1HvNgRuIsd29w=
-8,-96,onjBbomCZiuXPFCIgxE5pqW+ghQ=,fszq7GAK61ad6s1HvNgRuIsd29w=
-16,-96,onjBbomCZiuXPFCIgxE5pqW+ghQ=,fszq7GAK61ad6s1HvNgRuIsd29w=
-15,-96,onjBbomCZiuXPFCIgxE5pqW+ghQ=,fszq7GAK61ad6s1HvNgRuIsd29w=
-14,-96,onjBbomCZiuXPFCIgxE5pqW+ghQ=,fszq7GAK61ad6s1HvNgRuIsd29w=
-13,-96,onjBbomCZiuXPFCIgxE5pqW+ghQ=,fszq7GAK61ad6s1HvNgRuIsd29w=
-12,-96,onjBbomCZiuXPFCIgxE5pqW+ghQ=,fszq7GAK61ad6s1HvNgRuIsd29w=
-11,-96,onjBbomCZiuXPFCIgxE5pqW+ghQ=,fszq7GAK61ad6s1HvNgRuIsd29w=
-10,-96,onjBbomCZiuXPFCIgxE5pqW+ghQ=,fszq7GAK61ad6s1HvNgRuIsd29w=
-9,-96,onjBbomCZiuXPFCIgxE5pqW+ghQ=,fszq7GAK61ad6s1HvNgRuIsd29w=
-12,-95,onjBbomCZiuXPFCIgxE5pqW+ghQ=,fszq7GAK61ad6s1HvNgRuIsd29w=
-16,-81,onjBbomCZiuXPFCIgxE5pqW+ghQ=,fszq7GAK61ad6s1HvNgRuIsd29w=
-15,-81,onjBbomCZiuXPFCIgxE5pqW+ghQ=,fszq7GAK61ad6s1HvNgRuIsd29w=
-14,-81,onjBbomCZiuXPFCIgxE5pqW+ghQ=,fszq7GAK61ad6s1HvNgRuIsd29w=
-12,-81,onjBbomCZiuXPFCIgxE5pqW+ghQ=,fszq7GAK61ad6s1HvNgRuIsd29w=
-11,-81,onjBbomCZiuXPFCIgxE5pqW+ghQ=,fszq7GAK61ad6s1HvNgRuIsd29w=
-10,-81,onjBbomCZiuXPFCIgxE5pqW+ghQ=,fszq7GAK61ad6s1HvNgRuIsd29w=
-10,-93,onjBbomCZiuXPFCIgxE5pqW+ghQ=,fszq7GAK61ad6s1HvNgRuIsd29w=
-13,-81,onjBbomCZiuXPFCIgxE5pqW+ghQ=,fszq7GAK61ad6s1HvNgRuIsd29w=
-1,-84,onjBbomCZiuXPFCIgxE5pqW+ghQ=,fszq7GAK61ad6s1HvNgRuIsd29w=
-6,-86,onjBbomCZiuXPFCIgxE5pqW+ghQ=,fszq7GAK61ad6s1HvNgRuIsd29w=
-8,-83,onjBbomCZiuXPFCIgxE5pqW+ghQ=,fszq7GAK61ad6s1HvNgRuIsd29w=
-9,-82,onjBbomCZiuXPFCIgxE5pqW+ghQ=,fszq7GAK61ad6s1HvNgRuIsd29w=
-5,-86,onjBbomCZiuXPFCIgxE5pqW+ghQ=,fszq7GAK61ad6s1HvNgRuIsd29w=
-7,-83,onjBbomCZiuXPFCIgxE5pqW+ghQ=,fszq7GAK61ad6s1HvNgRuIsd29w=
-8,-81,onjBbomCZiuXPFCIgxE5pqW+ghQ=,fszq7GAK61ad6s1HvNgRuIsd29w=
-9,-81,onjBbomCZiuXPFCIgxE5pqW+ghQ=,fszq7GAK61ad6s1HvNgRuIsd29w=
-1,-82,onjBbomCZiuXPFCIgxE5pqW+ghQ=,fszq7GAK61ad6s1HvNgRuIsd29w=
-1,-83,onjBbomCZiuXPFCIgxE5pqW+ghQ=,fszq7GAK61ad6s1HvNgRuIsd29w=
-2,-81,onjBbomCZiuXPFCIgxE5pqW+ghQ=,fszq7GAK61ad6s1HvNgRuIsd29w=
-1,-88,onjBbomCZiuXPFCIgxE5pqW+ghQ=,fszq7GAK61ad6s1HvNgRuIsd29w=
-6,-85,onjBbomCZiuXPFCIgxE5pqW+ghQ=,fszq7GAK61ad6s1HvNgRuIsd29w=
-3,-88,onjBbomCZiuXPFCIgxE5pqW+ghQ=,fszq7GAK61ad6s1HvNgRuIsd29w=
-7,-86,onjBbomCZiuXPFCIgxE5pqW+ghQ=,fszq7GAK61ad6s1HvNgRuIsd29w=
-4,-88,onjBbomCZiuXPFCIgxE5pqW+ghQ=,fszq7GAK61ad6s1HvNgRuIsd29w=
-7,-85,onjBbomCZiuXPFCIgxE5pqW+ghQ=,fszq7GAK61ad6s1HvNgRuIsd29w=
-1,-87,onjBbomCZiuXPFCIgxE5pqW+ghQ=,fszq7GAK61ad6s1HvNgRuIsd29w=
-9,-84,onjBbomCZiuXPFCIgxE5pqW+ghQ=,fszq7GAK61ad6s1HvNgRuIsd29w=
-3,-81,onjBbomCZiuXPFCIgxE5pqW+ghQ=,fszq7GAK61ad6s1HvNgRuIsd29w=
-4,-83,onjBbomCZiuXPFCIgxE5pqW+ghQ=,fszq7GAK61ad6s1HvNgRuIsd29w=
-6,-87,onjBbomCZiuXPFCIgxE5pqW+ghQ=,fszq7GAK61ad6s1HvNgRuIsd29w=
-7,-87,onjBbomCZiuXPFCIgxE5pqW+ghQ=,fszq7GAK61ad6s1HvNgRuIsd29w=
-5,-88,onjBbomCZiuXPFCIgxE5pqW+ghQ=,fszq7GAK61ad6s1HvNgRuIsd29w=
-5,-84,onjBbomCZiuXPFCIgxE5pqW+ghQ=,fszq7GAK61ad6s1HvNgRuIsd29w=
-2,-82,onjBbomCZiuXPFCIgxE5pqW+ghQ=,fszq7GAK61ad6s1HvNgRuIsd29w=
-4,-81,onjBbomCZiuXPFCIgxE5pqW+ghQ=,fszq7GAK61ad6s1HvNgRuIsd29w=
-6,-88,onjBbomCZiuXPFCIgxE5pqW+ghQ=,fszq7GAK61ad6s1HvNgRuIsd29w=
-6,-84,onjBbomCZiuXPFCIgxE5pqW+ghQ=,fszq7GAK61ad6s1HvNgRuIsd29w=
-7,-84,onjBbomCZiuXPFCIgxE5pqW+ghQ=,fszq7GAK61ad6s1HvNgRuIsd29w=
-3,-82,onjBbomCZiuXPFCIgxE5pqW+ghQ=,fszq7GAK61ad6s1HvNgRuIsd29w=
-4,-82,onjBbomCZiuXPFCIgxE5pqW+ghQ=,fszq7GAK61ad6s1HvNgRuIsd29w=
-5,-82,onjBbomCZiuXPFCIgxE5pqW+ghQ=,fszq7GAK61ad6s1HvNgRuIsd29w=
-6,-82,onjBbomCZiuXPFCIgxE5pqW+ghQ=,fszq7GAK61ad6s1HvNgRuIsd29w=
-5,-81,onjBbomCZiuXPFCIgxE5pqW+ghQ=,fszq7GAK61ad6s1HvNgRuIsd29w=
-7,-82,onjBbomCZiuXPFCIgxE5pqW+ghQ=,fszq7GAK61ad6s1HvNgRuIsd29w=
-5,-83,onjBbomCZiuXPFCIgxE5pqW+ghQ=,fszq7GAK61ad6s1HvNgRuIsd29w=
-8,-82,onjBbomCZiuXPFCIgxE5pqW+ghQ=,fszq7GAK61ad6s1HvNgRuIsd29w=
-2,-88,onjBbomCZiuXPFCIgxE5pqW+ghQ=,fszq7GAK61ad6s1HvNgRuIsd29w=
-1,-89,onjBbomCZiuXPFCIgxE5pqW+ghQ=,fszq7GAK61ad6s1HvNgRuIsd29w=
-4,-89,onjBbomCZiuXPFCIgxE5pqW+ghQ=,fszq7GAK61ad6s1HvNgRuIsd29w=
-5,-89,onjBbomCZiuXPFCIgxE5pqW+ghQ=,fszq7GAK61ad6s1HvNgRuIsd29w=
-6,-81,onjBbomCZiuXPFCIgxE5pqW+ghQ=,fszq7GAK61ad6s1HvNgRuIsd29w=
-7,-81,onjBbomCZiuXPFCIgxE5pqW+ghQ=,fszq7GAK61ad6s1HvNgRuIsd29w=
-6,-89,onjBbomCZiuXPFCIgxE5pqW+ghQ=,fszq7GAK61ad6s1HvNgRuIsd29w=
-7,-89,onjBbomCZiuXPFCIgxE5pqW+ghQ=,fszq7GAK61ad6s1HvNgRuIsd29w=
-6,-83,onjBbomCZiuXPFCIgxE5pqW+ghQ=,fszq7GAK61ad6s1HvNgRuIsd29w=
-8,-89,onjBbomCZiuXPFCIgxE5pqW+ghQ=,fszq7GAK61ad6s1HvNgRuIsd29w=
-3,-89,onjBbomCZiuXPFCIgxE5pqW+ghQ=,fszq7GAK61ad6s1HvNgRuIsd29w=
-9,-89,onjBbomCZiuXPFCIgxE5pqW+ghQ=,fszq7GAK61ad6s1HvNgRuIsd29w=
-2,-89,onjBbomCZiuXPFCIgxE5pqW+ghQ=,fszq7GAK61ad6s1HvNgRuIsd29w=
-1,-90,onjBbomCZiuXPFCIgxE5pqW+ghQ=,fszq7GAK61ad6s1HvNgRuIsd29w=
-12,-85,onjBbomCZiuXPFCIgxE5pqW+ghQ=,fszq7GAK61ad6s1HvNgRuIsd29w=
-10,-87,onjBbomCZiuXPFCIgxE5pqW+ghQ=,fszq7GAK61ad6s1HvNgRuIsd29w=
-10,-84,onjBbomCZiuXPFCIgxE5pqW+ghQ=,fszq7GAK61ad6s1HvNgRuIsd29w=
-1,-91,onjBbomCZiuXPFCIgxE5pqW+ghQ=,fszq7GAK61ad6s1HvNgRuIsd29w=
-10,-86,onjBbomCZiuXPFCIgxE5pqW+ghQ=,fszq7GAK61ad6s1HvNgRuIsd29w=
-1,-92,onjBbomCZiuXPFCIgxE5pqW+ghQ=,fszq7GAK61ad6s1HvNgRuIsd29w=
-8,-91,onjBbomCZiuXPFCIgxE5pqW+ghQ=,fszq7GAK61ad6s1HvNgRuIsd29w=
-2,-91,onjBbomCZiuXPFCIgxE5pqW+ghQ=,fszq7GAK61ad6s1HvNgRuIsd29w=
-7,-90,onjBbomCZiuXPFCIgxE5pqW+ghQ=,fszq7GAK61ad6s1HvNgRuIsd29w=
-11,-83,onjBbomCZiuXPFCIgxE5pqW+ghQ=,fszq7GAK61ad6s1HvNgRuIsd29w=
-8,-90,onjBbomCZiuXPFCIgxE5pqW+ghQ=,fszq7GAK61ad6s1HvNgRuIsd29w=
-2,-84,onjBbomCZiuXPFCIgxE5pqW+ghQ=,fszq7GAK61ad6s1HvNgRuIsd29w=
-10,-85,onjBbomCZiuXPFCIgxE5pqW+ghQ=,fszq7GAK61ad6s1HvNgRuIsd29w=
-12,-92,onjBbomCZiuXPFCIgxE5pqW+ghQ=,fszq7GAK61ad6s1HvNgRuIsd29w=
-8,-88,onjBbomCZiuXPFCIgxE5pqW+ghQ=,fszq7GAK61ad6s1HvNgRuIsd29w=
-10,-88,onjBbomCZiuXPFCIgxE5pqW+ghQ=,fszq7GAK61ad6s1HvNgRuIsd29w=
-5,-85,onjBbomCZiuXPFCIgxE5pqW+ghQ=,fszq7GAK61ad6s1HvNgRuIsd29w=
-1,-81,onjBbomCZiuXPFCIgxE5pqW+ghQ=,fszq7GAK61ad6s1HvNgRuIsd29w=
-9,-83,onjBbomCZiuXPFCIgxE5pqW+ghQ=,fszq7GAK61ad6s1HvNgRuIsd29w=
-9,-88,onjBbomCZiuXPFCIgxE5pqW+ghQ=,fszq7GAK61ad6s1HvNgRuIsd29w=
-3,-83,onjBbomCZiuXPFCIgxE5pqW+ghQ=,fszq7GAK61ad6s1HvNgRuIsd29w=
-2,-83,onjBbomCZiuXPFCIgxE5pqW+ghQ=,fszq7GAK61ad6s1HvNgRuIsd29w=
-8,-86,onjBbomCZiuXPFCIgxE5pqW+ghQ=,fszq7GAK61ad6s1HvNgRuIsd29w=
-5,-87,onjBbomCZiuXPFCIgxE5pqW+ghQ=,fszq7GAK61ad6s1HvNgRuIsd29w=
-8,-87,onjBbomCZiuXPFCIgxE5pqW+ghQ=,fszq7GAK61ad6s1HvNgRuIsd29w=
-9,-90,onjBbomCZiuXPFCIgxE5pqW+ghQ=,fszq7GAK61ad6s1HvNgRuIsd29w=
-3,-87,onjBbomCZiuXPFCIgxE5pqW+ghQ=,fszq7GAK61ad6s1HvNgRuIsd29w=
-8,-84,onjBbomCZiuXPFCIgxE5pqW+ghQ=,fszq7GAK61ad6s1HvNgRuIsd29w=
-1,-85,onjBbomCZiuXPFCIgxE5pqW+ghQ=,fszq7GAK61ad6s1HvNgRuIsd29w=
-8,-85,onjBbomCZiuXPFCIgxE5pqW+ghQ=,fszq7GAK61ad6s1HvNgRuIsd29w=
-9,-87,onjBbomCZiuXPFCIgxE5pqW+ghQ=,fszq7GAK61ad6s1HvNgRuIsd29w=
-1,-86,onjBbomCZiuXPFCIgxE5pqW+ghQ=,fszq7GAK61ad6s1HvNgRuIsd29w=
-11,-88,onjBbomCZiuXPFCIgxE5pqW+ghQ=,fszq7GAK61ad6s1HvNgRuIsd29w=
-7,-88,onjBbomCZiuXPFCIgxE5pqW+ghQ=,fszq7GAK61ad6s1HvNgRuIsd29w=
-4,-84,onjBbomCZiuXPFCIgxE5pqW+ghQ=,fszq7GAK61ad6s1HvNgRuIsd29w=
-3,-84,onjBbomCZiuXPFCIgxE5pqW+ghQ=,fszq7GAK61ad6s1HvNgRuIsd29w=
-9,-85,onjBbomCZiuXPFCIgxE5pqW+ghQ=,fszq7GAK61ad6s1HvNgRuIsd29w=
-4,-87,onjBbomCZiuXPFCIgxE5pqW+ghQ=,fszq7GAK61ad6s1HvNgRuIsd29w=
-2,-87,onjBbomCZiuXPFCIgxE5pqW+ghQ=,fszq7GAK61ad6s1HvNgRuIsd29w=
-3,-86,onjBbomCZiuXPFCIgxE5pqW+ghQ=,fszq7GAK61ad6s1HvNgRuIsd29w=
-4,-85,onjBbomCZiuXPFCIgxE5pqW+ghQ=,fszq7GAK61ad6s1HvNgRuIsd29w=
-4,-86,onjBbomCZiuXPFCIgxE5pqW+ghQ=,fszq7GAK61ad6s1HvNgRuIsd29w=
-9,-86,onjBbomCZiuXPFCIgxE5pqW+ghQ=,fszq7GAK61ad6s1HvNgRuIsd29w=
-2,-85,onjBbomCZiuXPFCIgxE5pqW+ghQ=,fszq7GAK61ad6s1HvNgRuIsd29w=
-3,-85,onjBbomCZiuXPFCIgxE5pqW+ghQ=,fszq7GAK61ad6s1HvNgRuIsd29w=
-2,-86,onjBbomCZiuXPFCIgxE5pqW+ghQ=,fszq7GAK61ad6s1HvNgRuIsd29w=
