1,34,MUZkkvqQZY0g7Mn0yksx4bZ+mY4=,fszq7GAK61ad6s1HvNgRuIsd29w=
2,34,LbykKUl0Ij9DqDvgtBsI5/wCS7E=,fszq7GAK61ad6s1HvNgRuIsd29w=
7,34,LbykKUl0Ij9DqDvgtBsI5/wCS7E=,fszq7GAK61ad6s1HvNgRuIsd29w=
3,38,LbykKUl0Ij9DqDvgtBsI5/wCS7E=,fszq7GAK61ad6s1HvNgRuIsd29w=
7,33,LbykKUl0Ij9DqDvgtBsI5/wCS7E=,fszq7GAK61ad6s1HvNgRuIsd29w=
6,33,LbykKUl0Ij9DqDvgtBsI5/wCS7E=,fszq7GAK61ad6s1HvNgRuIsd29w=
5,33,LbykKUl0Ij9DqDvgtBsI5/wCS7E=,fszq7GAK61ad6s1HvNgRuIsd29w=
3,37,LbykKUl0Ij9DqDvgtBsI5/wCS7E=,fszq7GAK61ad6s1HvNgRuIsd29w=
4,33,LbykKUl0Ij9DqDvgtBsI5/wCS7E=,fszq7GAK61ad6s1HvNgRuIsd29w=
3,33,LbykKUl0Ij9DqDvgtBsI5/wCS7E=,fszq7GAK61ad6s1HvNgRuIsd29w=
2,33,LbykKUl0Ij9DqDvgtBsI5/wCS7E=,fszq7GAK61ad6s1HvNgRuIsd29w=
2,37,LbykKUl0Ij9DqDvgtBsI5/wCS7E=,fszq7GAK61ad6s1HvNgRuIsd29w=
2,38,LbykKUl0Ij9DqDvgtBsI5/wCS7E=,fszq7GAK61ad6s1HvNgRuIsd29w=
6,38,LbykKUl0Ij9DqDvgtBsI5/wCS7E=,fszq7GAK61ad6s1HvNgRuIsd29w=
6,34,LbykKUl0Ij9DqDvgtBsI5/wCS7E=,fszq7GAK61ad6s1HvNgRuIsd29w=
7,38,LbykKUl0Ij9DqDvgtBsI5/wCS7E=,fszq7GAK61ad6s1HvNgRuIsd29w=
1,38,LbykKUl0Ij9DqDvgtBsI5/wCS7E=,fszq7GAK61ad6s1HvNgRuIsd29w=
5,38,LbykKUl0Ij9DqDvgtBsI5/wCS7E=,fszq7GAK61ad6s1HvNgRuIsd29w=
7,36,LbykKUl0Ij9DqDvgtBsI5/wCS7E=,fszq7GAK61ad6s1HvNgRuIsd29w=
5,34,LbykKUl0Ij9DqDvgtBsI5/wCS7E=,fszq7GAK61ad6s1HvNgRuIsd29w=
7,37,LbykKUl0Ij9DqDvgtBsI5/wCS7E=,fszq7GAK61ad6s1HvNgRuIsd29w=
7,35,LbykKUl0Ij9DqDvgtBsI5/wCS7E=,fszq7GAK61ad6s1HvNgRuIsd29w=
6,35,LbykKUl0Ij9DqDvgtBsI5/wCS7E=,fszq7GAK61ad6s1HvNgRuIsd29w=
5,35,LbykKUl0Ij9DqDvgtBsI5/wCS7E=,fszq7GAK61ad6s1HvNgRuIsd29w=
4,35,LbykKUl0Ij9DqDvgtBsI5/wCS7E=,fszq7GAK61ad6s1HvNgRuIsd29w=
4,38,LbykKUl0Ij9DqDvgtBsI5/wCS7E=,fszq7GAK61ad6s1HvNgRuIsd29w=
6,37,LbykKUl0Ij9DqDvgtBsI5/wCS7E=,fszq7GAK61ad6s1HvNgRuIsd29w=
6,36,LbykKUl0Ij9DqDvgtBsI5/wCS7E=,fszq7GAK61ad6s1HvNgRuIsd29w=
3,35,LbykKUl0Ij9DqDvgtBsI5/wCS7E=,fszq7GAK61ad6s1HvNgRuIsd29w=
5,37,LbykKUl0Ij9DqDvgtBsI5/wCS7E=,fszq7GAK61ad6s1HvNgRuIsd29w=
4,37,LbykKUl0Ij9DqDvgtBsI5/wCS7E=,fszq7GAK61ad6s1HvNgRuIsd29w=
4,34,LbykKUl0Ij9DqDvgtBsI5/wCS7E=,fszq7GAK61ad6s1HvNgRuIsd29w=
4,36,LbykKUl0Ij9DqDvgtBsI5/wCS7E=,fszq7GAK61ad6s1HvNgRuIsd29w=
1,35,LbykKUl0Ij9DqDvgtBsI5/wCS7E=,fszq7GAK61ad6s1HvNgRuIsd29w=
5,36,LbykKUl0Ij9DqDvgtBsI5/wCS7E=,fszq7GAK61ad6s1HvNgRuIsd29w=
0,35,LbykKUl0Ij9DqDvgtBsI5/wCS7E=,fszq7GAK61ad6s1HvNgRuIsd29w=
0,34,LbykKUl0Ij9DqDvgtBsI5/wCS7E=,fszq7GAK61ad6s1HvNgRuIsd29w=
0,38,LbykKUl0Ij9DqDvgtBsI5/wCS7E=,fszq7GAK61ad6s1HvNgRuIsd29w=
4,39,LbykKUl0Ij9DqDvgtBsI5/wCS7E=,fszq7GAK61ad6s1HvNgRuIsd29w=
0,33,LbykKUl0Ij9DqDvgtBsI5/wCS7E=,fszq7GAK61ad6s1HvNgRuIsd29w=
1,46,LbykKUl0Ij9DqDvgtBsI5/wCS7E=,fszq7GAK61ad6s1HvNgRuIsd29w=
3,46,LbykKUl0Ij9DqDvgtBsI5/wCS7E=,fszq7GAK61ad6s1HvNgRuIsd29w=
2,46,LbykKUl0Ij9DqDvgtBsI5/wCS7E=,fszq7GAK61ad6s1HvNgRuIsd29w=
4,46,LbykKUl0Ij9DqDvgtBsI5/wCS7E=,fszq7GAK61ad6s1HvNgRuIsd29w=
5,46,LbykKUl0Ij9DqDvgtBsI5/wCS7E=,fszq7GAK61ad6s1HvNgRuIsd29w=
6,46,LbykKUl0Ij9DqDvgtBsI5/wCS7E=,fszq7GAK61ad6s1HvNgRuIsd29w=
5,39,LbykKUl0Ij9DqDvgtBsI5/wCS7E=,fszq7GAK61ad6s1HvNgRuIsd29w=
7,46,LbykKUl0Ij9DqDvgtBsI5/wCS7E=,fszq7GAK61ad6s1HvNgRuIsd29w=
6,39,LbykKUl0Ij9DqDvgtBsI5/wCS7E=,fszq7GAK61ad6s1HvNgRuIsd29w=
7,39,LbykKUl0Ij9DqDvgtBsI5/wCS7E=,fszq7GAK61ad6s1HvNgRuIsd29w=
0,40,LbykKUl0Ij9DqDvgtBsI5/wCS7E=,fszq7GAK61ad6s1HvNgRuIsd29w=
1,40,LbykKUl0Ij9DqDvgtBsI5/wCS7E=,fszq7GAK61ad6s1HvNgRuIsd29w=
2,40,LbykKUl0Ij9DqDvgtBsI5/wCS7E=,fszq7GAK61ad6s1HvNgRuIsd29w=
3,40,LbykKUl0Ij9DqDvgtBsI5/wCS7E=,fszq7GAK61ad6s1HvNgRuIsd29w=
4,40,LbykKUl0Ij9DqDvgtBsI5/wCS7E=,fszq7GAK61ad6s1HvNgRuIsd29w=
5,40,LbykKUl0Ij9DqDvgtBsI5/wCS7E=,fszq7GAK61ad6s1HvNgRuIsd29w=
6,40,LbykKUl0Ij9DqDvgtBsI5/wCS7E=,fszq7GAK61ad6s1HvNgRuIsd29w=
7,40,LbykKUl0Ij9DqDvgtBsI5/wCS7E=,fszq7GAK61ad6s1HvNgRuIsd29w=
1,41,LbykKUl0Ij9DqDvgtBsI5/wCS7E=,fszq7GAK61ad6s1HvNgRuIsd29w=
2,41,LbykKUl0Ij9DqDvgtBsI5/wCS7E=,fszq7GAK61ad6s1HvNgRuIsd29w=
1,47,LbykKUl0Ij9DqDvgtBsI5/wCS7E=,fszq7GAK61ad6s1HvNgRuIsd29w=
3,39,LbykKUl0Ij9DqDvgtBsI5/wCS7E=,fszq7GAK61ad6s1HvNgRuIsd29w=
2,39,LbykKUl0Ij9DqDvgtBsI5/wCS7E=,fszq7GAK61ad6s1HvNgRuIsd29w=
1,39,LbykKUl0Ij9DqDvgtBsI5/wCS7E=,fszq7GAK61ad6s1HvNgRuIsd29w=
7,45,LbykKUl0Ij9DqDvgtBsI5/wCS7E=,fszq7GAK61ad6s1HvNgRuIsd29w=
0,39,LbykKUl0Ij9DqDvgtBsI5/wCS7E=,fszq7GAK61ad6s1HvNgRuIsd29w=
6,45,LbykKUl0Ij9DqDvgtBsI5/wCS7E=,fszq7GAK61ad6s1HvNgRuIsd29w=
5,45,LbykKUl0Ij9DqDvgtBsI5/wCS7E=,fszq7GAK61ad6s1HvNgRuIsd29w=
3,41,LbykKUl0Ij9DqDvgtBsI5/wCS7E=,fszq7GAK61ad6s1HvNgRuIsd29w=
4,41,LbykKUl0Ij9DqDvgtBsI5/wCS7E=,fszq7GAK61ad6s1HvNgRuIsd29w=
5,41,LbykKUl0Ij9DqDvgtBsI5/wCS7E=,fszq7GAK61ad6s1HvNgRuIsd29w=
6,41,LbykKUl0Ij9DqDvgtBsI5/wCS7E=,fszq7GAK61ad6s1HvNgRuIsd29w=
7,41,LbykKUl0Ij9DqDvgtBsI5/wCS7E=,fszq7GAK61ad6s1HvNgRuIsd29w=
0,42,LbykKUl0Ij9DqDvgtBsI5/wCS7E=,fszq7GAK61ad6s1HvNgRuIsd29w=
1,42,LbykKUl0Ij9DqDvgtBsI5/wCS7E=,fszq7GAK61ad6s1HvNgRuIsd29w=
2,42,LbykKUl0Ij9DqDvgtBsI5/wCS7E=,fszq7GAK61ad6s1HvNgRuIsd29w=
3,42,LbykKUl0Ij9DqDvgtBsI5/wCS7E=,fszq7GAK61ad6s1HvNgRuIsd29w=
2,47,LbykKUl0Ij9DqDvgtBsI5/wCS7E=,fszq7GAK61ad6s1HvNgRuIsd29w=
4,42,LbykKUl0Ij9DqDvgtBsI5/wCS7E=,fszq7GAK61ad6s1HvNgRuIsd29w=
3,47,LbykKUl0Ij9DqDvgtBsI5/wCS7E=,fszq7GAK61ad6s1HvNgRuIsd29w=
4,47,LbykKUl0Ij9DqDvgtBsI5/wCS7E=,fszq7GAK61ad6s1HvNgRuIsd29w=
5,42,LbykKUl0Ij9DqDvgtBsI5/wCS7E=,fszq7GAK61ad6s1HvNgRuIsd29w=
5,47,LbykKUl0Ij9DqDvgtBsI5/wCS7E=,fszq7GAK61ad6s1HvNgRuIsd29w=
6,42,LbykKUl0Ij9DqDvgtBsI5/wCS7E=,fszq7GAK61ad6s1HvNgRuIsd29w=
0,41,LbykKUl0Ij9DqDvgtBsI5/wCS7E=,fszq7GAK61ad6s1HvNgRuIsd29w=
4,45,LbykKUl0Ij9DqDvgtBsI5/wCS7E=,fszq7GAK61ad6s1HvNgRuIsd29w=
3,36,LbykKUl0Ij9DqDvgtBsI5/wCS7E=,fszq7GAK61ad6s1HvNgRuIsd29w=
6,44,LbykKUl0Ij9DqDvgtBsI5/wCS7E=,fszq7GAK61ad6s1HvNgRuIsd29w=
1,37,LbykKUl0Ij9DqDvgtBsI5/wCS7E=,fszq7GAK61ad6s1HvNgRuIsd29w=
5,44,LbykKUl0Ij9DqDvgtBsI5/wCS7E=,fszq7GAK61ad6s1HvNgRuIsd29w=
3,44,LbykKUl0Ij9DqDvgtBsI5/wCS7E=,fszq7GAK61ad6s1HvNgRuIsd29w=
2,44,LbykKUl0Ij9DqDvgtBsI5/wCS7E=,fszq7GAK61ad6s1HvNgRuIsd29w=
0,37,LbykKUl0Ij9DqDvgtBsI5/wCS7E=,fszq7GAK61ad6s1HvNgRuIsd29w=
7,47,LbykKUl0Ij9DqDvgtBsI5/wCS7E=,fszq7GAK61ad6s1HvNgRuIsd29w=
2,36,LbykKUl0Ij9DqDvgtBsI5/wCS7E=,fszq7GAK61ad6s1HvNgRuIsd29w=
1,43,LbykKUl0Ij9DqDvgtBsI5/wCS7E=,fszq7GAK61ad6s1HvNgRuIsd29w=
6,47,LbykKUl0Ij9DqDvgtBsI5/wCS7E=,fszq7GAK61ad6s1HvNgRuIsd29w=
0,43,LbykKUl0Ij9DqDvgtBsI5/wCS7E=,fszq7GAK61ad6s1HvNgRuIsd29w=
1,36,LbykKUl0Ij9DqDvgtBsI5/wCS7E=,fszq7GAK61ad6s1HvNgRuIsd29w=
7,42,LbykKUl0Ij9DqDvgtBsI5/wCS7E=,fszq7GAK61ad6s1HvNgRuIsd29w=
0,36,LbykKUl0Ij9DqDvgtBsI5/wCS7E=,fszq7GAK61ad6s1HvNgRuIsd29w=
1,44,LbykKUl0Ij9DqDvgtBsI5/wCS7E=,fszq7GAK61ad6s1HvNgRuIsd29w=
3,45,LbykKUl0Ij9DqDvgtBsI5/wCS7E=,fszq7GAK61ad6s1HvNgRuIsd29w=
2,45,LbykKUl0Ij9DqDvgtBsI5/wCS7E=,fszq7GAK61ad6s1HvNgRuIsd29w=
1,45,LbykKUl0Ij9DqDvgtBsI5/wCS7E=,fszq7GAK61ad6s1HvNgRuIsd29w=
7,43,LbykKUl0Ij9DqDvgtBsI5/wCS7E=,fszq7GAK61ad6s1HvNgRuIsd29w=
7,44,LbykKUl0Ij9DqDvgtBsI5/wCS7E=,fszq7GAK61ad6s1HvNgRuIsd29w=
6,43,LbykKUl0Ij9DqDvgtBsI5/wCS7E=,fszq7GAK61ad6s1HvNgRuIsd29w=
5,43,LbykKUl0Ij9DqDvgtBsI5/wCS7E=,fszq7GAK61ad6s1HvNgRuIsd29w=
4,43,LbykKUl0Ij9DqDvgtBsI5/wCS7E=,fszq7GAK61ad6s1HvNgRuIsd29w=
3,43,LbykKUl0Ij9DqDvgtBsI5/wCS7E=,fszq7GAK61ad6s1HvNgRuIsd29w=
4,44,LbykKUl0Ij9DqDvgtBsI5/wCS7E=,fszq7GAK61ad6s1HvNgRuIsd29w=
2,43,LbykKUl0Ij9DqDvgtBsI5/wCS7E=,fszq7GAK61ad6s1HvNgRuIsd29w=
0,45,LbykKUl0Ij9DqDvgtBsI5/wCS7E=,fszq7GAK61ad6s1HvNgRuIsd29w=
0,44,LbykKUl0Ij9DqDvgtBsI5/wCS7E=,fszq7GAK61ad6s1HvNgRuIsd29w=
0,46,LbykKUl0Ij9DqDvgtBsI5/wCS7E=,fszq7GAK61ad6s1HvNgRuIsd29w=
0,47,LbykKUl0Ij9DqDvgtBsI5/wCS7E=,fszq7GAK61ad6s1HvNgRuIsd29w=
5,32,LbykKUl0Ij9DqDvgtBsI5/wCS7E=,fszq7GAK61ad6s1HvNgRuIsd29w=
7,32,LbykKUl0Ij9DqDvgtBsI5/wCS7E=,fszq7GAK61ad6s1HvNgRuIsd29w=
4,32,LbykKUl0Ij9DqDvgtBsI5/wCS7E=,fszq7GAK61ad6s1HvNgRuIsd29w=
3,32,LbykKUl0Ij9DqDvgtBsI5/wCS7E=,fszq7GAK61ad6s1HvNgRuIsd29w=
6,32,LbykKUl0Ij9DqDvgtBsI5/wCS7E=,fszq7GAK61ad6s1HvNgRuIsd29w=
1,33,LbykKUl0Ij9DqDvgtBsI5/wCS7E=,fszq7GAK61ad6s1HvNgRuIsd29w=
2,32,LbykKUl0Ij9DqDvgtBsI5/wCS7E=,fszq7GAK61ad6s1HvNgRuIsd29w=
3,34,LbykKUl0Ij9DqDvgtBsI5/wCS7E=,fszq7GAK61ad6s1HvNgRuIsd29w=
2,35,LbykKUl0Ij9DqDvgtBsI5/wCS7E=,fszq7GAK61ad6s1HvNgRuIsd29w=
1,32,LbykKUl0Ij9DqDvgtBsI5/wCS7E=,fszq7GAK61ad6s1HvNgRuIsd29w=
0,32,LbykKUl0Ij9DqDvgtBsI5/wCS7E=,fszq7GAK61ad6s1HvNgRuIsd29w=
2,52,9QXdDLfwIcTz8YW5ToIz2boZ/LU=,fszq7GAK61ad6s1HvNgRuIsd29w=
3,54,9QXdDLfwIcTz8YW5ToIz2boZ/LU=,fszq7GAK61ad6s1HvNgRuIsd29w=
7,50,9QXdDLfwIcTz8YW5ToIz2boZ/LU=,fszq7GAK61ad6s1HvNgRuIsd29w=
6,50,9QXdDLfwIcTz8YW5ToIz2boZ/LU=,fszq7GAK61ad6s1HvNgRuIsd29w=
2,54,9QXdDLfwIcTz8YW5ToIz2boZ/LU=,fszq7GAK61ad6s1HvNgRuIsd29w=
1,54,9QXdDLfwIcTz8YW5ToIz2boZ/LU=,fszq7GAK61ad6s1HvNgRuIsd29w=
3,53,9QXdDLfwIcTz8YW5ToIz2boZ/LU=,fszq7GAK61ad6s1HvNgRuIsd29w=
7,53,9QXdDLfwIcTz8YW5ToIz2boZ/LU=,fszq7GAK61ad6s1HvNgRuIsd29w=
7,49,9QXdDLfwIcTz8YW5ToIz2boZ/LU=,fszq7GAK61ad6s1HvNgRuIsd29w=
6,49,9QXdDLfwIcTz8YW5ToIz2boZ/LU=,fszq7GAK61ad6s1HvNgRuIsd29w=
7,54,9QXdDLfwIcTz8YW5ToIz2boZ/LU=,fszq7GAK61ad6s1HvNgRuIsd29w=
2,53,9QXdDLfwIcTz8YW5ToIz2boZ/LU=,fszq7GAK61ad6s1HvNgRuIsd29w=
1,52,9QXdDLfwIcTz8YW5ToIz2boZ/LU=,fszq7GAK61ad6s1HvNgRuIsd29w=
7,51,9QXdDLfwIcTz8YW5ToIz2boZ/LU=,fszq7GAK61ad6s1HvNgRuIsd29w=
6,54,9QXdDLfwIcTz8YW5ToIz2boZ/LU=,fszq7GAK61ad6s1HvNgRuIsd29w=
6,51,9QXdDLfwIcTz8YW5ToIz2boZ/LU=,fszq7GAK61ad6s1HvNgRuIsd29w=
1,53,9QXdDLfwIcTz8YW5ToIz2boZ/LU=,fszq7GAK61ad6s1HvNgRuIsd29w=
5,51,9QXdDLfwIcTz8YW5ToIz2boZ/LU=,fszq7GAK61ad6s1HvNgRuIsd29w=
7,52,9QXdDLfwIcTz8YW5ToIz2boZ/LU=,fszq7GAK61ad6s1HvNgRuIsd29w=
6,53,9QXdDLfwIcTz8YW5ToIz2boZ/LU=,fszq7GAK61ad6s1HvNgRuIsd29w=
4,51,9QXdDLfwIcTz8YW5ToIz2boZ/LU=,fszq7GAK61ad6s1HvNgRuIsd29w=
3,51,9QXdDLfwIcTz8YW5ToIz2boZ/LU=,fszq7GAK61ad6s1HvNgRuIsd29w=
5,53,9QXdDLfwIcTz8YW5ToIz2boZ/LU=,fszq7GAK61ad6s1HvNgRuIsd29w=
6,52,kQ+TVZegN+2n7UaSHJWQVSwu25U=,fszq7GAK61ad6s1HvNgRuIsd29w=
2,51,kQ+TVZegN+2n7UaSHJWQVSwu25U=,fszq7GAK61ad6s1HvNgRuIsd29w=
5,50,kQ+TVZegN+2n7UaSHJWQVSwu25U=,fszq7GAK61ad6s1HvNgRuIsd29w=
3,50,kQ+TVZegN+2n7UaSHJWQVSwu25U=,fszq7GAK61ad6s1HvNgRuIsd29w=
4,50,kQ+TVZegN+2n7UaSHJWQVSwu25U=,fszq7GAK61ad6s1HvNgRuIsd29w=
5,52,kQ+TVZegN+2n7UaSHJWQVSwu25U=,fszq7GAK61ad6s1HvNgRuIsd29w=
2,50,kQ+TVZegN+2n7UaSHJWQVSwu25U=,fszq7GAK61ad6s1HvNgRuIsd29w=
5,54,kQ+TVZegN+2n7UaSHJWQVSwu25U=,fszq7GAK61ad6s1HvNgRuIsd29w=
5,49,kQ+TVZegN+2n7UaSHJWQVSwu25U=,fszq7GAK61ad6s1HvNgRuIsd29w=
4,49,kQ+TVZegN+2n7UaSHJWQVSwu25U=,fszq7GAK61ad6s1HvNgRuIsd29w=
2,49,kQ+TVZegN+2n7UaSHJWQVSwu25U=,fszq7GAK61ad6s1HvNgRuIsd29w=
1,51,kQ+TVZegN+2n7UaSHJWQVSwu25U=,fszq7GAK61ad6s1HvNgRuIsd29w=
4,52,kQ+TVZegN+2n7UaSHJWQVSwu25U=,fszq7GAK61ad6s1HvNgRuIsd29w=
4,53,kQ+TVZegN+2n7UaSHJWQVSwu25U=,fszq7GAK61ad6s1HvNgRuIsd29w=
3,49,kQ+TVZegN+2n7UaSHJWQVSwu25U=,fszq7GAK61ad6s1HvNgRuIsd29w=
3,52,kQ+TVZegN+2n7UaSHJWQVSwu25U=,fszq7GAK61ad6s1HvNgRuIsd29w=
4,54,kQ+TVZegN+2n7UaSHJWQVSwu25U=,fszq7GAK61ad6s1HvNgRuIsd29w=
2,48,kQ+TVZegN+2n7UaSHJWQVSwu25U=,fszq7GAK61ad6s1HvNgRuIsd29w=
4,48,kQ+TVZegN+2n7UaSHJWQVSwu25U=,fszq7GAK61ad6s1HvNgRuIsd29w=
5,48,kQ+TVZegN+2n7UaSHJWQVSwu25U=,fszq7GAK61ad6s1HvNgRuIsd29w=
3,48,kQ+TVZegN+2n7UaSHJWQVSwu25U=,fszq7GAK61ad6s1HvNgRuIsd29w=
6,48,kQ+TVZegN+2n7UaSHJWQVSwu25U=,fszq7GAK61ad6s1HvNgRuIsd29w=
4,55,kQ+TVZegN+2n7UaSHJWQVSwu25U=,fszq7GAK61ad6s1HvNgRuIsd29w=
5,55,kQ+TVZegN+2n7UaSHJWQVSwu25U=,fszq7GAK61ad6s1HvNgRuIsd29w=
6,55,kQ+TVZegN+2n7UaSHJWQVSwu25U=,fszq7GAK61ad6s1HvNgRuIsd29w=
7,55,kQ+TVZegN+2n7UaSHJWQVSwu25U=,fszq7GAK61ad6s1HvNgRuIsd29w=
3,62,kQ+TVZegN+2n7UaSHJWQVSwu25U=,fszq7GAK61ad6s1HvNgRuIsd29w=
4,62,kQ+TVZegN+2n7UaSHJWQVSwu25U=,fszq7GAK61ad6s1HvNgRuIsd29w=
5,62,kQ+TVZegN+2n7UaSHJWQVSwu25U=,fszq7GAK61ad6s1HvNgRuIsd29w=
1,56,kQ+TVZegN+2n7UaSHJWQVSwu25U=,fszq7GAK61ad6s1HvNgRuIsd29w=
2,56,kQ+TVZegN+2n7UaSHJWQVSwu25U=,fszq7GAK61ad6s1HvNgRuIsd29w=
6,62,kQ+TVZegN+2n7UaSHJWQVSwu25U=,fszq7GAK61ad6s1HvNgRuIsd29w=
3,56,kQ+TVZegN+2n7UaSHJWQVSwu25U=,fszq7GAK61ad6s1HvNgRuIsd29w=
5,56,kQ+TVZegN+2n7UaSHJWQVSwu25U=,fszq7GAK61ad6s1HvNgRuIsd29w=
6,56,kQ+TVZegN+2n7UaSHJWQVSwu25U=,fszq7GAK61ad6s1HvNgRuIsd29w=
4,56,kQ+TVZegN+2n7UaSHJWQVSwu25U=,fszq7GAK61ad6s1HvNgRuIsd29w=
7,62,kQ+TVZegN+2n7UaSHJWQVSwu25U=,fszq7GAK61ad6s1HvNgRuIsd29w=
7,56,kQ+TVZegN+2n7UaSHJWQVSwu25U=,fszq7GAK61ad6s1HvNgRuIsd29w=
1,57,kQ+TVZegN+2n7UaSHJWQVSwu25U=,fszq7GAK61ad6s1HvNgRuIsd29w=
2,57,kQ+TVZegN+2n7UaSHJWQVSwu25U=,fszq7GAK61ad6s1HvNgRuIsd29w=
3,57,kQ+TVZegN+2n7UaSHJWQVSwu25U=,fszq7GAK61ad6s1HvNgRuIsd29w=
4,57,kQ+TVZegN+2n7UaSHJWQVSwu25U=,fszq7GAK61ad6s1HvNgRuIsd29w=
5,57,kQ+TVZegN+2n7UaSHJWQVSwu25U=,fszq7GAK61ad6s1HvNgRuIsd29w=
6,57,kQ+TVZegN+2n7UaSHJWQVSwu25U=,fszq7GAK61ad6s1HvNgRuIsd29w=
7,57,kQ+TVZegN+2n7UaSHJWQVSwu25U=,fszq7GAK61ad6s1HvNgRuIsd29w=
1,58,kQ+TVZegN+2n7UaSHJWQVSwu25U=,fszq7GAK61ad6s1HvNgRuIsd29w=
3,58,kQ+TVZegN+2n7UaSHJWQVSwu25U=,fszq7GAK61ad6s1HvNgRuIsd29w=
2,58,kQ+TVZegN+2n7UaSHJWQVSwu25U=,fszq7GAK61ad6s1HvNgRuIsd29w=
5,58,kQ+TVZegN+2n7UaSHJWQVSwu25U=,fszq7GAK61ad6s1HvNgRuIsd29w=
6,58,kQ+TVZegN+2n7UaSHJWQVSwu25U=,fszq7GAK61ad6s1HvNgRuIsd29w=
7,58,kQ+TVZegN+2n7UaSHJWQVSwu25U=,fszq7GAK61ad6s1HvNgRuIsd29w=
1,59,kQ+TVZegN+2n7UaSHJWQVSwu25U=,fszq7GAK61ad6s1HvNgRuIsd29w=
4,58,kQ+TVZegN+2n7UaSHJWQVSwu25U=,fszq7GAK61ad6s1HvNgRuIsd29w=
2,59,kQ+TVZegN+2n7UaSHJWQVSwu25U=,fszq7GAK61ad6s1HvNgRuIsd29w=
4,59,kQ+TVZegN+2n7UaSHJWQVSwu25U=,fszq7GAK61ad6s1HvNgRuIsd29w=
5,59,kQ+TVZegN+2n7UaSHJWQVSwu25U=,fszq7GAK61ad6s1HvNgRuIsd29w=
6,59,kQ+TVZegN+2n7UaSHJWQVSwu25U=,fszq7GAK61ad6s1HvNgRuIsd29w=
3,59,kQ+TVZegN+2n7UaSHJWQVSwu25U=,fszq7GAK61ad6s1HvNgRuIsd29w=
7,59,kQ+TVZegN+2n7UaSHJWQVSwu25U=,fszq7GAK61ad6s1HvNgRuIsd29w=
1,60,kQ+TVZegN+2n7UaSHJWQVSwu25U=,fszq7GAK61ad6s1HvNgRuIsd29w=
2,60,kQ+TVZegN+2n7UaSHJWQVSwu25U=,fszq7GAK61ad6s1HvNgRuIsd29w=
3,60,kQ+TVZegN+2n7UaSHJWQVSwu25U=,fszq7GAK61ad6s1HvNgRuIsd29w=
4,60,kQ+TVZegN+2n7UaSHJWQVSwu25U=,fszq7GAK61ad6s1HvNgRuIsd29w=
5,60,kQ+TVZegN+2n7UaSHJWQVSwu25U=,fszq7GAK61ad6s1HvNgRuIsd29w=
7,60,kQ+TVZegN+2n7UaSHJWQVSwu25U=,fszq7GAK61ad6s1HvNgRuIsd29w=
1,61,kQ+TVZegN+2n7UaSHJWQVSwu25U=,fszq7GAK61ad6s1HvNgRuIsd29w=
6,60,kQ+TVZegN+2n7UaSHJWQVSwu25U=,fszq7GAK61ad6s1HvNgRuIsd29w=
2,61,kQ+TVZegN+2n7UaSHJWQVSwu25U=,fszq7GAK61ad6s1HvNgRuIsd29w=
4,61,kQ+TVZegN+2n7UaSHJWQVSwu25U=,fszq7GAK61ad6s1HvNgRuIsd29w=
3,61,kQ+TVZegN+2n7UaSHJWQVSwu25U=,fszq7GAK61ad6s1HvNgRuIsd29w=
5,61,kQ+TVZegN+2n7UaSHJWQVSwu25U=,fszq7GAK61ad6s1HvNgRuIsd29w=
6,61,kQ+TVZegN+2n7UaSHJWQVSwu25U=,fszq7GAK61ad6s1HvNgRuIsd29w=
7,61,kQ+TVZegN+2n7UaSHJWQVSwu25U=,fszq7GAK61ad6s1HvNgRuIsd29w=
2,55,kQ+TVZegN+2n7UaSHJWQVSwu25U=,fszq7GAK61ad6s1HvNgRuIsd29w=
3,55,kQ+TVZegN+2n7UaSHJWQVSwu25U=,fszq7GAK61ad6s1HvNgRuIsd29w=
0,51,kQ+TVZegN+2n7UaSHJWQVSwu25U=,fszq7GAK61ad6s1HvNgRuIsd29w=
0,53,kQ+TVZegN+2n7UaSHJWQVSwu25U=,fszq7GAK61ad6s1HvNgRuIsd29w=
0,52,kQ+TVZegN+2n7UaSHJWQVSwu25U=,fszq7GAK61ad6s1HvNgRuIsd29w=
0,54,kQ+TVZegN+2n7UaSHJWQVSwu25U=,fszq7GAK61ad6s1HvNgRuIsd29w=
7,48,kQ+TVZegN+2n7UaSHJWQVSwu25U=,fszq7GAK61ad6s1HvNgRuIsd29w=
1,50,kQ+TVZegN+2n7UaSHJWQVSwu25U=,fszq7GAK61ad6s1HvNgRuIsd29w=
1,49,kQ+TVZegN+2n7UaSHJWQVSwu25U=,fszq7GAK61ad6s1HvNgRuIsd29w=
0,49,kQ+TVZegN+2n7UaSHJWQVSwu25U=,fszq7GAK61ad6s1HvNgRuIsd29w=
1,48,kQ+TVZegN+2n7UaSHJWQVSwu25U=,fszq7GAK61ad6s1HvNgRuIsd29w=
0,50,kQ+TVZegN+2n7UaSHJWQVSwu25U=,fszq7GAK61ad6s1HvNgRuIsd29w=
3,63,kQ+TVZegN+2n7UaSHJWQVSwu25U=,fszq7GAK61ad6s1HvNgRuIsd29w=
4,63,kQ+TVZegN+2n7UaSHJWQVSwu25U=,fszq7GAK61ad6s1HvNgRuIsd29w=
5,63,kQ+TVZegN+2n7UaSHJWQVSwu25U=,fszq7GAK61ad6s1HvNgRuIsd29w=
6,63,kQ+TVZegN+2n7UaSHJWQVSwu25U=,fszq7GAK61ad6s1HvNgRuIsd29w=
7,63,kQ+TVZegN+2n7UaSHJWQVSwu25U=,fszq7GAK61ad6s1HvNgRuIsd29w=
0,48,kQ+TVZegN+2n7UaSHJWQVSwu25U=,fszq7GAK61ad6s1HvNgRuIsd29w=
0,55,kQ+TVZegN+2n7UaSHJWQVSwu25U=,fszq7GAK61ad6s1HvNgRuIsd29w=
0,61,kQ+TVZegN+2n7UaSHJWQVSwu25U=,fszq7GAK61ad6s1HvNgRuIsd29w=
1,55,kQ+TVZegN+2n7UaSHJWQVSwu25U=,fszq7GAK61ad6s1HvNgRuIsd29w=
1,62,kQ+TVZegN+2n7UaSHJWQVSwu25U=,fszq7GAK61ad6s1HvNgRuIsd29w=
2,62,kQ+TVZegN+2n7UaSHJWQVSwu25U=,fszq7GAK61ad6s1HvNgRuIsd29w=
0,56,kQ+TVZegN+2n7UaSHJWQVSwu25U=,fszq7GAK61ad6s1HvNgRuIsd29w=
0,60,kQ+TVZegN+2n7UaSHJWQVSwu25U=,fszq7GAK61ad6s1HvNgRuIsd29w=
0,62,kQ+TVZegN+2n7UaSHJWQVSwu25U=,fszq7GAK61ad6s1HvNgRuIsd29w=
2,63,kQ+TVZegN+2n7UaSHJWQVSwu25U=,fszq7GAK61ad6s1HvNgRuIsd29w=
0,59,kQ+TVZegN+2n7UaSHJWQVSwu25U=,fszq7GAK61ad6s1HvNgRuIsd29w=
0,57,kQ+TVZegN+2n7UaSHJWQVSwu25U=,fszq7GAK61ad6s1HvNgRuIsd29w=
0,58,kQ+TVZegN+2n7UaSHJWQVSwu25U=,fszq7GAK61ad6s1HvNgRuIsd29w=
1,63,kQ+TVZegN+2n7UaSHJWQVSwu25U=,fszq7GAK61ad6s1HvNgRuIsd29w=
0,63,kQ+TVZegN+2n7UaSHJWQVSwu25U=,fszq7GAK61ad6s1HvNgRuIsd29w=
