-2,-79,1ScrGk06+BwtT0NyQUIfqWttt+Y=,fszq7GAK61ad6s1HvNgRuIsd29w=
-7,-78,1ScrGk06+BwtT0NyQUIfqWttt+Y=,fszq7GAK61ad6s1HvNgRuIsd29w=
-4,-79,1ScrGk06+BwtT0NyQUIfqWttt+Y=,fszq7GAK61ad6s1HvNgRuIsd29w=
-3,-79,1ScrGk06+BwtT0NyQUIfqWttt+Y=,fszq7GAK61ad6s1HvNgRuIsd29w=
-4,-72,1ScrGk06+BwtT0NyQUIfqWttt+Y=,fszq7GAK61ad6s1HvNgRuIsd29w=
-5,-79,1ScrGk06+BwtT0NyQUIfqWttt+Y=,fszq7GAK61ad6s1HvNgRuIsd29w=
-2,-68,1ScrGk06+BwtT0NyQUIfqWttt+Y=,fszq7GAK61ad6s1HvNgRuIsd29w=
-6,-78,1ScrGk06+BwtT0NyQUIfqWttt+Y=,fszq7GAK61ad6s1HvNgRuIsd29w=
-6,-79,1ScrGk06+BwtT0NyQUIfqWttt+Y=,fszq7GAK61ad6s1HvNgRuIsd29w=
-7,-79,1ScrGk06+BwtT0NyQUIfqWttt+Y=,fszq7GAK61ad6s1HvNgRuIsd29w=
-2,-69,1ScrGk06+BwtT0NyQUIfqWttt+Y=,fszq7GAK61ad6s1HvNgRuIsd29w=
-12,-66,1ScrGk06+BwtT0NyQUIfqWttt+Y=,fszq7GAK61ad6s1HvNgRuIsd29w=
-15,-66,1ScrGk06+BwtT0NyQUIfqWttt+Y=,fszq7GAK61ad6s1HvNgRuIsd29w=
-7,-69,1ScrGk06+BwtT0NyQUIfqWttt+Y=,fszq7GAK61ad6s1HvNgRuIsd29w=
-5,-78,1ScrGk06+BwtT0NyQUIfqWttt+Y=,fszq7GAK61ad6s1HvNgRuIsd29w=
-2,-74,1ScrGk06+BwtT0NyQUIfqWttt+Y=,fszq7GAK61ad6s1HvNgRuIsd29w=
-8,-67,1ScrGk06+BwtT0NyQUIfqWttt+Y=,fszq7GAK61ad6s1HvNgRuIsd29w=
-7,-71,1ScrGk06+BwtT0NyQUIfqWttt+Y=,fszq7GAK61ad6s1HvNgRuIsd29w=
-14,-66,1ScrGk06+BwtT0NyQUIfqWttt+Y=,fszq7GAK61ad6s1HvNgRuIsd29w=
-9,-67,1ScrGk06+BwtT0NyQUIfqWttt+Y=,fszq7GAK61ad6s1HvNgRuIsd29w=
-3,-74,1ScrGk06+BwtT0NyQUIfqWttt+Y=,fszq7GAK61ad6s1HvNgRuIsd29w=
-7,-67,1ScrGk06+BwtT0NyQUIfqWttt+Y=,fszq7GAK61ad6s1HvNgRuIsd29w=
-4,-78,1ScrGk06+BwtT0NyQUIfqWttt+Y=,fszq7GAK61ad6s1HvNgRuIsd29w=
-8,-68,1ScrGk06+BwtT0NyQUIfqWttt+Y=,fszq7GAK61ad6s1HvNgRuIsd29w=
-10,-67,1ScrGk06+BwtT0NyQUIfqWttt+Y=,fszq7GAK61ad6s1HvNgRuIsd29w=
-11,-66,1ScrGk06+BwtT0NyQUIfqWttt+Y=,fszq7GAK61ad6s1HvNgRuIsd29w=
-3,-78,1ScrGk06+BwtT0NyQUIfqWttt+Y=,fszq7GAK61ad6s1HvNgRuIsd29w=
-12,-67,1ScrGk06+BwtT0NyQUIfqWttt+Y=,fszq7GAK61ad6s1HvNgRuIsd29w=
-8,-69,1ScrGk06+BwtT0NyQUIfqWttt+Y=,fszq7GAK61ad6s1HvNgRuIsd29w=
-4,-74,1ScrGk06+BwtT0NyQUIfqWttt+Y=,fszq7GAK61ad6s1HvNgRuIsd29w=
-3,-68,1ScrGk06+BwtT0NyQUIfqWttt+Y=,fszq7GAK61ad6s1HvNgRuIsd29w=
-4,-68,1ScrGk06+BwtT0NyQUIfqWttt+Y=,fszq7GAK61ad6s1HvNgRuIsd29w=
-2,-72,1ScrGk06+BwtT0NyQUIfqWttt+Y=,fszq7GAK61ad6s1HvNgRuIsd29w=
-10,-66,1ScrGk06+BwtT0NyQUIfqWttt+Y=,fszq7GAK61ad6s1HvNgRuIsd29w=
-13,-67,1ScrGk06+BwtT0NyQUIfqWttt+Y=,fszq7GAK61ad6s1HvNgRuIsd29w=
-5,-74,1ScrGk06+BwtT0NyQUIfqWttt+Y=,fszq7GAK61ad6s1HvNgRuIsd29w=
-7,-68,1ScrGk06+BwtT0NyQUIfqWttt+Y=,fszq7GAK61ad6s1HvNgRuIsd29w=
-2,-78,1ScrGk06+BwtT0NyQUIfqWttt+Y=,fszq7GAK61ad6s1HvNgRuIsd29w=
-14,-67,1ScrGk06+BwtT0NyQUIfqWttt+Y=,fszq7GAK61ad6s1HvNgRuIsd29w=
-2,-66,1ScrGk06+BwtT0NyQUIfqWttt+Y=,fszq7GAK61ad6s1HvNgRuIsd29w=
-6,-74,1ScrGk06+BwtT0NyQUIfqWttt+Y=,fszq7GAK61ad6s1HvNgRuIsd29w=
-7,-74,1ScrGk06+BwtT0NyQUIfqWttt+Y=,fszq7GAK61ad6s1HvNgRuIsd29w=
-8,-71,1ScrGk06+BwtT0NyQUIfqWttt+Y=,fszq7GAK61ad6s1HvNgRuIsd29w=
-3,-75,1ScrGk06+BwtT0NyQUIfqWttt+Y=,fszq7GAK61ad6s1HvNgRuIsd29w=
-4,-75,1ScrGk06+BwtT0NyQUIfqWttt+Y=,fszq7GAK61ad6s1HvNgRuIsd29w=
-7,-77,1ScrGk06+BwtT0NyQUIfqWttt+Y=,fszq7GAK61ad6s1HvNgRuIsd29w=
-9,-66,1ScrGk06+BwtT0NyQUIfqWttt+Y=,fszq7GAK61ad6s1HvNgRuIsd29w=
-5,-75,1ScrGk06+BwtT0NyQUIfqWttt+Y=,fszq7GAK61ad6s1HvNgRuIsd29w=
-6,-75,1ScrGk06+BwtT0NyQUIfqWttt+Y=,fszq7GAK61ad6s1HvNgRuIsd29w=
-15,-65,1ScrGk06+BwtT0NyQUIfqWttt+Y=,fszq7GAK61ad6s1HvNgRuIsd29w=
-2,-75,1ScrGk06+BwtT0NyQUIfqWttt+Y=,fszq7GAK61ad6s1HvNgRuIsd29w=
-6,-72,1ScrGk06+BwtT0NyQUIfqWttt+Y=,fszq7GAK61ad6s1HvNgRuIsd29w=
-14,-65,1ScrGk06+BwtT0NyQUIfqWttt+Y=,fszq7GAK61ad6s1HvNgRuIsd29w=
-6,-77,1ScrGk06+BwtT0NyQUIfqWttt+Y=,fszq7GAK61ad6s1HvNgRuIsd29w=
-12,-65,1ScrGk06+BwtT0NyQUIfqWttt+Y=,fszq7GAK61ad6s1HvNgRuIsd29w=
-5,-77,1ScrGk06+BwtT0NyQUIfqWttt+Y=,fszq7GAK61ad6s1HvNgRuIsd29w=
-15,-67,1ScrGk06+BwtT0NyQUIfqWttt+Y=,fszq7GAK61ad6s1HvNgRuIsd29w=
-8,-70,1ScrGk06+BwtT0NyQUIfqWttt+Y=,fszq7GAK61ad6s1HvNgRuIsd29w=
-4,-77,1ScrGk06+BwtT0NyQUIfqWttt+Y=,fszq7GAK61ad6s1HvNgRuIsd29w=
-2,-76,1ScrGk06+BwtT0NyQUIfqWttt+Y=,fszq7GAK61ad6s1HvNgRuIsd29w=
-11,-65,1ScrGk06+BwtT0NyQUIfqWttt+Y=,fszq7GAK61ad6s1HvNgRuIsd29w=
-3,-77,1ScrGk06+BwtT0NyQUIfqWttt+Y=,fszq7GAK61ad6s1HvNgRuIsd29w=
-3,-76,1ScrGk06+BwtT0NyQUIfqWttt+Y=,fszq7GAK61ad6s1HvNgRuIsd29w=
-7,-75,1ScrGk06+BwtT0NyQUIfqWttt+Y=,fszq7GAK61ad6s1HvNgRuIsd29w=
-4,-76,1ScrGk06+BwtT0NyQUIfqWttt+Y=,fszq7GAK61ad6s1HvNgRuIsd29w=
-2,-77,1ScrGk06+BwtT0NyQUIfqWttt+Y=,fszq7GAK61ad6s1HvNgRuIsd29w=
-10,-65,1ScrGk06+BwtT0NyQUIfqWttt+Y=,fszq7GAK61ad6s1HvNgRuIsd29w=
-6,-67,1ScrGk06+BwtT0NyQUIfqWttt+Y=,fszq7GAK61ad6s1HvNgRuIsd29w=
-16,-71,1ScrGk06+BwtT0NyQUIfqWttt+Y=,fszq7GAK61ad6s1HvNgRuIsd29w=
-16,-70,1ScrGk06+BwtT0NyQUIfqWttt+Y=,fszq7GAK61ad6s1HvNgRuIsd29w=
-6,-76,1ScrGk06+BwtT0NyQUIfqWttt+Y=,fszq7GAK61ad6s1HvNgRuIsd29w=
-7,-76,1ScrGk06+BwtT0NyQUIfqWttt+Y=,fszq7GAK61ad6s1HvNgRuIsd29w=
-16,-69,1ScrGk06+BwtT0NyQUIfqWttt+Y=,fszq7GAK61ad6s1HvNgRuIsd29w=
-6,-68,1ScrGk06+BwtT0NyQUIfqWttt+Y=,fszq7GAK61ad6s1HvNgRuIsd29w=
-9,-68,1ScrGk06+BwtT0NyQUIfqWttt+Y=,fszq7GAK61ad6s1HvNgRuIsd29w=
-10,-68,1ScrGk06+BwtT0NyQUIfqWttt+Y=,fszq7GAK61ad6s1HvNgRuIsd29w=
-12,-68,1ScrGk06+BwtT0NyQUIfqWttt+Y=,fszq7GAK61ad6s1HvNgRuIsd29w=
-11,-68,1ScrGk06+BwtT0NyQUIfqWttt+Y=,fszq7GAK61ad6s1HvNgRuIsd29w=
-3,-69,1ScrGk06+BwtT0NyQUIfqWttt+Y=,fszq7GAK61ad6s1HvNgRuIsd29w=
-3,-73,1ScrGk06+BwtT0NyQUIfqWttt+Y=,fszq7GAK61ad6s1HvNgRuIsd29w=
-16,-66,1ScrGk06+BwtT0NyQUIfqWttt+Y=,fszq7GAK61ad6s1HvNgRuIsd29w=
-16,-67,1ScrGk06+BwtT0NyQUIfqWttt+Y=,fszq7GAK61ad6s1HvNgRuIsd29w=
-13,-68,1ScrGk06+BwtT0NyQUIfqWttt+Y=,fszq7GAK61ad6s1HvNgRuIsd29w=
-3,-70,1ScrGk06+BwtT0NyQUIfqWttt+Y=,fszq7GAK61ad6s1HvNgRuIsd29w=
-3,-66,1ScrGk06+BwtT0NyQUIfqWttt+Y=,fszq7GAK61ad6s1HvNgRuIsd29w=
-15,-68,1ScrGk06+BwtT0NyQUIfqWttt+Y=,fszq7GAK61ad6s1HvNgRuIsd29w=
-16,-68,1ScrGk06+BwtT0NyQUIfqWttt+Y=,fszq7GAK61ad6s1HvNgRuIsd29w=
-12,-79,1ScrGk06+BwtT0NyQUIfqWttt+Y=,fszq7GAK61ad6s1HvNgRuIsd29w=
-10,-69,1ScrGk06+BwtT0NyQUIfqWttt+Y=,fszq7GAK61ad6s1HvNgRuIsd29w=
-13,-79,1ScrGk06+BwtT0NyQUIfqWttt+Y=,fszq7GAK61ad6s1HvNgRuIsd29w=
-15,-71,1ScrGk06+BwtT0NyQUIfqWttt+Y=,fszq7GAK61ad6s1HvNgRuIsd29w=
-7,-72,1ScrGk06+BwtT0NyQUIfqWttt+Y=,fszq7GAK61ad6s1HvNgRuIsd29w=
-5,-76,1ScrGk06+BwtT0NyQUIfqWttt+Y=,fszq7GAK61ad6s1HvNgRuIsd29w=
-9,-69,1ScrGk06+BwtT0NyQUIfqWttt+Y=,fszq7GAK61ad6s1HvNgRuIsd29w=
-15,-80,1ScrGk06+BwtT0NyQUIfqWttt+Y=,fszq7GAK61ad6s1HvNgRuIsd29w=
-11,-69,1ScrGk06+BwtT0NyQUIfqWttt+Y=,fszq7GAK61ad6s1HvNgRuIsd29w=
-6,-69,1ScrGk06+BwtT0NyQUIfqWttt+Y=,fszq7GAK61ad6s1HvNgRuIsd29w=
-8,-72,1ScrGk06+BwtT0NyQUIfqWttt+Y=,fszq7GAK61ad6s1HvNgRuIsd29w=
-2,-73,1ScrGk06+BwtT0NyQUIfqWttt+Y=,fszq7GAK61ad6s1HvNgRuIsd29w=
-14,-71,1ScrGk06+BwtT0NyQUIfqWttt+Y=,fszq7GAK61ad6s1HvNgRuIsd29w=
-5,-67,1ScrGk06+BwtT0NyQUIfqWttt+Y=,fszq7GAK61ad6s1HvNgRuIsd29w=
-14,-80,1ScrGk06+BwtT0NyQUIfqWttt+Y=,fszq7GAK61ad6s1HvNgRuIsd29w=
-8,-78,1ScrGk06+BwtT0NyQUIfqWttt+Y=,fszq7GAK61ad6s1HvNgRuIsd29w=
-11,-73,1ScrGk06+BwtT0NyQUIfqWttt+Y=,fszq7GAK61ad6s1HvNgRuIsd29w=
-9,-73,1ScrGk06+BwtT0NyQUIfqWttt+Y=,fszq7GAK61ad6s1HvNgRuIsd29w=
-14,-68,1ScrGk06+BwtT0NyQUIfqWttt+Y=,fszq7GAK61ad6s1HvNgRuIsd29w=
-12,-69,1ScrGk06+BwtT0NyQUIfqWttt+Y=,fszq7GAK61ad6s1HvNgRuIsd29w=
-11,-71,1ScrGk06+BwtT0NyQUIfqWttt+Y=,fszq7GAK61ad6s1HvNgRuIsd29w=
-4,-69,1ScrGk06+BwtT0NyQUIfqWttt+Y=,fszq7GAK61ad6s1HvNgRuIsd29w=
-15,-78,1ScrGk06+BwtT0NyQUIfqWttt+Y=,fszq7GAK61ad6s1HvNgRuIsd29w=
-4,-70,1ScrGk06+BwtT0NyQUIfqWttt+Y=,fszq7GAK61ad6s1HvNgRuIsd29w=
-16,-78,1ScrGk06+BwtT0NyQUIfqWttt+Y=,fszq7GAK61ad6s1HvNgRuIsd29w=
-8,-66,1ScrGk06+BwtT0NyQUIfqWttt+Y=,fszq7GAK61ad6s1HvNgRuIsd29w=
-5,-73,1ScrGk06+BwtT0NyQUIfqWttt+Y=,fszq7GAK61ad6s1HvNgRuIsd29w=
-5,-72,1ScrGk06+BwtT0NyQUIfqWttt+Y=,fszq7GAK61ad6s1HvNgRuIsd29w=
-13,-80,1ScrGk06+BwtT0NyQUIfqWttt+Y=,fszq7GAK61ad6s1HvNgRuIsd29w=
-16,-72,1ScrGk06+BwtT0NyQUIfqWttt+Y=,fszq7GAK61ad6s1HvNgRuIsd29w=
-5,-69,1ScrGk06+BwtT0NyQUIfqWttt+Y=,fszq7GAK61ad6s1HvNgRuIsd29w=
-14,-78,1ScrGk06+BwtT0NyQUIfqWttt+Y=,fszq7GAK61ad6s1HvNgRuIsd29w=
-9,-71,1ScrGk06+BwtT0NyQUIfqWttt+Y=,fszq7GAK61ad6s1HvNgRuIsd29w=
-16,-77,1ScrGk06+BwtT0NyQUIfqWttt+Y=,fszq7GAK61ad6s1HvNgRuIsd29w=
-15,-69,1ScrGk06+BwtT0NyQUIfqWttt+Y=,fszq7GAK61ad6s1HvNgRuIsd29w=
-13,-69,1ScrGk06+BwtT0NyQUIfqWttt+Y=,fszq7GAK61ad6s1HvNgRuIsd29w=
-12,-80,1ScrGk06+BwtT0NyQUIfqWttt+Y=,fszq7GAK61ad6s1HvNgRuIsd29w=
-15,-72,1ScrGk06+BwtT0NyQUIfqWttt+Y=,fszq7GAK61ad6s1HvNgRuIsd29w=
-6,-71,1ScrGk06+BwtT0NyQUIfqWttt+Y=,fszq7GAK61ad6s1HvNgRuIsd29w=
-16,-76,1ScrGk06+BwtT0NyQUIfqWttt+Y=,fszq7GAK61ad6s1HvNgRuIsd29w=
-10,-73,1ScrGk06+BwtT0NyQUIfqWttt+Y=,fszq7GAK61ad6s1HvNgRuIsd29w=
-16,-75,1ScrGk06+BwtT0NyQUIfqWttt+Y=,fszq7GAK61ad6s1HvNgRuIsd29w=
-14,-69,1ScrGk06+BwtT0NyQUIfqWttt+Y=,fszq7GAK61ad6s1HvNgRuIsd29w=
-15,-70,1ScrGk06+BwtT0NyQUIfqWttt+Y=,fszq7GAK61ad6s1HvNgRuIsd29w=
-6,-73,1ScrGk06+BwtT0NyQUIfqWttt+Y=,fszq7GAK61ad6s1HvNgRuIsd29w=
-12,-73,1ScrGk06+BwtT0NyQUIfqWttt+Y=,fszq7GAK61ad6s1HvNgRuIsd29w=
-3,-72,1ScrGk06+BwtT0NyQUIfqWttt+Y=,fszq7GAK61ad6s1HvNgRuIsd29w=
-5,-70,1ScrGk06+BwtT0NyQUIfqWttt+Y=,fszq7GAK61ad6s1HvNgRuIsd29w=
-10,-70,1ScrGk06+BwtT0NyQUIfqWttt+Y=,fszq7GAK61ad6s1HvNgRuIsd29w=
-14,-72,1ScrGk06+BwtT0NyQUIfqWttt+Y=,fszq7GAK61ad6s1HvNgRuIsd29w=
-4,-73,1ScrGk06+BwtT0NyQUIfqWttt+Y=,fszq7GAK61ad6s1HvNgRuIsd29w=
-13,-78,1ScrGk06+BwtT0NyQUIfqWttt+Y=,fszq7GAK61ad6s1HvNgRuIsd29w=
-16,-74,1ScrGk06+BwtT0NyQUIfqWttt+Y=,fszq7GAK61ad6s1HvNgRuIsd29w=
-2,-71,1ScrGk06+BwtT0NyQUIfqWttt+Y=,fszq7GAK61ad6s1HvNgRuIsd29w=
-16,-73,1ScrGk06+BwtT0NyQUIfqWttt+Y=,fszq7GAK61ad6s1HvNgRuIsd29w=
-16,-79,1ScrGk06+BwtT0NyQUIfqWttt+Y=,fszq7GAK61ad6s1HvNgRuIsd29w=
-13,-70,1ScrGk06+BwtT0NyQUIfqWttt+Y=,fszq7GAK61ad6s1HvNgRuIsd29w=
-12,-78,1ScrGk06+BwtT0NyQUIfqWttt+Y=,fszq7GAK61ad6s1HvNgRuIsd29w=
-5,-66,1ScrGk06+BwtT0NyQUIfqWttt+Y=,fszq7GAK61ad6s1HvNgRuIsd29w=
-15,-77,1ScrGk06+BwtT0NyQUIfqWttt+Y=,fszq7GAK61ad6s1HvNgRuIsd29w=
-7,-73,1ScrGk06+BwtT0NyQUIfqWttt+Y=,fszq7GAK61ad6s1HvNgRuIsd29w=
-8,-77,1ScrGk06+BwtT0NyQUIfqWttt+Y=,fszq7GAK61ad6s1HvNgRuIsd29w=
-4,-66,1ScrGk06+BwtT0NyQUIfqWttt+Y=,fszq7GAK61ad6s1HvNgRuIsd29w=
-14,-77,1ScrGk06+BwtT0NyQUIfqWttt+Y=,fszq7GAK61ad6s1HvNgRuIsd29w=
-13,-72,1ScrGk06+BwtT0NyQUIfqWttt+Y=,fszq7GAK61ad6s1HvNgRuIsd29w=
-5,-68,1ScrGk06+BwtT0NyQUIfqWttt+Y=,fszq7GAK61ad6s1HvNgRuIsd29w=
-6,-66,1ScrGk06+BwtT0NyQUIfqWttt+Y=,fszq7GAK61ad6s1HvNgRuIsd29w=
-13,-77,1ScrGk06+BwtT0NyQUIfqWttt+Y=,fszq7GAK61ad6s1HvNgRuIsd29w=
-1,-77,1ScrGk06+BwtT0NyQUIfqWttt+Y=,fszq7GAK61ad6s1HvNgRuIsd29w=
-14,-73,1ScrGk06+BwtT0NyQUIfqWttt+Y=,fszq7GAK61ad6s1HvNgRuIsd29w=
-1,-70,1ScrGk06+BwtT0NyQUIfqWttt+Y=,fszq7GAK61ad6s1HvNgRuIsd29w=
-11,-70,1ScrGk06+BwtT0NyQUIfqWttt+Y=,fszq7GAK61ad6s1HvNgRuIsd29w=
-1,-67,1ScrGk06+BwtT0NyQUIfqWttt+Y=,fszq7GAK61ad6s1HvNgRuIsd29w=
-6,-70,1ScrGk06+BwtT0NyQUIfqWttt+Y=,fszq7GAK61ad6s1HvNgRuIsd29w=
-13,-73,1ScrGk06+BwtT0NyQUIfqWttt+Y=,fszq7GAK61ad6s1HvNgRuIsd29w=
-9,-70,1ScrGk06+BwtT0NyQUIfqWttt+Y=,fszq7GAK61ad6s1HvNgRuIsd29w=
-12,-77,1ScrGk06+BwtT0NyQUIfqWttt+Y=,fszq7GAK61ad6s1HvNgRuIsd29w=
-15,-73,1ScrGk06+BwtT0NyQUIfqWttt+Y=,fszq7GAK61ad6s1HvNgRuIsd29w=
-4,-67,1ScrGk06+BwtT0NyQUIfqWttt+Y=,fszq7GAK61ad6s1HvNgRuIsd29w=
-1,-68,1ScrGk06+BwtT0NyQUIfqWttt+Y=,fszq7GAK61ad6s1HvNgRuIsd29w=
-3,-67,1ScrGk06+BwtT0NyQUIfqWttt+Y=,fszq7GAK61ad6s1HvNgRuIsd29w=
-1,-72,1ScrGk06+BwtT0NyQUIfqWttt+Y=,fszq7GAK61ad6s1HvNgRuIsd29w=
-1,-76,1ScrGk06+BwtT0NyQUIfqWttt+Y=,fszq7GAK61ad6s1HvNgRuIsd29w=
-1,-79,1ScrGk06+BwtT0NyQUIfqWttt+Y=,fszq7GAK61ad6s1HvNgRuIsd29w=
-7,-70,1ScrGk06+BwtT0NyQUIfqWttt+Y=,fszq7GAK61ad6s1HvNgRuIsd29w=
-1,-66,1ScrGk06+BwtT0NyQUIfqWttt+Y=,fszq7GAK61ad6s1HvNgRuIsd29w=
-1,-73,1ScrGk06+BwtT0NyQUIfqWttt+Y=,fszq7GAK61ad6s1HvNgRuIsd29w=
-3,-71,1ScrGk06+BwtT0NyQUIfqWttt+Y=,fszq7GAK61ad6s1HvNgRuIsd29w=
-4,-71,1ScrGk06+BwtT0NyQUIfqWttt+Y=,fszq7GAK61ad6s1HvNgRuIsd29w=
-12,-72,1ScrGk06+BwtT0NyQUIfqWttt+Y=,fszq7GAK61ad6s1HvNgRuIsd29w=
-1,-71,1ScrGk06+BwtT0NyQUIfqWttt+Y=,fszq7GAK61ad6s1HvNgRuIsd29w=
-1,-75,1ScrGk06+BwtT0NyQUIfqWttt+Y=,fszq7GAK61ad6s1HvNgRuIsd29w=
-5,-71,1ScrGk06+BwtT0NyQUIfqWttt+Y=,fszq7GAK61ad6s1HvNgRuIsd29w=
-10,-77,1ScrGk06+BwtT0NyQUIfqWttt+Y=,fszq7GAK61ad6s1HvNgRuIsd29w=
-8,-76,1ScrGk06+BwtT0NyQUIfqWttt+Y=,fszq7GAK61ad6s1HvNgRuIsd29w=
-2,-67,1ScrGk06+BwtT0NyQUIfqWttt+Y=,fszq7GAK61ad6s1HvNgRuIsd29w=
-1,-69,1ScrGk06+BwtT0NyQUIfqWttt+Y=,fszq7GAK61ad6s1HvNgRuIsd29w=
-1,-74,1ScrGk06+BwtT0NyQUIfqWttt+Y=,fszq7GAK61ad6s1HvNgRuIsd29w=
-2,-70,1ScrGk06+BwtT0NyQUIfqWttt+Y=,fszq7GAK61ad6s1HvNgRuIsd29w=
-11,-72,1ScrGk06+BwtT0NyQUIfqWttt+Y=,fszq7GAK61ad6s1HvNgRuIsd29w=
-9,-77,1ScrGk06+BwtT0NyQUIfqWttt+Y=,fszq7GAK61ad6s1HvNgRuIsd29w=
-9,-74,1ScrGk06+BwtT0NyQUIfqWttt+Y=,fszq7GAK61ad6s1HvNgRuIsd29w=
-16,-80,1ScrGk06+BwtT0NyQUIfqWttt+Y=,fszq7GAK61ad6s1HvNgRuIsd29w=
-8,-79,1ScrGk06+BwtT0NyQUIfqWttt+Y=,fszq7GAK61ad6s1HvNgRuIsd29w=
-14,-79,1ScrGk06+BwtT0NyQUIfqWttt+Y=,fszq7GAK61ad6s1HvNgRuIsd29w=
-10,-74,1ScrGk06+BwtT0NyQUIfqWttt+Y=,fszq7GAK61ad6s1HvNgRuIsd29w=
-3,-65,1ScrGk06+BwtT0NyQUIfqWttt+Y=,fszq7GAK61ad6s1HvNgRuIsd29w=
-11,-74,1ScrGk06+BwtT0NyQUIfqWttt+Y=,fszq7GAK61ad6s1HvNgRuIsd29w=
-6,-65,1ScrGk06+BwtT0NyQUIfqWttt+Y=,fszq7GAK61ad6s1HvNgRuIsd29w=
-8,-80,1ScrGk06+BwtT0NyQUIfqWttt+Y=,fszq7GAK61ad6s1HvNgRuIsd29w=
-5,-65,1ScrGk06+BwtT0NyQUIfqWttt+Y=,fszq7GAK61ad6s1HvNgRuIsd29w=
-7,-65,1ScrGk06+BwtT0NyQUIfqWttt+Y=,fszq7GAK61ad6s1HvNgRuIsd29w=
-7,-66,1ScrGk06+BwtT0NyQUIfqWttt+Y=,fszq7GAK61ad6s1HvNgRuIsd29w=
-1,-65,1ScrGk06+BwtT0NyQUIfqWttt+Y=,fszq7GAK61ad6s1HvNgRuIsd29w=
-2,-65,1ScrGk06+BwtT0NyQUIfqWttt+Y=,fszq7GAK61ad6s1HvNgRuIsd29w=
-11,-67,1ScrGk06+BwtT0NyQUIfqWttt+Y=,fszq7GAK61ad6s1HvNgRuIsd29w=
-9,-65,1ScrGk06+BwtT0NyQUIfqWttt+Y=,fszq7GAK61ad6s1HvNgRuIsd29w=
-16,-65,1ScrGk06+BwtT0NyQUIfqWttt+Y=,fszq7GAK61ad6s1HvNgRuIsd29w=
-4,-65,1ScrGk06+BwtT0NyQUIfqWttt+Y=,fszq7GAK61ad6s1HvNgRuIsd29w=
-8,-65,1ScrGk06+BwtT0NyQUIfqWttt+Y=,fszq7GAK61ad6s1HvNgRuIsd29w=
-8,-75,1ScrGk06+BwtT0NyQUIfqWttt+Y=,fszq7GAK61ad6s1HvNgRuIsd29w=
-13,-65,1ScrGk06+BwtT0NyQUIfqWttt+Y=,fszq7GAK61ad6s1HvNgRuIsd29w=
-12,-74,1ScrGk06+BwtT0NyQUIfqWttt+Y=,fszq7GAK61ad6s1HvNgRuIsd29w=
-13,-66,1ScrGk06+BwtT0NyQUIfqWttt+Y=,fszq7GAK61ad6s1HvNgRuIsd29w=
-2,-80,1ScrGk06+BwtT0NyQUIfqWttt+Y=,fszq7GAK61ad6s1HvNgRuIsd29w=
-10,-72,1ScrGk06+BwtT0NyQUIfqWttt+Y=,fszq7GAK61ad6s1HvNgRuIsd29w=
-13,-74,1ScrGk06+BwtT0NyQUIfqWttt+Y=,fszq7GAK61ad6s1HvNgRuIsd29w=
-3,-80,1ScrGk06+BwtT0NyQUIfqWttt+Y=,fszq7GAK61ad6s1HvNgRuIsd29w=
-4,-80,1ScrGk06+BwtT0NyQUIfqWttt+Y=,fszq7GAK61ad6s1HvNgRuIsd29w=
-5,-80,1ScrGk06+BwtT0NyQUIfqWttt+Y=,fszq7GAK61ad6s1HvNgRuIsd29w=
-6,-80,1ScrGk06+BwtT0NyQUIfqWttt+Y=,fszq7GAK61ad6s1HvNgRuIsd29w=
-7,-80,1ScrGk06+BwtT0NyQUIfqWttt+Y=,fszq7GAK61ad6s1HvNgRuIsd29w=
-1,-80,1ScrGk06+BwtT0NyQUIfqWttt+Y=,fszq7GAK61ad6s1HvNgRuIsd29w=
-14,-74,1ScrGk06+BwtT0NyQUIfqWttt+Y=,fszq7GAK61ad6s1HvNgRuIsd29w=
-1,-78,1ScrGk06+BwtT0NyQUIfqWttt+Y=,fszq7GAK61ad6s1HvNgRuIsd29w=
-9,-75,1ScrGk06+BwtT0NyQUIfqWttt+Y=,fszq7GAK61ad6s1HvNgRuIsd29w=
-15,-76,1ScrGk06+BwtT0NyQUIfqWttt+Y=,fszq7GAK61ad6s1HvNgRuIsd29w=
-13,-75,1ScrGk06+BwtT0NyQUIfqWttt+Y=,fszq7GAK61ad6s1HvNgRuIsd29w=
-15,-75,1ScrGk06+BwtT0NyQUIfqWttt+Y=,fszq7GAK61ad6s1HvNgRuIsd29w=
-11,-75,1ScrGk06+BwtT0NyQUIfqWttt+Y=,fszq7GAK61ad6s1HvNgRuIsd29w=
-15,-74,1ScrGk06+BwtT0NyQUIfqWttt+Y=,fszq7GAK61ad6s1HvNgRuIsd29w=
-9,-72,1ScrGk06+BwtT0NyQUIfqWttt+Y=,fszq7GAK61ad6s1HvNgRuIsd29w=
-8,-73,1ScrGk06+BwtT0NyQUIfqWttt+Y=,fszq7GAK61ad6s1HvNgRuIsd29w=
-8,-74,1ScrGk06+BwtT0NyQUIfqWttt+Y=,fszq7GAK61ad6s1HvNgRuIsd29w=
-11,-76,1ScrGk06+BwtT0NyQUIfqWttt+Y=,fszq7GAK61ad6s1HvNgRuIsd29w=
-9,-76,1ScrGk06+BwtT0NyQUIfqWttt+Y=,fszq7GAK61ad6s1HvNgRuIsd29w=
-12,-71,1ScrGk06+BwtT0NyQUIfqWttt+Y=,fszq7GAK61ad6s1HvNgRuIsd29w=
-15,-79,1ScrGk06+BwtT0NyQUIfqWttt+Y=,fszq7GAK61ad6s1HvNgRuIsd29w=
-14,-76,1ScrGk06+BwtT0NyQUIfqWttt+Y=,fszq7GAK61ad6s1HvNgRuIsd29w=
-14,-75,1ScrGk06+BwtT0NyQUIfqWttt+Y=,fszq7GAK61ad6s1HvNgRuIsd29w=
-12,-75,1ScrGk06+BwtT0NyQUIfqWttt+Y=,fszq7GAK61ad6s1HvNgRuIsd29w=
-13,-76,1ScrGk06+BwtT0NyQUIfqWttt+Y=,fszq7GAK61ad6s1HvNgRuIsd29w=
-12,-76,1ScrGk06+BwtT0NyQUIfqWttt+Y=,fszq7GAK61ad6s1HvNgRuIsd29w=
-10,-75,1ScrGk06+BwtT0NyQUIfqWttt+Y=,fszq7GAK61ad6s1HvNgRuIsd29w=
-10,-71,1ScrGk06+BwtT0NyQUIfqWttt+Y=,fszq7GAK61ad6s1HvNgRuIsd29w=
-10,-76,1ScrGk06+BwtT0NyQUIfqWttt+Y=,fszq7GAK61ad6s1HvNgRuIsd29w=
-10,-80,1ScrGk06+BwtT0NyQUIfqWttt+Y=,fszq7GAK61ad6s1HvNgRuIsd29w=
-11,-77,1ScrGk06+BwtT0NyQUIfqWttt+Y=,fszq7GAK61ad6s1HvNgRuIsd29w=
-9,-79,1ScrGk06+BwtT0NyQUIfqWttt+Y=,fszq7GAK61ad6s1HvNgRuIsd29w=
-9,-78,1ScrGk06+BwtT0NyQUIfqWttt+Y=,fszq7GAK61ad6s1HvNgRuIsd29w=
-13,-71,1ScrGk06+BwtT0NyQUIfqWttt+Y=,fszq7GAK61ad6s1HvNgRuIsd29w=
-9,-80,1ScrGk06+BwtT0NyQUIfqWttt+Y=,fszq7GAK61ad6s1HvNgRuIsd29w=
-14,-70,1ScrGk06+BwtT0NyQUIfqWttt+Y=,fszq7GAK61ad6s1HvNgRuIsd29w=
-12,-70,1ScrGk06+BwtT0NyQUIfqWttt+Y=,fszq7GAK61ad6s1HvNgRuIsd29w=
-11,-79,1ScrGk06+BwtT0NyQUIfqWttt+Y=,fszq7GAK61ad6s1HvNgRuIsd29w=
-10,-79,1ScrGk06+BwtT0NyQUIfqWttt+Y=,fszq7GAK61ad6s1HvNgRuIsd29w=
-11,-80,1ScrGk06+BwtT0NyQUIfqWttt+Y=,fszq7GAK61ad6s1HvNgRuIsd29w=
-10,-78,1ScrGk06+BwtT0NyQUIfqWttt+Y=,fszq7GAK61ad6s1HvNgRuIsd29w=
-11,-78,1ScrGk06+BwtT0NyQUIfqWttt+Y=,fszq7GAK61ad6s1HvNgRuIsd29w=
-7,-95,1ScrGk06+BwtT0NyQUIfqWttt+Y=,fszq7GAK61ad6s1HvNgRuIsd29w=
-6,-95,1ScrGk06+BwtT0NyQUIfqWttt+Y=,fszq7GAK61ad6s1HvNgRuIsd29w=
-5,-95,1ScrGk06+BwtT0NyQUIfqWttt+Y=,fszq7GAK61ad6s1HvNgRuIsd29w=
-2,-90,1ScrGk06+BwtT0NyQUIfqWttt+Y=,fszq7GAK61ad6s1HvNgRuIsd29w=
-4,-95,1ScrGk06+BwtT0NyQUIfqWttt+Y=,fszq7GAK61ad6s1HvNgRuIsd29w=
-3,-90,1ScrGk06+BwtT0NyQUIfqWttt+Y=,fszq7GAK61ad6s1HvNgRuIsd29w=
-3,-95,1ScrGk06+BwtT0NyQUIfqWttt+Y=,fszq7GAK61ad6s1HvNgRuIsd29w=
-4,-90,1ScrGk06+BwtT0NyQUIfqWttt+Y=,fszq7GAK61ad6s1HvNgRuIsd29w=
-5,-90,1ScrGk06+BwtT0NyQUIfqWttt+Y=,fszq7GAK61ad6s1HvNgRuIsd29w=
-2,-95,1ScrGk06+BwtT0NyQUIfqWttt+Y=,fszq7GAK61ad6s1HvNgRuIsd29w=
-6,-90,1ScrGk06+BwtT0NyQUIfqWttt+Y=,fszq7GAK61ad6s1HvNgRuIsd29w=
-7,-94,1ScrGk06+BwtT0NyQUIfqWttt+Y=,fszq7GAK61ad6s1HvNgRuIsd29w=
-3,-91,1ScrGk06+BwtT0NyQUIfqWttt+Y=,fszq7GAK61ad6s1HvNgRuIsd29w=
-4,-91,1ScrGk06+BwtT0NyQUIfqWttt+Y=,fszq7GAK61ad6s1HvNgRuIsd29w=
-5,-91,1ScrGk06+BwtT0NyQUIfqWttt+Y=,fszq7GAK61ad6s1HvNgRuIsd29w=
-6,-94,1ScrGk06+BwtT0NyQUIfqWttt+Y=,fszq7GAK61ad6s1HvNgRuIsd29w=
-5,-94,1ScrGk06+BwtT0NyQUIfqWttt+Y=,fszq7GAK61ad6s1HvNgRuIsd29w=
-3,-94,1ScrGk06+BwtT0NyQUIfqWttt+Y=,fszq7GAK61ad6s1HvNgRuIsd29w=
-2,-94,1ScrGk06+BwtT0NyQUIfqWttt+Y=,fszq7GAK61ad6s1HvNgRuIsd29w=
-6,-91,1ScrGk06+BwtT0NyQUIfqWttt+Y=,fszq7GAK61ad6s1HvNgRuIsd29w=
-7,-91,1ScrGk06+BwtT0NyQUIfqWttt+Y=,fszq7GAK61ad6s1HvNgRuIsd29w=
-2,-92,1ScrGk06+BwtT0NyQUIfqWttt+Y=,fszq7GAK61ad6s1HvNgRuIsd29w=
-7,-93,1ScrGk06+BwtT0NyQUIfqWttt+Y=,fszq7GAK61ad6s1HvNgRuIsd29w=
-4,-92,1ScrGk06+BwtT0NyQUIfqWttt+Y=,fszq7GAK61ad6s1HvNgRuIsd29w=
-3,-92,1ScrGk06+BwtT0NyQUIfqWttt+Y=,fszq7GAK61ad6s1HvNgRuIsd29w=
-5,-92,1ScrGk06+BwtT0NyQUIfqWttt+Y=,fszq7GAK61ad6s1HvNgRuIsd29w=
-6,-93,RK/ki4ksh46I4VWrBbUg5XAofco=,fszq7GAK61ad6s1HvNgRuIsd29w=
-7,-92,RK/ki4ksh46I4VWrBbUg5XAofco=,fszq7GAK61ad6s1HvNgRuIsd29w=
-5,-93,RK/ki4ksh46I4VWrBbUg5XAofco=,fszq7GAK61ad6s1HvNgRuIsd29w=
-2,-93,RK/ki4ksh46I4VWrBbUg5XAofco=,fszq7GAK61ad6s1HvNgRuIsd29w=
-6,-92,RK/ki4ksh46I4VWrBbUg5XAofco=,fszq7GAK61ad6s1HvNgRuIsd29w=
-4,-93,RK/ki4ksh46I4VWrBbUg5XAofco=,fszq7GAK61ad6s1HvNgRuIsd29w=
-12,-82,RK/ki4ksh46I4VWrBbUg5XAofco=,fszq7GAK61ad6s1HvNgRuIsd29w=
-3,-93,RK/ki4ksh46I4VWrBbUg5XAofco=,fszq7GAK61ad6s1HvNgRuIsd29w=
-11,-82,RK/ki4ksh46I4VWrBbUg5XAofco=,fszq7GAK61ad6s1HvNgRuIsd29w=
-10,-82,RK/ki4ksh46I4VWrBbUg5XAofco=,fszq7GAK61ad6s1HvNgRuIsd29w=
-15,-87,RK/ki4ksh46I4VWrBbUg5XAofco=,fszq7GAK61ad6s1HvNgRuIsd29w=
-14,-87,RK/ki4ksh46I4VWrBbUg5XAofco=,fszq7GAK61ad6s1HvNgRuIsd29w=
-13,-87,RK/ki4ksh46I4VWrBbUg5XAofco=,fszq7GAK61ad6s1HvNgRuIsd29w=
-12,-87,RK/ki4ksh46I4VWrBbUg5XAofco=,fszq7GAK61ad6s1HvNgRuIsd29w=
-13,-82,RK/ki4ksh46I4VWrBbUg5XAofco=,fszq7GAK61ad6s1HvNgRuIsd29w=
-14,-82,RK/ki4ksh46I4VWrBbUg5XAofco=,fszq7GAK61ad6s1HvNgRuIsd29w=
-15,-82,RK/ki4ksh46I4VWrBbUg5XAofco=,fszq7GAK61ad6s1HvNgRuIsd29w=
-11,-87,RK/ki4ksh46I4VWrBbUg5XAofco=,fszq7GAK61ad6s1HvNgRuIsd29w=
-8,-95,RK/ki4ksh46I4VWrBbUg5XAofco=,fszq7GAK61ad6s1HvNgRuIsd29w=
-15,-88,RK/ki4ksh46I4VWrBbUg5XAofco=,fszq7GAK61ad6s1HvNgRuIsd29w=
-15,-86,RK/ki4ksh46I4VWrBbUg5XAofco=,fszq7GAK61ad6s1HvNgRuIsd29w=
-10,-83,RK/ki4ksh46I4VWrBbUg5XAofco=,fszq7GAK61ad6s1HvNgRuIsd29w=
-13,-95,RK/ki4ksh46I4VWrBbUg5XAofco=,fszq7GAK61ad6s1HvNgRuIsd29w=
-12,-83,RK/ki4ksh46I4VWrBbUg5XAofco=,fszq7GAK61ad6s1HvNgRuIsd29w=
-11,-89,RK/ki4ksh46I4VWrBbUg5XAofco=,fszq7GAK61ad6s1HvNgRuIsd29w=
-14,-95,RK/ki4ksh46I4VWrBbUg5XAofco=,fszq7GAK61ad6s1HvNgRuIsd29w=
-12,-89,RK/ki4ksh46I4VWrBbUg5XAofco=,fszq7GAK61ad6s1HvNgRuIsd29w=
-13,-83,RK/ki4ksh46I4VWrBbUg5XAofco=,fszq7GAK61ad6s1HvNgRuIsd29w=
-14,-83,RK/ki4ksh46I4VWrBbUg5XAofco=,fszq7GAK61ad6s1HvNgRuIsd29w=
-15,-83,RK/ki4ksh46I4VWrBbUg5XAofco=,fszq7GAK61ad6s1HvNgRuIsd29w=
-10,-89,RK/ki4ksh46I4VWrBbUg5XAofco=,fszq7GAK61ad6s1HvNgRuIsd29w=
-15,-95,RK/ki4ksh46I4VWrBbUg5XAofco=,fszq7GAK61ad6s1HvNgRuIsd29w=
-15,-81,RK/ki4ksh46I4VWrBbUg5XAofco=,fszq7GAK61ad6s1HvNgRuIsd29w=
-15,-89,RK/ki4ksh46I4VWrBbUg5XAofco=,fszq7GAK61ad6s1HvNgRuIsd29w=
-13,-89,RK/ki4ksh46I4VWrBbUg5XAofco=,fszq7GAK61ad6s1HvNgRuIsd29w=
-11,-84,RK/ki4ksh46I4VWrBbUg5XAofco=,fszq7GAK61ad6s1HvNgRuIsd29w=
-12,-81,RK/ki4ksh46I4VWrBbUg5XAofco=,fszq7GAK61ad6s1HvNgRuIsd29w=
-14,-81,RK/ki4ksh46I4VWrBbUg5XAofco=,fszq7GAK61ad6s1HvNgRuIsd29w=
-10,-90,RK/ki4ksh46I4VWrBbUg5XAofco=,fszq7GAK61ad6s1HvNgRuIsd29w=
-13,-84,RK/ki4ksh46I4VWrBbUg5XAofco=,fszq7GAK61ad6s1HvNgRuIsd29w=
-11,-90,RK/ki4ksh46I4VWrBbUg5XAofco=,fszq7GAK61ad6s1HvNgRuIsd29w=
-2,-83,RK/ki4ksh46I4VWrBbUg5XAofco=,fszq7GAK61ad6s1HvNgRuIsd29w=
-15,-84,RK/ki4ksh46I4VWrBbUg5XAofco=,fszq7GAK61ad6s1HvNgRuIsd29w=
-14,-84,RK/ki4ksh46I4VWrBbUg5XAofco=,fszq7GAK61ad6s1HvNgRuIsd29w=
-15,-96,RK/ki4ksh46I4VWrBbUg5XAofco=,fszq7GAK61ad6s1HvNgRuIsd29w=
-14,-88,RK/ki4ksh46I4VWrBbUg5XAofco=,fszq7GAK61ad6s1HvNgRuIsd29w=
-10,-81,RK/ki4ksh46I4VWrBbUg5XAofco=,fszq7GAK61ad6s1HvNgRuIsd29w=
-12,-84,RK/ki4ksh46I4VWrBbUg5XAofco=,fszq7GAK61ad6s1HvNgRuIsd29w=
-11,-81,RK/ki4ksh46I4VWrBbUg5XAofco=,fszq7GAK61ad6s1HvNgRuIsd29w=
-14,-89,RK/ki4ksh46I4VWrBbUg5XAofco=,fszq7GAK61ad6s1HvNgRuIsd29w=
-8,-94,RK/ki4ksh46I4VWrBbUg5XAofco=,fszq7GAK61ad6s1HvNgRuIsd29w=
-4,-83,RK/ki4ksh46I4VWrBbUg5XAofco=,fszq7GAK61ad6s1HvNgRuIsd29w=
-14,-90,RK/ki4ksh46I4VWrBbUg5XAofco=,fszq7GAK61ad6s1HvNgRuIsd29w=
-11,-95,RK/ki4ksh46I4VWrBbUg5XAofco=,fszq7GAK61ad6s1HvNgRuIsd29w=
-9,-91,RK/ki4ksh46I4VWrBbUg5XAofco=,fszq7GAK61ad6s1HvNgRuIsd29w=
-14,-96,RK/ki4ksh46I4VWrBbUg5XAofco=,fszq7GAK61ad6s1HvNgRuIsd29w=
-14,-85,RK/ki4ksh46I4VWrBbUg5XAofco=,fszq7GAK61ad6s1HvNgRuIsd29w=
-2,-82,RK/ki4ksh46I4VWrBbUg5XAofco=,fszq7GAK61ad6s1HvNgRuIsd29w=
-11,-85,RK/ki4ksh46I4VWrBbUg5XAofco=,fszq7GAK61ad6s1HvNgRuIsd29w=
-13,-90,RK/ki4ksh46I4VWrBbUg5XAofco=,fszq7GAK61ad6s1HvNgRuIsd29w=
-12,-90,RK/ki4ksh46I4VWrBbUg5XAofco=,fszq7GAK61ad6s1HvNgRuIsd29w=
-15,-90,RK/ki4ksh46I4VWrBbUg5XAofco=,fszq7GAK61ad6s1HvNgRuIsd29w=
-10,-95,RK/ki4ksh46I4VWrBbUg5XAofco=,fszq7GAK61ad6s1HvNgRuIsd29w=
-10,-96,RK/ki4ksh46I4VWrBbUg5XAofco=,fszq7GAK61ad6s1HvNgRuIsd29w=
-11,-96,RK/ki4ksh46I4VWrBbUg5XAofco=,fszq7GAK61ad6s1HvNgRuIsd29w=
-15,-85,RK/ki4ksh46I4VWrBbUg5XAofco=,fszq7GAK61ad6s1HvNgRuIsd29w=
-12,-88,RK/ki4ksh46I4VWrBbUg5XAofco=,fszq7GAK61ad6s1HvNgRuIsd29w=
-8,-82,RK/ki4ksh46I4VWrBbUg5XAofco=,fszq7GAK61ad6s1HvNgRuIsd29w=
-9,-84,RK/ki4ksh46I4VWrBbUg5XAofco=,fszq7GAK61ad6s1HvNgRuIsd29w=
-14,-86,RK/ki4ksh46I4VWrBbUg5XAofco=,fszq7GAK61ad6s1HvNgRuIsd29w=
-9,-95,RK/ki4ksh46I4VWrBbUg5XAofco=,fszq7GAK61ad6s1HvNgRuIsd29w=
-6,-85,RK/ki4ksh46I4VWrBbUg5XAofco=,fszq7GAK61ad6s1HvNgRuIsd29w=
-13,-96,RK/ki4ksh46I4VWrBbUg5XAofco=,fszq7GAK61ad6s1HvNgRuIsd29w=
-3,-82,RK/ki4ksh46I4VWrBbUg5XAofco=,fszq7GAK61ad6s1HvNgRuIsd29w=
-11,-91,RK/ki4ksh46I4VWrBbUg5XAofco=,fszq7GAK61ad6s1HvNgRuIsd29w=
-12,-96,RK/ki4ksh46I4VWrBbUg5XAofco=,fszq7GAK61ad6s1HvNgRuIsd29w=
-9,-82,RK/ki4ksh46I4VWrBbUg5XAofco=,fszq7GAK61ad6s1HvNgRuIsd29w=
-11,-86,RK/ki4ksh46I4VWrBbUg5XAofco=,fszq7GAK61ad6s1HvNgRuIsd29w=
-12,-86,RK/ki4ksh46I4VWrBbUg5XAofco=,fszq7GAK61ad6s1HvNgRuIsd29w=
-5,-86,RK/ki4ksh46I4VWrBbUg5XAofco=,fszq7GAK61ad6s1HvNgRuIsd29w=
-7,-85,RK/ki4ksh46I4VWrBbUg5XAofco=,fszq7GAK61ad6s1HvNgRuIsd29w=
-7,-86,RK/ki4ksh46I4VWrBbUg5XAofco=,fszq7GAK61ad6s1HvNgRuIsd29w=
-1,-83,RK/ki4ksh46I4VWrBbUg5XAofco=,fszq7GAK61ad6s1HvNgRuIsd29w=
-4,-82,RK/ki4ksh46I4VWrBbUg5XAofco=,fszq7GAK61ad6s1HvNgRuIsd29w=
-5,-84,RK/ki4ksh46I4VWrBbUg5XAofco=,fszq7GAK61ad6s1HvNgRuIsd29w=
-10,-91,RK/ki4ksh46I4VWrBbUg5XAofco=,fszq7GAK61ad6s1HvNgRuIsd29w=
-5,-82,RK/ki4ksh46I4VWrBbUg5XAofco=,fszq7GAK61ad6s1HvNgRuIsd29w=
-7,-87,RK/ki4ksh46I4VWrBbUg5XAofco=,fszq7GAK61ad6s1HvNgRuIsd29w=
-1,-84,RK/ki4ksh46I4VWrBbUg5XAofco=,fszq7GAK61ad6s1HvNgRuIsd29w=
-6,-88,RK/ki4ksh46I4VWrBbUg5XAofco=,fszq7GAK61ad6s1HvNgRuIsd29w=
-8,-83,RK/ki4ksh46I4VWrBbUg5XAofco=,fszq7GAK61ad6s1HvNgRuIsd29w=
-8,-92,RK/ki4ksh46I4VWrBbUg5XAofco=,fszq7GAK61ad6s1HvNgRuIsd29w=
-13,-91,RK/ki4ksh46I4VWrBbUg5XAofco=,fszq7GAK61ad6s1HvNgRuIsd29w=
-5,-88,RK/ki4ksh46I4VWrBbUg5XAofco=,fszq7GAK61ad6s1HvNgRuIsd29w=
-12,-91,RK/ki4ksh46I4VWrBbUg5XAofco=,fszq7GAK61ad6s1HvNgRuIsd29w=
-15,-94,RK/ki4ksh46I4VWrBbUg5XAofco=,fszq7GAK61ad6s1HvNgRuIsd29w=
-6,-84,RK/ki4ksh46I4VWrBbUg5XAofco=,fszq7GAK61ad6s1HvNgRuIsd29w=
-1,-94,RK/ki4ksh46I4VWrBbUg5XAofco=,fszq7GAK61ad6s1HvNgRuIsd29w=
-14,-94,RK/ki4ksh46I4VWrBbUg5XAofco=,fszq7GAK61ad6s1HvNgRuIsd29w=
-6,-87,RK/ki4ksh46I4VWrBbUg5XAofco=,fszq7GAK61ad6s1HvNgRuIsd29w=
-1,-82,RK/ki4ksh46I4VWrBbUg5XAofco=,fszq7GAK61ad6s1HvNgRuIsd29w=
-8,-96,RK/ki4ksh46I4VWrBbUg5XAofco=,fszq7GAK61ad6s1HvNgRuIsd29w=
-13,-94,RK/ki4ksh46I4VWrBbUg5XAofco=,fszq7GAK61ad6s1HvNgRuIsd29w=
-7,-82,RK/ki4ksh46I4VWrBbUg5XAofco=,fszq7GAK61ad6s1HvNgRuIsd29w=
-14,-91,RK/ki4ksh46I4VWrBbUg5XAofco=,fszq7GAK61ad6s1HvNgRuIsd29w=
-1,-87,RK/ki4ksh46I4VWrBbUg5XAofco=,fszq7GAK61ad6s1HvNgRuIsd29w=
-12,-94,RK/ki4ksh46I4VWrBbUg5XAofco=,fszq7GAK61ad6s1HvNgRuIsd29w=
-1,-88,RK/ki4ksh46I4VWrBbUg5XAofco=,fszq7GAK61ad6s1HvNgRuIsd29w=
-1,-89,RK/ki4ksh46I4VWrBbUg5XAofco=,fszq7GAK61ad6s1HvNgRuIsd29w=
-15,-91,RK/ki4ksh46I4VWrBbUg5XAofco=,fszq7GAK61ad6s1HvNgRuIsd29w=
-3,-88,RK/ki4ksh46I4VWrBbUg5XAofco=,fszq7GAK61ad6s1HvNgRuIsd29w=
-11,-94,RK/ki4ksh46I4VWrBbUg5XAofco=,fszq7GAK61ad6s1HvNgRuIsd29w=
-4,-89,RK/ki4ksh46I4VWrBbUg5XAofco=,fszq7GAK61ad6s1HvNgRuIsd29w=
-2,-96,RK/ki4ksh46I4VWrBbUg5XAofco=,fszq7GAK61ad6s1HvNgRuIsd29w=
-1,-96,RK/ki4ksh46I4VWrBbUg5XAofco=,fszq7GAK61ad6s1HvNgRuIsd29w=
-4,-88,RK/ki4ksh46I4VWrBbUg5XAofco=,fszq7GAK61ad6s1HvNgRuIsd29w=
-5,-89,RK/ki4ksh46I4VWrBbUg5XAofco=,fszq7GAK61ad6s1HvNgRuIsd29w=
-10,-94,RK/ki4ksh46I4VWrBbUg5XAofco=,fszq7GAK61ad6s1HvNgRuIsd29w=
-6,-86,RK/ki4ksh46I4VWrBbUg5XAofco=,fszq7GAK61ad6s1HvNgRuIsd29w=
-9,-92,RK/ki4ksh46I4VWrBbUg5XAofco=,fszq7GAK61ad6s1HvNgRuIsd29w=
-16,-87,RK/ki4ksh46I4VWrBbUg5XAofco=,fszq7GAK61ad6s1HvNgRuIsd29w=
-7,-89,RK/ki4ksh46I4VWrBbUg5XAofco=,fszq7GAK61ad6s1HvNgRuIsd29w=
-6,-82,RK/ki4ksh46I4VWrBbUg5XAofco=,fszq7GAK61ad6s1HvNgRuIsd29w=
-7,-83,RK/ki4ksh46I4VWrBbUg5XAofco=,fszq7GAK61ad6s1HvNgRuIsd29w=
-7,-96,RK/ki4ksh46I4VWrBbUg5XAofco=,fszq7GAK61ad6s1HvNgRuIsd29w=
-8,-93,RK/ki4ksh46I4VWrBbUg5XAofco=,fszq7GAK61ad6s1HvNgRuIsd29w=
-2,-88,RK/ki4ksh46I4VWrBbUg5XAofco=,fszq7GAK61ad6s1HvNgRuIsd29w=
-6,-89,RK/ki4ksh46I4VWrBbUg5XAofco=,fszq7GAK61ad6s1HvNgRuIsd29w=
-3,-96,RK/ki4ksh46I4VWrBbUg5XAofco=,fszq7GAK61ad6s1HvNgRuIsd29w=
-6,-96,RK/ki4ksh46I4VWrBbUg5XAofco=,fszq7GAK61ad6s1HvNgRuIsd29w=
-16,-88,RK/ki4ksh46I4VWrBbUg5XAofco=,fszq7GAK61ad6s1HvNgRuIsd29w=
-9,-96,RK/ki4ksh46I4VWrBbUg5XAofco=,fszq7GAK61ad6s1HvNgRuIsd29w=
-7,-90,RK/ki4ksh46I4VWrBbUg5XAofco=,fszq7GAK61ad6s1HvNgRuIsd29w=
-16,-94,RK/ki4ksh46I4VWrBbUg5XAofco=,fszq7GAK61ad6s1HvNgRuIsd29w=
-5,-96,RK/ki4ksh46I4VWrBbUg5XAofco=,fszq7GAK61ad6s1HvNgRuIsd29w=
-7,-88,RK/ki4ksh46I4VWrBbUg5XAofco=,fszq7GAK61ad6s1HvNgRuIsd29w=
-1,-93,RK/ki4ksh46I4VWrBbUg5XAofco=,fszq7GAK61ad6s1HvNgRuIsd29w=
-12,-95,RK/ki4ksh46I4VWrBbUg5XAofco=,fszq7GAK61ad6s1HvNgRuIsd29w=
-16,-86,RK/ki4ksh46I4VWrBbUg5XAofco=,fszq7GAK61ad6s1HvNgRuIsd29w=
-4,-96,RK/ki4ksh46I4VWrBbUg5XAofco=,fszq7GAK61ad6s1HvNgRuIsd29w=
-16,-93,RK/ki4ksh46I4VWrBbUg5XAofco=,fszq7GAK61ad6s1HvNgRuIsd29w=
-2,-91,RK/ki4ksh46I4VWrBbUg5XAofco=,fszq7GAK61ad6s1HvNgRuIsd29w=
-1,-95,RK/ki4ksh46I4VWrBbUg5XAofco=,fszq7GAK61ad6s1HvNgRuIsd29w=
-11,-92,RK/ki4ksh46I4VWrBbUg5XAofco=,fszq7GAK61ad6s1HvNgRuIsd29w=
-4,-94,RK/ki4ksh46I4VWrBbUg5XAofco=,fszq7GAK61ad6s1HvNgRuIsd29w=
-8,-90,RK/ki4ksh46I4VWrBbUg5XAofco=,fszq7GAK61ad6s1HvNgRuIsd29w=
-9,-90,RK/ki4ksh46I4VWrBbUg5XAofco=,fszq7GAK61ad6s1HvNgRuIsd29w=
-6,-83,RK/ki4ksh46I4VWrBbUg5XAofco=,fszq7GAK61ad6s1HvNgRuIsd29w=
-10,-92,RK/ki4ksh46I4VWrBbUg5XAofco=,fszq7GAK61ad6s1HvNgRuIsd29w=
-10,-87,RK/ki4ksh46I4VWrBbUg5XAofco=,fszq7GAK61ad6s1HvNgRuIsd29w=
-5,-83,RK/ki4ksh46I4VWrBbUg5XAofco=,fszq7GAK61ad6s1HvNgRuIsd29w=
-12,-92,RK/ki4ksh46I4VWrBbUg5XAofco=,fszq7GAK61ad6s1HvNgRuIsd29w=
-9,-94,RK/ki4ksh46I4VWrBbUg5XAofco=,fszq7GAK61ad6s1HvNgRuIsd29w=
-7,-84,RK/ki4ksh46I4VWrBbUg5XAofco=,fszq7GAK61ad6s1HvNgRuIsd29w=
-9,-88,RK/ki4ksh46I4VWrBbUg5XAofco=,fszq7GAK61ad6s1HvNgRuIsd29w=
-8,-91,RK/ki4ksh46I4VWrBbUg5XAofco=,fszq7GAK61ad6s1HvNgRuIsd29w=
-15,-93,RK/ki4ksh46I4VWrBbUg5XAofco=,fszq7GAK61ad6s1HvNgRuIsd29w=
-13,-92,RK/ki4ksh46I4VWrBbUg5XAofco=,fszq7GAK61ad6s1HvNgRuIsd29w=
-12,-85,RK/ki4ksh46I4VWrBbUg5XAofco=,fszq7GAK61ad6s1HvNgRuIsd29w=
-16,-92,RK/ki4ksh46I4VWrBbUg5XAofco=,fszq7GAK61ad6s1HvNgRuIsd29w=
-16,-85,RK/ki4ksh46I4VWrBbUg5XAofco=,fszq7GAK61ad6s1HvNgRuIsd29w=
-14,-93,RK/ki4ksh46I4VWrBbUg5XAofco=,fszq7GAK61ad6s1HvNgRuIsd29w=
-16,-91,RK/ki4ksh46I4VWrBbUg5XAofco=,fszq7GAK61ad6s1HvNgRuIsd29w=
-13,-93,RK/ki4ksh46I4VWrBbUg5XAofco=,fszq7GAK61ad6s1HvNgRuIsd29w=
-8,-88,RK/ki4ksh46I4VWrBbUg5XAofco=,fszq7GAK61ad6s1HvNgRuIsd29w=
-4,-85,RK/ki4ksh46I4VWrBbUg5XAofco=,fszq7GAK61ad6s1HvNgRuIsd29w=
-16,-90,RK/ki4ksh46I4VWrBbUg5XAofco=,fszq7GAK61ad6s1HvNgRuIsd29w=
-8,-86,RK/ki4ksh46I4VWrBbUg5XAofco=,fszq7GAK61ad6s1HvNgRuIsd29w=
-9,-89,RK/ki4ksh46I4VWrBbUg5XAofco=,fszq7GAK61ad6s1HvNgRuIsd29w=
-8,-89,RK/ki4ksh46I4VWrBbUg5XAofco=,fszq7GAK61ad6s1HvNgRuIsd29w=
-9,-81,RK/ki4ksh46I4VWrBbUg5XAofco=,fszq7GAK61ad6s1HvNgRuIsd29w=
-16,-95,RK/ki4ksh46I4VWrBbUg5XAofco=,fszq7GAK61ad6s1HvNgRuIsd29w=
-16,-84,RK/ki4ksh46I4VWrBbUg5XAofco=,fszq7GAK61ad6s1HvNgRuIsd29w=
-10,-85,RK/ki4ksh46I4VWrBbUg5XAofco=,fszq7GAK61ad6s1HvNgRuIsd29w=
-16,-89,RK/ki4ksh46I4VWrBbUg5XAofco=,fszq7GAK61ad6s1HvNgRuIsd29w=
-16,-83,RK/ki4ksh46I4VWrBbUg5XAofco=,fszq7GAK61ad6s1HvNgRuIsd29w=
-11,-88,RK/ki4ksh46I4VWrBbUg5XAofco=,fszq7GAK61ad6s1HvNgRuIsd29w=
-15,-92,RK/ki4ksh46I4VWrBbUg5XAofco=,fszq7GAK61ad6s1HvNgRuIsd29w=
-5,-85,RK/ki4ksh46I4VWrBbUg5XAofco=,fszq7GAK61ad6s1HvNgRuIsd29w=
-8,-85,RK/ki4ksh46I4VWrBbUg5XAofco=,fszq7GAK61ad6s1HvNgRuIsd29w=
-14,-92,RK/ki4ksh46I4VWrBbUg5XAofco=,fszq7GAK61ad6s1HvNgRuIsd29w=
-11,-93,RK/ki4ksh46I4VWrBbUg5XAofco=,fszq7GAK61ad6s1HvNgRuIsd29w=
-10,-88,RK/ki4ksh46I4VWrBbUg5XAofco=,fszq7GAK61ad6s1HvNgRuIsd29w=
-2,-86,RK/ki4ksh46I4VWrBbUg5XAofco=,fszq7GAK61ad6s1HvNgRuIsd29w=
-9,-93,RK/ki4ksh46I4VWrBbUg5XAofco=,fszq7GAK61ad6s1HvNgRuIsd29w=
-16,-82,RK/ki4ksh46I4VWrBbUg5XAofco=,fszq7GAK61ad6s1HvNgRuIsd29w=
-13,-86,RK/ki4ksh46I4VWrBbUg5XAofco=,fszq7GAK61ad6s1HvNgRuIsd29w=
-3,-86,RK/ki4ksh46I4VWrBbUg5XAofco=,fszq7GAK61ad6s1HvNgRuIsd29w=
-1,-81,RK/ki4ksh46I4VWrBbUg5XAofco=,fszq7GAK61ad6s1HvNgRuIsd29w=
-16,-81,RK/ki4ksh46I4VWrBbUg5XAofco=,fszq7GAK61ad6s1HvNgRuIsd29w=
-2,-81,RK/ki4ksh46I4VWrBbUg5XAofco=,fszq7GAK61ad6s1HvNgRuIsd29w=
-16,-96,RK/ki4ksh46I4VWrBbUg5XAofco=,fszq7GAK61ad6s1HvNgRuIsd29w=
-13,-81,RK/ki4ksh46I4VWrBbUg5XAofco=,fszq7GAK61ad6s1HvNgRuIsd29w=
-8,-84,RK/ki4ksh46I4VWrBbUg5XAofco=,fszq7GAK61ad6s1HvNgRuIsd29w=
-2,-84,RK/ki4ksh46I4VWrBbUg5XAofco=,fszq7GAK61ad6s1HvNgRuIsd29w=
-10,-86,RK/ki4ksh46I4VWrBbUg5XAofco=,fszq7GAK61ad6s1HvNgRuIsd29w=
-13,-85,RK/ki4ksh46I4VWrBbUg5XAofco=,fszq7GAK61ad6s1HvNgRuIsd29w=
-9,-87,RK/ki4ksh46I4VWrBbUg5XAofco=,fszq7GAK61ad6s1HvNgRuIsd29w=
-3,-81,RK/ki4ksh46I4VWrBbUg5XAofco=,fszq7GAK61ad6s1HvNgRuIsd29w=
-5,-87,RK/ki4ksh46I4VWrBbUg5XAofco=,fszq7GAK61ad6s1HvNgRuIsd29w=
-12,-93,RK/ki4ksh46I4VWrBbUg5XAofco=,fszq7GAK61ad6s1HvNgRuIsd29w=
-4,-81,RK/ki4ksh46I4VWrBbUg5XAofco=,fszq7GAK61ad6s1HvNgRuIsd29w=
-3,-87,RK/ki4ksh46I4VWrBbUg5XAofco=,fszq7GAK61ad6s1HvNgRuIsd29w=
-8,-81,RK/ki4ksh46I4VWrBbUg5XAofco=,fszq7GAK61ad6s1HvNgRuIsd29w=
-4,-86,RK/ki4ksh46I4VWrBbUg5XAofco=,fszq7GAK61ad6s1HvNgRuIsd29w=
-11,-83,RK/ki4ksh46I4VWrBbUg5XAofco=,fszq7GAK61ad6s1HvNgRuIsd29w=
-3,-85,RK/ki4ksh46I4VWrBbUg5XAofco=,fszq7GAK61ad6s1HvNgRuIsd29w=
-7,-81,RK/ki4ksh46I4VWrBbUg5XAofco=,fszq7GAK61ad6s1HvNgRuIsd29w=
-5,-81,RK/ki4ksh46I4VWrBbUg5XAofco=,fszq7GAK61ad6s1HvNgRuIsd29w=
-13,-88,RK/ki4ksh46I4VWrBbUg5XAofco=,fszq7GAK61ad6s1HvNgRuIsd29w=
-6,-81,RK/ki4ksh46I4VWrBbUg5XAofco=,fszq7GAK61ad6s1HvNgRuIsd29w=
-8,-87,RK/ki4ksh46I4VWrBbUg5XAofco=,fszq7GAK61ad6s1HvNgRuIsd29w=
-1,-90,RK/ki4ksh46I4VWrBbUg5XAofco=,fszq7GAK61ad6s1HvNgRuIsd29w=
-1,-91,RK/ki4ksh46I4VWrBbUg5XAofco=,fszq7GAK61ad6s1HvNgRuIsd29w=
-4,-87,RK/ki4ksh46I4VWrBbUg5XAofco=,fszq7GAK61ad6s1HvNgRuIsd29w=
-10,-84,RK/ki4ksh46I4VWrBbUg5XAofco=,fszq7GAK61ad6s1HvNgRuIsd29w=
-2,-87,RK/ki4ksh46I4VWrBbUg5XAofco=,fszq7GAK61ad6s1HvNgRuIsd29w=
-1,-85,RK/ki4ksh46I4VWrBbUg5XAofco=,fszq7GAK61ad6s1HvNgRuIsd29w=
-3,-83,RK/ki4ksh46I4VWrBbUg5XAofco=,fszq7GAK61ad6s1HvNgRuIsd29w=
-1,-92,RK/ki4ksh46I4VWrBbUg5XAofco=,fszq7GAK61ad6s1HvNgRuIsd29w=
-1,-86,RK/ki4ksh46I4VWrBbUg5XAofco=,fszq7GAK61ad6s1HvNgRuIsd29w=
-10,-93,RK/ki4ksh46I4VWrBbUg5XAofco=,fszq7GAK61ad6s1HvNgRuIsd29w=
-2,-89,RK/ki4ksh46I4VWrBbUg5XAofco=,fszq7GAK61ad6s1HvNgRuIsd29w=
-9,-83,RK/ki4ksh46I4VWrBbUg5XAofco=,fszq7GAK61ad6s1HvNgRuIsd29w=
-3,-89,RK/ki4ksh46I4VWrBbUg5XAofco=,fszq7GAK61ad6s1HvNgRuIsd29w=
-4,-84,RK/ki4ksh46I4VWrBbUg5XAofco=,fszq7GAK61ad6s1HvNgRuIsd29w=
-9,-86,RK/ki4ksh46I4VWrBbUg5XAofco=,fszq7GAK61ad6s1HvNgRuIsd29w=
-3,-84,RK/ki4ksh46I4VWrBbUg5XAofco=,fszq7GAK61ad6s1HvNgRuIsd29w=
-9,-85,RK/ki4ksh46I4VWrBbUg5XAofco=,fszq7GAK61ad6s1HvNgRuIsd29w=
-2,-85,RK/ki4ksh46I4VWrBbUg5XAofco=,fszq7GAK61ad6s1HvNgRuIsd29w=
