6,-2,by/Mnat3LUScIgZTxmelU8pN/IY=,fszq7GAK61ad6s1HvNgRuIsd29w=
6,-3,by/Mnat3LUScIgZTxmelU8pN/IY=,fszq7GAK61ad6s1HvNgRuIsd29w=
5,-2,by/Mnat3LUScIgZTxmelU8pN/IY=,fszq7GAK61ad6s1HvNgRuIsd29w=
5,-3,by/Mnat3LUScIgZTxmelU8pN/IY=,fszq7GAK61ad6s1HvNgRuIsd29w=
6,-4,bmY3040auAf157pGtRw2HoK3P6c=,fszq7GAK61ad6s1HvNgRuIsd29w=
6,-7,bmY3040auAf157pGtRw2HoK3P6c=,fszq7GAK61ad6s1HvNgRuIsd29w=
6,-6,bmY3040auAf157pGtRw2HoK3P6c=,fszq7GAK61ad6s1HvNgRuIsd29w=
6,-5,bmY3040auAf157pGtRw2HoK3P6c=,fszq7GAK61ad6s1HvNgRuIsd29w=
5,-7,bmY3040auAf157pGtRw2HoK3P6c=,fszq7GAK61ad6s1HvNgRuIsd29w=
5,-6,bmY3040auAf157pGtRw2HoK3P6c=,fszq7GAK61ad6s1HvNgRuIsd29w=
5,-4,bmY3040auAf157pGtRw2HoK3P6c=,fszq7GAK61ad6s1HvNgRuIsd29w=
5,-5,bmY3040auAf157pGtRw2HoK3P6c=,fszq7GAK61ad6s1HvNgRuIsd29w=
4,-4,bmY3040auAf157pGtRw2HoK3P6c=,fszq7GAK61ad6s1HvNgRuIsd29w=
3,-4,bmY3040auAf157pGtRw2HoK3P6c=,fszq7GAK61ad6s1HvNgRuIsd29w=
4,-5,bmY3040auAf157pGtRw2HoK3P6c=,fszq7GAK61ad6s1HvNgRuIsd29w=
3,-5,bmY3040auAf157pGtRw2HoK3P6c=,fszq7GAK61ad6s1HvNgRuIsd29w=
3,-7,bmY3040auAf157pGtRw2HoK3P6c=,fszq7GAK61ad6s1HvNgRuIsd29w=
4,-7,bmY3040auAf157pGtRw2HoK3P6c=,fszq7GAK61ad6s1HvNgRuIsd29w=
4,-6,bmY3040auAf157pGtRw2HoK3P6c=,fszq7GAK61ad6s1HvNgRuIsd29w=
3,-6,TtT8O5K9WZe0G5w680VrwHPi178=,fszq7GAK61ad6s1HvNgRuIsd29w=
1,-10,TtT8O5K9WZe0G5w680VrwHPi178=,fszq7GAK61ad6s1HvNgRuIsd29w=
1,-11,TtT8O5K9WZe0G5w680VrwHPi178=,fszq7GAK61ad6s1HvNgRuIsd29w=
2,-11,TtT8O5K9WZe0G5w680VrwHPi178=,fszq7GAK61ad6s1HvNgRuIsd29w=
2,-10,TtT8O5K9WZe0G5w680VrwHPi178=,fszq7GAK61ad6s1HvNgRuIsd29w=
1,-13,TtT8O5K9WZe0G5w680VrwHPi178=,fszq7GAK61ad6s1HvNgRuIsd29w=
1,-12,TtT8O5K9WZe0G5w680VrwHPi178=,fszq7GAK61ad6s1HvNgRuIsd29w=
2,-12,TtT8O5K9WZe0G5w680VrwHPi178=,fszq7GAK61ad6s1HvNgRuIsd29w=
2,-13,TtT8O5K9WZe0G5w680VrwHPi178=,fszq7GAK61ad6s1HvNgRuIsd29w=
1,-14,TtT8O5K9WZe0G5w680VrwHPi178=,fszq7GAK61ad6s1HvNgRuIsd29w=
2,-15,TtT8O5K9WZe0G5w680VrwHPi178=,fszq7GAK61ad6s1HvNgRuIsd29w=
1,-15,TtT8O5K9WZe0G5w680VrwHPi178=,fszq7GAK61ad6s1HvNgRuIsd29w=
2,-14,TtT8O5K9WZe0G5w680VrwHPi178=,fszq7GAK61ad6s1HvNgRuIsd29w=
2,-9,TtT8O5K9WZe0G5w680VrwHPi178=,fszq7GAK61ad6s1HvNgRuIsd29w=
1,-9,TtT8O5K9WZe0G5w680VrwHPi178=,fszq7GAK61ad6s1HvNgRuIsd29w=
2,-8,TtT8O5K9WZe0G5w680VrwHPi178=,fszq7GAK61ad6s1HvNgRuIsd29w=
1,-8,TtT8O5K9WZe0G5w680VrwHPi178=,fszq7GAK61ad6s1HvNgRuIsd29w=
2,-7,TtT8O5K9WZe0G5w680VrwHPi178=,fszq7GAK61ad6s1HvNgRuIsd29w=
1,-7,TtT8O5K9WZe0G5w680VrwHPi178=,fszq7GAK61ad6s1HvNgRuIsd29w=
2,-5,TtT8O5K9WZe0G5w680VrwHPi178=,fszq7GAK61ad6s1HvNgRuIsd29w=
1,-5,TtT8O5K9WZe0G5w680VrwHPi178=,fszq7GAK61ad6s1HvNgRuIsd29w=
0,-7,TtT8O5K9WZe0G5w680VrwHPi178=,fszq7GAK61ad6s1HvNgRuIsd29w=
1,-4,TtT8O5K9WZe0G5w680VrwHPi178=,fszq7GAK61ad6s1HvNgRuIsd29w=
1,-6,TtT8O5K9WZe0G5w680VrwHPi178=,fszq7GAK61ad6s1HvNgRuIsd29w=
2,-6,TtT8O5K9WZe0G5w680VrwHPi178=,fszq7GAK61ad6s1HvNgRuIsd29w=
2,-4,TtT8O5K9WZe0G5w680VrwHPi178=,fszq7GAK61ad6s1HvNgRuIsd29w=
0,-6,TtT8O5K9WZe0G5w680VrwHPi178=,fszq7GAK61ad6s1HvNgRuIsd29w=
0,-4,TtT8O5K9WZe0G5w680VrwHPi178=,fszq7GAK61ad6s1HvNgRuIsd29w=
0,-5,TtT8O5K9WZe0G5w680VrwHPi178=,fszq7GAK61ad6s1HvNgRuIsd29w=
3,-2,s8pxNIEm3iFcRdVnqvxE/oe21rI=,fszq7GAK61ad6s1HvNgRuIsd29w=
4,-3,s8pxNIEm3iFcRdVnqvxE/oe21rI=,fszq7GAK61ad6s1HvNgRuIsd29w=
4,-2,s8pxNIEm3iFcRdVnqvxE/oe21rI=,fszq7GAK61ad6s1HvNgRuIsd29w=
6,-1,s8pxNIEm3iFcRdVnqvxE/oe21rI=,fszq7GAK61ad6s1HvNgRuIsd29w=
3,-3,s8pxNIEm3iFcRdVnqvxE/oe21rI=,fszq7GAK61ad6s1HvNgRuIsd29w=
5,-1,s8pxNIEm3iFcRdVnqvxE/oe21rI=,fszq7GAK61ad6s1HvNgRuIsd29w=
4,-1,s8pxNIEm3iFcRdVnqvxE/oe21rI=,fszq7GAK61ad6s1HvNgRuIsd29w=
3,-1,s8pxNIEm3iFcRdVnqvxE/oe21rI=,fszq7GAK61ad6s1HvNgRuIsd29w=
7,-3,s8pxNIEm3iFcRdVnqvxE/oe21rI=,fszq7GAK61ad6s1HvNgRuIsd29w=
8,-3,s8pxNIEm3iFcRdVnqvxE/oe21rI=,fszq7GAK61ad6s1HvNgRuIsd29w=
7,-2,s8pxNIEm3iFcRdVnqvxE/oe21rI=,fszq7GAK61ad6s1HvNgRuIsd29w=
8,-2,s8pxNIEm3iFcRdVnqvxE/oe21rI=,fszq7GAK61ad6s1HvNgRuIsd29w=
10,-2,s8pxNIEm3iFcRdVnqvxE/oe21rI=,fszq7GAK61ad6s1HvNgRuIsd29w=
9,-2,s8pxNIEm3iFcRdVnqvxE/oe21rI=,fszq7GAK61ad6s1HvNgRuIsd29w=
10,-3,s8pxNIEm3iFcRdVnqvxE/oe21rI=,fszq7GAK61ad6s1HvNgRuIsd29w=
9,-3,s8pxNIEm3iFcRdVnqvxE/oe21rI=,fszq7GAK61ad6s1HvNgRuIsd29w=
12,-2,s8pxNIEm3iFcRdVnqvxE/oe21rI=,fszq7GAK61ad6s1HvNgRuIsd29w=
11,-2,s8pxNIEm3iFcRdVnqvxE/oe21rI=,fszq7GAK61ad6s1HvNgRuIsd29w=
11,-3,s8pxNIEm3iFcRdVnqvxE/oe21rI=,fszq7GAK61ad6s1HvNgRuIsd29w=
12,-3,s8pxNIEm3iFcRdVnqvxE/oe21rI=,fszq7GAK61ad6s1HvNgRuIsd29w=
1,-2,s8pxNIEm3iFcRdVnqvxE/oe21rI=,fszq7GAK61ad6s1HvNgRuIsd29w=
0,-2,s8pxNIEm3iFcRdVnqvxE/oe21rI=,fszq7GAK61ad6s1HvNgRuIsd29w=
1,-3,s8pxNIEm3iFcRdVnqvxE/oe21rI=,fszq7GAK61ad6s1HvNgRuIsd29w=
14,-3,s8pxNIEm3iFcRdVnqvxE/oe21rI=,fszq7GAK61ad6s1HvNgRuIsd29w=
13,-3,s8pxNIEm3iFcRdVnqvxE/oe21rI=,fszq7GAK61ad6s1HvNgRuIsd29w=
13,-2,s8pxNIEm3iFcRdVnqvxE/oe21rI=,fszq7GAK61ad6s1HvNgRuIsd29w=
14,-2,s8pxNIEm3iFcRdVnqvxE/oe21rI=,fszq7GAK61ad6s1HvNgRuIsd29w=
2,-1,s8pxNIEm3iFcRdVnqvxE/oe21rI=,fszq7GAK61ad6s1HvNgRuIsd29w=
13,-5,s8pxNIEm3iFcRdVnqvxE/oe21rI=,fszq7GAK61ad6s1HvNgRuIsd29w=
14,-6,s8pxNIEm3iFcRdVnqvxE/oe21rI=,fszq7GAK61ad6s1HvNgRuIsd29w=
13,-6,s8pxNIEm3iFcRdVnqvxE/oe21rI=,fszq7GAK61ad6s1HvNgRuIsd29w=
14,-4,s8pxNIEm3iFcRdVnqvxE/oe21rI=,fszq7GAK61ad6s1HvNgRuIsd29w=
2,-2,s8pxNIEm3iFcRdVnqvxE/oe21rI=,fszq7GAK61ad6s1HvNgRuIsd29w=
13,-4,s8pxNIEm3iFcRdVnqvxE/oe21rI=,fszq7GAK61ad6s1HvNgRuIsd29w=
2,-3,s8pxNIEm3iFcRdVnqvxE/oe21rI=,fszq7GAK61ad6s1HvNgRuIsd29w=
14,-5,s8pxNIEm3iFcRdVnqvxE/oe21rI=,fszq7GAK61ad6s1HvNgRuIsd29w=
1,-1,s8pxNIEm3iFcRdVnqvxE/oe21rI=,fszq7GAK61ad6s1HvNgRuIsd29w=
6,-8,s8pxNIEm3iFcRdVnqvxE/oe21rI=,fszq7GAK61ad6s1HvNgRuIsd29w=
3,-9,s8pxNIEm3iFcRdVnqvxE/oe21rI=,fszq7GAK61ad6s1HvNgRuIsd29w=
15,-4,s8pxNIEm3iFcRdVnqvxE/oe21rI=,fszq7GAK61ad6s1HvNgRuIsd29w=
3,-8,s8pxNIEm3iFcRdVnqvxE/oe21rI=,fszq7GAK61ad6s1HvNgRuIsd29w=
4,-8,s8pxNIEm3iFcRdVnqvxE/oe21rI=,fszq7GAK61ad6s1HvNgRuIsd29w=
5,-8,s8pxNIEm3iFcRdVnqvxE/oe21rI=,fszq7GAK61ad6s1HvNgRuIsd29w=
11,-8,s8pxNIEm3iFcRdVnqvxE/oe21rI=,fszq7GAK61ad6s1HvNgRuIsd29w=
15,-5,s8pxNIEm3iFcRdVnqvxE/oe21rI=,fszq7GAK61ad6s1HvNgRuIsd29w=
7,-8,s8pxNIEm3iFcRdVnqvxE/oe21rI=,fszq7GAK61ad6s1HvNgRuIsd29w=
10,-8,s8pxNIEm3iFcRdVnqvxE/oe21rI=,fszq7GAK61ad6s1HvNgRuIsd29w=
8,-8,s8pxNIEm3iFcRdVnqvxE/oe21rI=,fszq7GAK61ad6s1HvNgRuIsd29w=
9,-8,s8pxNIEm3iFcRdVnqvxE/oe21rI=,fszq7GAK61ad6s1HvNgRuIsd29w=
1,-16,s8pxNIEm3iFcRdVnqvxE/oe21rI=,fszq7GAK61ad6s1HvNgRuIsd29w=
0,-16,s8pxNIEm3iFcRdVnqvxE/oe21rI=,fszq7GAK61ad6s1HvNgRuIsd29w=
2,-16,s8pxNIEm3iFcRdVnqvxE/oe21rI=,fszq7GAK61ad6s1HvNgRuIsd29w=
0,-3,R53Hg2nsglkV4R/lThBlrEo6oKU=,fszq7GAK61ad6s1HvNgRuIsd29w=
11,-7,R53Hg2nsglkV4R/lThBlrEo6oKU=,fszq7GAK61ad6s1HvNgRuIsd29w=
12,-4,R53Hg2nsglkV4R/lThBlrEo6oKU=,fszq7GAK61ad6s1HvNgRuIsd29w=
11,-6,R53Hg2nsglkV4R/lThBlrEo6oKU=,fszq7GAK61ad6s1HvNgRuIsd29w=
12,-5,R53Hg2nsglkV4R/lThBlrEo6oKU=,fszq7GAK61ad6s1HvNgRuIsd29w=
11,-4,R53Hg2nsglkV4R/lThBlrEo6oKU=,fszq7GAK61ad6s1HvNgRuIsd29w=
12,-6,R53Hg2nsglkV4R/lThBlrEo6oKU=,fszq7GAK61ad6s1HvNgRuIsd29w=
3,-15,R53Hg2nsglkV4R/lThBlrEo6oKU=,fszq7GAK61ad6s1HvNgRuIsd29w=
3,-11,R53Hg2nsglkV4R/lThBlrEo6oKU=,fszq7GAK61ad6s1HvNgRuIsd29w=
3,-14,R53Hg2nsglkV4R/lThBlrEo6oKU=,fszq7GAK61ad6s1HvNgRuIsd29w=
3,-12,R53Hg2nsglkV4R/lThBlrEo6oKU=,fszq7GAK61ad6s1HvNgRuIsd29w=
3,-10,R53Hg2nsglkV4R/lThBlrEo6oKU=,fszq7GAK61ad6s1HvNgRuIsd29w=
3,-13,R53Hg2nsglkV4R/lThBlrEo6oKU=,fszq7GAK61ad6s1HvNgRuIsd29w=
0,-11,R53Hg2nsglkV4R/lThBlrEo6oKU=,fszq7GAK61ad6s1HvNgRuIsd29w=
11,-5,R53Hg2nsglkV4R/lThBlrEo6oKU=,fszq7GAK61ad6s1HvNgRuIsd29w=
0,-12,R53Hg2nsglkV4R/lThBlrEo6oKU=,fszq7GAK61ad6s1HvNgRuIsd29w=
0,-14,R53Hg2nsglkV4R/lThBlrEo6oKU=,fszq7GAK61ad6s1HvNgRuIsd29w=
0,-13,R53Hg2nsglkV4R/lThBlrEo6oKU=,fszq7GAK61ad6s1HvNgRuIsd29w=
0,-10,R53Hg2nsglkV4R/lThBlrEo6oKU=,fszq7GAK61ad6s1HvNgRuIsd29w=
0,-15,R53Hg2nsglkV4R/lThBlrEo6oKU=,fszq7GAK61ad6s1HvNgRuIsd29w=
0,-8,R53Hg2nsglkV4R/lThBlrEo6oKU=,fszq7GAK61ad6s1HvNgRuIsd29w=
13,-1,R53Hg2nsglkV4R/lThBlrEo6oKU=,fszq7GAK61ad6s1HvNgRuIsd29w=
14,-1,R53Hg2nsglkV4R/lThBlrEo6oKU=,fszq7GAK61ad6s1HvNgRuIsd29w=
12,-1,R53Hg2nsglkV4R/lThBlrEo6oKU=,fszq7GAK61ad6s1HvNgRuIsd29w=
0,-9,R53Hg2nsglkV4R/lThBlrEo6oKU=,fszq7GAK61ad6s1HvNgRuIsd29w=
15,-6,R53Hg2nsglkV4R/lThBlrEo6oKU=,fszq7GAK61ad6s1HvNgRuIsd29w=
3,-16,R53Hg2nsglkV4R/lThBlrEo6oKU=,fszq7GAK61ad6s1HvNgRuIsd29w=
11,-1,R53Hg2nsglkV4R/lThBlrEo6oKU=,fszq7GAK61ad6s1HvNgRuIsd29w=
7,-1,R53Hg2nsglkV4R/lThBlrEo6oKU=,fszq7GAK61ad6s1HvNgRuIsd29w=
10,-6,R53Hg2nsglkV4R/lThBlrEo6oKU=,fszq7GAK61ad6s1HvNgRuIsd29w=
9,-7,R53Hg2nsglkV4R/lThBlrEo6oKU=,fszq7GAK61ad6s1HvNgRuIsd29w=
15,-1,R53Hg2nsglkV4R/lThBlrEo6oKU=,fszq7GAK61ad6s1HvNgRuIsd29w=
15,-3,R53Hg2nsglkV4R/lThBlrEo6oKU=,fszq7GAK61ad6s1HvNgRuIsd29w=
10,-4,R53Hg2nsglkV4R/lThBlrEo6oKU=,fszq7GAK61ad6s1HvNgRuIsd29w=
10,-7,R53Hg2nsglkV4R/lThBlrEo6oKU=,fszq7GAK61ad6s1HvNgRuIsd29w=
9,-1,R53Hg2nsglkV4R/lThBlrEo6oKU=,fszq7GAK61ad6s1HvNgRuIsd29w=
8,-1,R53Hg2nsglkV4R/lThBlrEo6oKU=,fszq7GAK61ad6s1HvNgRuIsd29w=
8,-7,R53Hg2nsglkV4R/lThBlrEo6oKU=,fszq7GAK61ad6s1HvNgRuIsd29w=
10,-1,R53Hg2nsglkV4R/lThBlrEo6oKU=,fszq7GAK61ad6s1HvNgRuIsd29w=
7,-5,R53Hg2nsglkV4R/lThBlrEo6oKU=,fszq7GAK61ad6s1HvNgRuIsd29w=
9,-6,R53Hg2nsglkV4R/lThBlrEo6oKU=,fszq7GAK61ad6s1HvNgRuIsd29w=
7,-7,R53Hg2nsglkV4R/lThBlrEo6oKU=,fszq7GAK61ad6s1HvNgRuIsd29w=
7,-6,R53Hg2nsglkV4R/lThBlrEo6oKU=,fszq7GAK61ad6s1HvNgRuIsd29w=
10,-5,R53Hg2nsglkV4R/lThBlrEo6oKU=,fszq7GAK61ad6s1HvNgRuIsd29w=
9,-4,R53Hg2nsglkV4R/lThBlrEo6oKU=,fszq7GAK61ad6s1HvNgRuIsd29w=
15,-2,R53Hg2nsglkV4R/lThBlrEo6oKU=,fszq7GAK61ad6s1HvNgRuIsd29w=
7,-4,R53Hg2nsglkV4R/lThBlrEo6oKU=,fszq7GAK61ad6s1HvNgRuIsd29w=
8,-5,R53Hg2nsglkV4R/lThBlrEo6oKU=,fszq7GAK61ad6s1HvNgRuIsd29w=
9,-5,R53Hg2nsglkV4R/lThBlrEo6oKU=,fszq7GAK61ad6s1HvNgRuIsd29w=
8,-4,R53Hg2nsglkV4R/lThBlrEo6oKU=,fszq7GAK61ad6s1HvNgRuIsd29w=
8,-6,R53Hg2nsglkV4R/lThBlrEo6oKU=,fszq7GAK61ad6s1HvNgRuIsd29w=
0,-1,R53Hg2nsglkV4R/lThBlrEo6oKU=,fszq7GAK61ad6s1HvNgRuIsd29w=
17,-5,JCOC814Xloj63nKkFXZ1aZ4RcD4=,fszq7GAK61ad6s1HvNgRuIsd29w=
17,-4,JCOC814Xloj63nKkFXZ1aZ4RcD4=,fszq7GAK61ad6s1HvNgRuIsd29w=
18,-5,mj1kmNrGV2+f+72WnyvYWWCRZZs=,fszq7GAK61ad6s1HvNgRuIsd29w=
19,-3,mj1kmNrGV2+f+72WnyvYWWCRZZs=,fszq7GAK61ad6s1HvNgRuIsd29w=
21,-3,mj1kmNrGV2+f+72WnyvYWWCRZZs=,fszq7GAK61ad6s1HvNgRuIsd29w=
19,-2,mj1kmNrGV2+f+72WnyvYWWCRZZs=,fszq7GAK61ad6s1HvNgRuIsd29w=
20,-2,mj1kmNrGV2+f+72WnyvYWWCRZZs=,fszq7GAK61ad6s1HvNgRuIsd29w=
20,-3,mj1kmNrGV2+f+72WnyvYWWCRZZs=,fszq7GAK61ad6s1HvNgRuIsd29w=
17,-6,mj1kmNrGV2+f+72WnyvYWWCRZZs=,fszq7GAK61ad6s1HvNgRuIsd29w=
18,-6,mj1kmNrGV2+f+72WnyvYWWCRZZs=,fszq7GAK61ad6s1HvNgRuIsd29w=
22,-2,mj1kmNrGV2+f+72WnyvYWWCRZZs=,fszq7GAK61ad6s1HvNgRuIsd29w=
18,-1,mj1kmNrGV2+f+72WnyvYWWCRZZs=,fszq7GAK61ad6s1HvNgRuIsd29w=
17,-3,mj1kmNrGV2+f+72WnyvYWWCRZZs=,fszq7GAK61ad6s1HvNgRuIsd29w=
21,-2,mj1kmNrGV2+f+72WnyvYWWCRZZs=,fszq7GAK61ad6s1HvNgRuIsd29w=
18,-3,mj1kmNrGV2+f+72WnyvYWWCRZZs=,fszq7GAK61ad6s1HvNgRuIsd29w=
18,-2,mj1kmNrGV2+f+72WnyvYWWCRZZs=,fszq7GAK61ad6s1HvNgRuIsd29w=
18,-4,mj1kmNrGV2+f+72WnyvYWWCRZZs=,fszq7GAK61ad6s1HvNgRuIsd29w=
17,-2,mj1kmNrGV2+f+72WnyvYWWCRZZs=,fszq7GAK61ad6s1HvNgRuIsd29w=
17,-1,mj1kmNrGV2+f+72WnyvYWWCRZZs=,fszq7GAK61ad6s1HvNgRuIsd29w=
19,-5,mj1kmNrGV2+f+72WnyvYWWCRZZs=,fszq7GAK61ad6s1HvNgRuIsd29w=
19,-6,mj1kmNrGV2+f+72WnyvYWWCRZZs=,fszq7GAK61ad6s1HvNgRuIsd29w=
20,-6,mj1kmNrGV2+f+72WnyvYWWCRZZs=,fszq7GAK61ad6s1HvNgRuIsd29w=
19,-4,mj1kmNrGV2+f+72WnyvYWWCRZZs=,fszq7GAK61ad6s1HvNgRuIsd29w=
21,-6,mj1kmNrGV2+f+72WnyvYWWCRZZs=,fszq7GAK61ad6s1HvNgRuIsd29w=
21,-5,mj1kmNrGV2+f+72WnyvYWWCRZZs=,fszq7GAK61ad6s1HvNgRuIsd29w=
21,-4,mj1kmNrGV2+f+72WnyvYWWCRZZs=,fszq7GAK61ad6s1HvNgRuIsd29w=
20,-5,mj1kmNrGV2+f+72WnyvYWWCRZZs=,fszq7GAK61ad6s1HvNgRuIsd29w=
20,-4,mj1kmNrGV2+f+72WnyvYWWCRZZs=,fszq7GAK61ad6s1HvNgRuIsd29w=
23,-2,mj1kmNrGV2+f+72WnyvYWWCRZZs=,fszq7GAK61ad6s1HvNgRuIsd29w=
24,-2,mj1kmNrGV2+f+72WnyvYWWCRZZs=,fszq7GAK61ad6s1HvNgRuIsd29w=
30,-2,mj1kmNrGV2+f+72WnyvYWWCRZZs=,fszq7GAK61ad6s1HvNgRuIsd29w=
29,-1,mj1kmNrGV2+f+72WnyvYWWCRZZs=,fszq7GAK61ad6s1HvNgRuIsd29w=
29,-2,mj1kmNrGV2+f+72WnyvYWWCRZZs=,fszq7GAK61ad6s1HvNgRuIsd29w=
31,-2,mj1kmNrGV2+f+72WnyvYWWCRZZs=,fszq7GAK61ad6s1HvNgRuIsd29w=
16,-2,mj1kmNrGV2+f+72WnyvYWWCRZZs=,fszq7GAK61ad6s1HvNgRuIsd29w=
16,-3,mj1kmNrGV2+f+72WnyvYWWCRZZs=,fszq7GAK61ad6s1HvNgRuIsd29w=
19,-1,mj1kmNrGV2+f+72WnyvYWWCRZZs=,fszq7GAK61ad6s1HvNgRuIsd29w=
20,-1,mj1kmNrGV2+f+72WnyvYWWCRZZs=,fszq7GAK61ad6s1HvNgRuIsd29w=
16,-1,mj1kmNrGV2+f+72WnyvYWWCRZZs=,fszq7GAK61ad6s1HvNgRuIsd29w=
23,-1,mj1kmNrGV2+f+72WnyvYWWCRZZs=,fszq7GAK61ad6s1HvNgRuIsd29w=
22,-1,mj1kmNrGV2+f+72WnyvYWWCRZZs=,fszq7GAK61ad6s1HvNgRuIsd29w=
24,-1,mj1kmNrGV2+f+72WnyvYWWCRZZs=,fszq7GAK61ad6s1HvNgRuIsd29w=
21,-1,mj1kmNrGV2+f+72WnyvYWWCRZZs=,fszq7GAK61ad6s1HvNgRuIsd29w=
31,-1,mj1kmNrGV2+f+72WnyvYWWCRZZs=,fszq7GAK61ad6s1HvNgRuIsd29w=
30,-1,mj1kmNrGV2+f+72WnyvYWWCRZZs=,fszq7GAK61ad6s1HvNgRuIsd29w=
16,-6,mj1kmNrGV2+f+72WnyvYWWCRZZs=,fszq7GAK61ad6s1HvNgRuIsd29w=
28,-2,mj1kmNrGV2+f+72WnyvYWWCRZZs=,fszq7GAK61ad6s1HvNgRuIsd29w=
28,-1,mj1kmNrGV2+f+72WnyvYWWCRZZs=,fszq7GAK61ad6s1HvNgRuIsd29w=
25,-1,mj1kmNrGV2+f+72WnyvYWWCRZZs=,fszq7GAK61ad6s1HvNgRuIsd29w=
16,-5,mj1kmNrGV2+f+72WnyvYWWCRZZs=,fszq7GAK61ad6s1HvNgRuIsd29w=
16,-4,mj1kmNrGV2+f+72WnyvYWWCRZZs=,fszq7GAK61ad6s1HvNgRuIsd29w=
27,-2,mj1kmNrGV2+f+72WnyvYWWCRZZs=,fszq7GAK61ad6s1HvNgRuIsd29w=
27,-1,mj1kmNrGV2+f+72WnyvYWWCRZZs=,fszq7GAK61ad6s1HvNgRuIsd29w=
25,-2,mj1kmNrGV2+f+72WnyvYWWCRZZs=,fszq7GAK61ad6s1HvNgRuIsd29w=
26,-2,mj1kmNrGV2+f+72WnyvYWWCRZZs=,fszq7GAK61ad6s1HvNgRuIsd29w=
26,-1,mj1kmNrGV2+f+72WnyvYWWCRZZs=,fszq7GAK61ad6s1HvNgRuIsd29w=
1,-20,mj1kmNrGV2+f+72WnyvYWWCRZZs=,fszq7GAK61ad6s1HvNgRuIsd29w=
2,-20,mj1kmNrGV2+f+72WnyvYWWCRZZs=,fszq7GAK61ad6s1HvNgRuIsd29w=
2,-21,mj1kmNrGV2+f+72WnyvYWWCRZZs=,fszq7GAK61ad6s1HvNgRuIsd29w=
1,-21,mj1kmNrGV2+f+72WnyvYWWCRZZs=,fszq7GAK61ad6s1HvNgRuIsd29w=
2,-22,mj1kmNrGV2+f+72WnyvYWWCRZZs=,fszq7GAK61ad6s1HvNgRuIsd29w=
1,-22,mj1kmNrGV2+f+72WnyvYWWCRZZs=,fszq7GAK61ad6s1HvNgRuIsd29w=
1,-23,mj1kmNrGV2+f+72WnyvYWWCRZZs=,fszq7GAK61ad6s1HvNgRuIsd29w=
1,-25,mj1kmNrGV2+f+72WnyvYWWCRZZs=,fszq7GAK61ad6s1HvNgRuIsd29w=
1,-24,mj1kmNrGV2+f+72WnyvYWWCRZZs=,fszq7GAK61ad6s1HvNgRuIsd29w=
2,-25,mj1kmNrGV2+f+72WnyvYWWCRZZs=,fszq7GAK61ad6s1HvNgRuIsd29w=
1,-19,mj1kmNrGV2+f+72WnyvYWWCRZZs=,fszq7GAK61ad6s1HvNgRuIsd29w=
2,-19,mj1kmNrGV2+f+72WnyvYWWCRZZs=,fszq7GAK61ad6s1HvNgRuIsd29w=
2,-18,mj1kmNrGV2+f+72WnyvYWWCRZZs=,fszq7GAK61ad6s1HvNgRuIsd29w=
1,-18,mj1kmNrGV2+f+72WnyvYWWCRZZs=,fszq7GAK61ad6s1HvNgRuIsd29w=
0,-24,mj1kmNrGV2+f+72WnyvYWWCRZZs=,fszq7GAK61ad6s1HvNgRuIsd29w=
0,-25,mj1kmNrGV2+f+72WnyvYWWCRZZs=,fszq7GAK61ad6s1HvNgRuIsd29w=
0,-18,mj1kmNrGV2+f+72WnyvYWWCRZZs=,fszq7GAK61ad6s1HvNgRuIsd29w=
0,-19,mj1kmNrGV2+f+72WnyvYWWCRZZs=,fszq7GAK61ad6s1HvNgRuIsd29w=
1,-27,mj1kmNrGV2+f+72WnyvYWWCRZZs=,fszq7GAK61ad6s1HvNgRuIsd29w=
2,-26,mj1kmNrGV2+f+72WnyvYWWCRZZs=,fszq7GAK61ad6s1HvNgRuIsd29w=
1,-26,mj1kmNrGV2+f+72WnyvYWWCRZZs=,fszq7GAK61ad6s1HvNgRuIsd29w=
0,-26,mj1kmNrGV2+f+72WnyvYWWCRZZs=,fszq7GAK61ad6s1HvNgRuIsd29w=
1,-32,mj1kmNrGV2+f+72WnyvYWWCRZZs=,fszq7GAK61ad6s1HvNgRuIsd29w=
3,-18,mj1kmNrGV2+f+72WnyvYWWCRZZs=,fszq7GAK61ad6s1HvNgRuIsd29w=
3,-19,mj1kmNrGV2+f+72WnyvYWWCRZZs=,fszq7GAK61ad6s1HvNgRuIsd29w=
3,-21,mj1kmNrGV2+f+72WnyvYWWCRZZs=,fszq7GAK61ad6s1HvNgRuIsd29w=
3,-20,mj1kmNrGV2+f+72WnyvYWWCRZZs=,fszq7GAK61ad6s1HvNgRuIsd29w=
3,-26,mj1kmNrGV2+f+72WnyvYWWCRZZs=,fszq7GAK61ad6s1HvNgRuIsd29w=
1,-31,mj1kmNrGV2+f+72WnyvYWWCRZZs=,fszq7GAK61ad6s1HvNgRuIsd29w=
1,-28,mj1kmNrGV2+f+72WnyvYWWCRZZs=,fszq7GAK61ad6s1HvNgRuIsd29w=
3,-25,mj1kmNrGV2+f+72WnyvYWWCRZZs=,fszq7GAK61ad6s1HvNgRuIsd29w=
3,-22,mj1kmNrGV2+f+72WnyvYWWCRZZs=,fszq7GAK61ad6s1HvNgRuIsd29w=
0,-28,mj1kmNrGV2+f+72WnyvYWWCRZZs=,fszq7GAK61ad6s1HvNgRuIsd29w=
0,-17,mj1kmNrGV2+f+72WnyvYWWCRZZs=,fszq7GAK61ad6s1HvNgRuIsd29w=
0,-31,mj1kmNrGV2+f+72WnyvYWWCRZZs=,fszq7GAK61ad6s1HvNgRuIsd29w=
0,-32,mj1kmNrGV2+f+72WnyvYWWCRZZs=,fszq7GAK61ad6s1HvNgRuIsd29w=
3,-17,mj1kmNrGV2+f+72WnyvYWWCRZZs=,fszq7GAK61ad6s1HvNgRuIsd29w=
0,-27,mj1kmNrGV2+f+72WnyvYWWCRZZs=,fszq7GAK61ad6s1HvNgRuIsd29w=
1,-17,mj1kmNrGV2+f+72WnyvYWWCRZZs=,fszq7GAK61ad6s1HvNgRuIsd29w=
0,-22,mj1kmNrGV2+f+72WnyvYWWCRZZs=,fszq7GAK61ad6s1HvNgRuIsd29w=
0,-20,mj1kmNrGV2+f+72WnyvYWWCRZZs=,fszq7GAK61ad6s1HvNgRuIsd29w=
2,-17,mj1kmNrGV2+f+72WnyvYWWCRZZs=,fszq7GAK61ad6s1HvNgRuIsd29w=
0,-21,mj1kmNrGV2+f+72WnyvYWWCRZZs=,fszq7GAK61ad6s1HvNgRuIsd29w=
0,-23,mj1kmNrGV2+f+72WnyvYWWCRZZs=,fszq7GAK61ad6s1HvNgRuIsd29w=
