-40,405,oyCpzIXc8Cq4nR7uyfxXcSA3DLw=,TkLNRlJdiNiECqERQuzMgwE4AlY=
-34,404,oyCpzIXc8Cq4nR7uyfxXcSA3DLw=,TkLNRlJdiNiECqERQuzMgwE4AlY=
-35,404,oyCpzIXc8Cq4nR7uyfxXcSA3DLw=,TkLNRlJdiNiECqERQuzMgwE4AlY=
-36,404,oyCpzIXc8Cq4nR7uyfxXcSA3DLw=,TkLNRlJdiNiECqERQuzMgwE4AlY=
-37,404,oyCpzIXc8Cq4nR7uyfxXcSA3DLw=,TkLNRlJdiNiECqERQuzMgwE4AlY=
-39,404,oyCpzIXc8Cq4nR7uyfxXcSA3DLw=,TkLNRlJdiNiECqERQuzMgwE4AlY=
-38,404,oyCpzIXc8Cq4nR7uyfxXcSA3DLw=,TkLNRlJdiNiECqERQuzMgwE4AlY=
-40,404,oyCpzIXc8Cq4nR7uyfxXcSA3DLw=,TkLNRlJdiNiECqERQuzMgwE4AlY=
-33,403,oyCpzIXc8Cq4nR7uyfxXcSA3DLw=,TkLNRlJdiNiECqERQuzMgwE4AlY=
-34,403,oyCpzIXc8Cq4nR7uyfxXcSA3DLw=,TkLNRlJdiNiECqERQuzMgwE4AlY=
-36,403,oyCpzIXc8Cq4nR7uyfxXcSA3DLw=,TkLNRlJdiNiECqERQuzMgwE4AlY=
-38,403,oyCpzIXc8Cq4nR7uyfxXcSA3DLw=,TkLNRlJdiNiECqERQuzMgwE4AlY=
-39,403,oyCpzIXc8Cq4nR7uyfxXcSA3DLw=,TkLNRlJdiNiECqERQuzMgwE4AlY=
-40,403,oyCpzIXc8Cq4nR7uyfxXcSA3DLw=,TkLNRlJdiNiECqERQuzMgwE4AlY=
-34,402,oyCpzIXc8Cq4nR7uyfxXcSA3DLw=,TkLNRlJdiNiECqERQuzMgwE4AlY=
-35,402,oyCpzIXc8Cq4nR7uyfxXcSA3DLw=,TkLNRlJdiNiECqERQuzMgwE4AlY=
-37,402,oyCpzIXc8Cq4nR7uyfxXcSA3DLw=,TkLNRlJdiNiECqERQuzMgwE4AlY=
-38,402,oyCpzIXc8Cq4nR7uyfxXcSA3DLw=,TkLNRlJdiNiECqERQuzMgwE4AlY=
-33,406,oyCpzIXc8Cq4nR7uyfxXcSA3DLw=,TkLNRlJdiNiECqERQuzMgwE4AlY=
-35,406,oyCpzIXc8Cq4nR7uyfxXcSA3DLw=,TkLNRlJdiNiECqERQuzMgwE4AlY=
-37,406,oyCpzIXc8Cq4nR7uyfxXcSA3DLw=,TkLNRlJdiNiECqERQuzMgwE4AlY=
-39,402,oyCpzIXc8Cq4nR7uyfxXcSA3DLw=,TkLNRlJdiNiECqERQuzMgwE4AlY=
-40,402,oyCpzIXc8Cq4nR7uyfxXcSA3DLw=,TkLNRlJdiNiECqERQuzMgwE4AlY=
-38,406,oyCpzIXc8Cq4nR7uyfxXcSA3DLw=,TkLNRlJdiNiECqERQuzMgwE4AlY=
-39,406,oyCpzIXc8Cq4nR7uyfxXcSA3DLw=,TkLNRlJdiNiECqERQuzMgwE4AlY=
-40,406,oyCpzIXc8Cq4nR7uyfxXcSA3DLw=,TkLNRlJdiNiECqERQuzMgwE4AlY=
-33,401,oyCpzIXc8Cq4nR7uyfxXcSA3DLw=,TkLNRlJdiNiECqERQuzMgwE4AlY=
-35,405,oyCpzIXc8Cq4nR7uyfxXcSA3DLw=,TkLNRlJdiNiECqERQuzMgwE4AlY=
-34,401,oyCpzIXc8Cq4nR7uyfxXcSA3DLw=,TkLNRlJdiNiECqERQuzMgwE4AlY=
-37,401,oyCpzIXc8Cq4nR7uyfxXcSA3DLw=,TkLNRlJdiNiECqERQuzMgwE4AlY=
-35,401,oyCpzIXc8Cq4nR7uyfxXcSA3DLw=,TkLNRlJdiNiECqERQuzMgwE4AlY=
-38,401,oyCpzIXc8Cq4nR7uyfxXcSA3DLw=,TkLNRlJdiNiECqERQuzMgwE4AlY=
-36,405,oyCpzIXc8Cq4nR7uyfxXcSA3DLw=,TkLNRlJdiNiECqERQuzMgwE4AlY=
-37,405,oyCpzIXc8Cq4nR7uyfxXcSA3DLw=,TkLNRlJdiNiECqERQuzMgwE4AlY=
-38,405,oyCpzIXc8Cq4nR7uyfxXcSA3DLw=,TkLNRlJdiNiECqERQuzMgwE4AlY=
-39,405,oyCpzIXc8Cq4nR7uyfxXcSA3DLw=,TkLNRlJdiNiECqERQuzMgwE4AlY=
-39,401,oyCpzIXc8Cq4nR7uyfxXcSA3DLw=,TkLNRlJdiNiECqERQuzMgwE4AlY=
-40,401,oyCpzIXc8Cq4nR7uyfxXcSA3DLw=,TkLNRlJdiNiECqERQuzMgwE4AlY=
-34,400,oyCpzIXc8Cq4nR7uyfxXcSA3DLw=,TkLNRlJdiNiECqERQuzMgwE4AlY=
-35,400,oyCpzIXc8Cq4nR7uyfxXcSA3DLw=,TkLNRlJdiNiECqERQuzMgwE4AlY=
-37,400,oyCpzIXc8Cq4nR7uyfxXcSA3DLw=,TkLNRlJdiNiECqERQuzMgwE4AlY=
-38,400,oyCpzIXc8Cq4nR7uyfxXcSA3DLw=,TkLNRlJdiNiECqERQuzMgwE4AlY=
-39,400,oyCpzIXc8Cq4nR7uyfxXcSA3DLw=,TkLNRlJdiNiECqERQuzMgwE4AlY=
-37,403,oyCpzIXc8Cq4nR7uyfxXcSA3DLw=,TkLNRlJdiNiECqERQuzMgwE4AlY=
-40,400,oyCpzIXc8Cq4nR7uyfxXcSA3DLw=,TkLNRlJdiNiECqERQuzMgwE4AlY=
-33,400,oyCpzIXc8Cq4nR7uyfxXcSA3DLw=,TkLNRlJdiNiECqERQuzMgwE4AlY=
-33,402,oyCpzIXc8Cq4nR7uyfxXcSA3DLw=,TkLNRlJdiNiECqERQuzMgwE4AlY=
-36,402,oyCpzIXc8Cq4nR7uyfxXcSA3DLw=,TkLNRlJdiNiECqERQuzMgwE4AlY=
-35,403,oyCpzIXc8Cq4nR7uyfxXcSA3DLw=,TkLNRlJdiNiECqERQuzMgwE4AlY=
-36,401,oyCpzIXc8Cq4nR7uyfxXcSA3DLw=,TkLNRlJdiNiECqERQuzMgwE4AlY=
-36,400,oyCpzIXc8Cq4nR7uyfxXcSA3DLw=,TkLNRlJdiNiECqERQuzMgwE4AlY=
-37,414,oyCpzIXc8Cq4nR7uyfxXcSA3DLw=,X5Xch6SCZxeRbjyaSdeKN6+TKok=
-36,414,oyCpzIXc8Cq4nR7uyfxXcSA3DLw=,X5Xch6SCZxeRbjyaSdeKN6+TKok=
-35,414,oyCpzIXc8Cq4nR7uyfxXcSA3DLw=,X5Xch6SCZxeRbjyaSdeKN6+TKok=
-37,413,oyCpzIXc8Cq4nR7uyfxXcSA3DLw=,X5Xch6SCZxeRbjyaSdeKN6+TKok=
-33,414,oyCpzIXc8Cq4nR7uyfxXcSA3DLw=,X5Xch6SCZxeRbjyaSdeKN6+TKok=
-40,415,oyCpzIXc8Cq4nR7uyfxXcSA3DLw=,X5Xch6SCZxeRbjyaSdeKN6+TKok=
-39,415,oyCpzIXc8Cq4nR7uyfxXcSA3DLw=,X5Xch6SCZxeRbjyaSdeKN6+TKok=
-38,415,oyCpzIXc8Cq4nR7uyfxXcSA3DLw=,X5Xch6SCZxeRbjyaSdeKN6+TKok=
-40,411,oyCpzIXc8Cq4nR7uyfxXcSA3DLw=,X5Xch6SCZxeRbjyaSdeKN6+TKok=
-37,415,oyCpzIXc8Cq4nR7uyfxXcSA3DLw=,X5Xch6SCZxeRbjyaSdeKN6+TKok=
-36,415,oyCpzIXc8Cq4nR7uyfxXcSA3DLw=,X5Xch6SCZxeRbjyaSdeKN6+TKok=
-35,415,oyCpzIXc8Cq4nR7uyfxXcSA3DLw=,X5Xch6SCZxeRbjyaSdeKN6+TKok=
-40,408,oyCpzIXc8Cq4nR7uyfxXcSA3DLw=,X5Xch6SCZxeRbjyaSdeKN6+TKok=
-40,409,oyCpzIXc8Cq4nR7uyfxXcSA3DLw=,X5Xch6SCZxeRbjyaSdeKN6+TKok=
-39,409,oyCpzIXc8Cq4nR7uyfxXcSA3DLw=,X5Xch6SCZxeRbjyaSdeKN6+TKok=
-38,409,oyCpzIXc8Cq4nR7uyfxXcSA3DLw=,X5Xch6SCZxeRbjyaSdeKN6+TKok=
-38,408,oyCpzIXc8Cq4nR7uyfxXcSA3DLw=,X5Xch6SCZxeRbjyaSdeKN6+TKok=
-40,410,oyCpzIXc8Cq4nR7uyfxXcSA3DLw=,X5Xch6SCZxeRbjyaSdeKN6+TKok=
-39,410,oyCpzIXc8Cq4nR7uyfxXcSA3DLw=,X5Xch6SCZxeRbjyaSdeKN6+TKok=
-40,412,oyCpzIXc8Cq4nR7uyfxXcSA3DLw=,X5Xch6SCZxeRbjyaSdeKN6+TKok=
-38,410,oyCpzIXc8Cq4nR7uyfxXcSA3DLw=,X5Xch6SCZxeRbjyaSdeKN6+TKok=
-39,412,oyCpzIXc8Cq4nR7uyfxXcSA3DLw=,X5Xch6SCZxeRbjyaSdeKN6+TKok=
-39,411,oyCpzIXc8Cq4nR7uyfxXcSA3DLw=,X5Xch6SCZxeRbjyaSdeKN6+TKok=
-38,412,oyCpzIXc8Cq4nR7uyfxXcSA3DLw=,X5Xch6SCZxeRbjyaSdeKN6+TKok=
-37,412,oyCpzIXc8Cq4nR7uyfxXcSA3DLw=,X5Xch6SCZxeRbjyaSdeKN6+TKok=
-36,408,oyCpzIXc8Cq4nR7uyfxXcSA3DLw=,X5Xch6SCZxeRbjyaSdeKN6+TKok=
-38,411,oyCpzIXc8Cq4nR7uyfxXcSA3DLw=,X5Xch6SCZxeRbjyaSdeKN6+TKok=
-40,407,oyCpzIXc8Cq4nR7uyfxXcSA3DLw=,TkLNRlJdiNiECqERQuzMgwE4AlY=
-36,412,oyCpzIXc8Cq4nR7uyfxXcSA3DLw=,X5Xch6SCZxeRbjyaSdeKN6+TKok=
-39,407,oyCpzIXc8Cq4nR7uyfxXcSA3DLw=,TkLNRlJdiNiECqERQuzMgwE4AlY=
-37,411,oyCpzIXc8Cq4nR7uyfxXcSA3DLw=,X5Xch6SCZxeRbjyaSdeKN6+TKok=
-38,407,oyCpzIXc8Cq4nR7uyfxXcSA3DLw=,TkLNRlJdiNiECqERQuzMgwE4AlY=
-37,407,oyCpzIXc8Cq4nR7uyfxXcSA3DLw=,TkLNRlJdiNiECqERQuzMgwE4AlY=
-36,407,oyCpzIXc8Cq4nR7uyfxXcSA3DLw=,TkLNRlJdiNiECqERQuzMgwE4AlY=
-35,407,oyCpzIXc8Cq4nR7uyfxXcSA3DLw=,TkLNRlJdiNiECqERQuzMgwE4AlY=
-36,413,oyCpzIXc8Cq4nR7uyfxXcSA3DLw=,X5Xch6SCZxeRbjyaSdeKN6+TKok=
-35,412,oyCpzIXc8Cq4nR7uyfxXcSA3DLw=,X5Xch6SCZxeRbjyaSdeKN6+TKok=
-37,410,oyCpzIXc8Cq4nR7uyfxXcSA3DLw=,X5Xch6SCZxeRbjyaSdeKN6+TKok=
-39,408,oyCpzIXc8Cq4nR7uyfxXcSA3DLw=,X5Xch6SCZxeRbjyaSdeKN6+TKok=
-36,410,oyCpzIXc8Cq4nR7uyfxXcSA3DLw=,X5Xch6SCZxeRbjyaSdeKN6+TKok=
-35,410,oyCpzIXc8Cq4nR7uyfxXcSA3DLw=,X5Xch6SCZxeRbjyaSdeKN6+TKok=
-37,409,oyCpzIXc8Cq4nR7uyfxXcSA3DLw=,X5Xch6SCZxeRbjyaSdeKN6+TKok=
-35,413,oyCpzIXc8Cq4nR7uyfxXcSA3DLw=,X5Xch6SCZxeRbjyaSdeKN6+TKok=
-36,411,oyCpzIXc8Cq4nR7uyfxXcSA3DLw=,X5Xch6SCZxeRbjyaSdeKN6+TKok=
-36,409,oyCpzIXc8Cq4nR7uyfxXcSA3DLw=,X5Xch6SCZxeRbjyaSdeKN6+TKok=
-37,408,oyCpzIXc8Cq4nR7uyfxXcSA3DLw=,X5Xch6SCZxeRbjyaSdeKN6+TKok=
-34,413,oyCpzIXc8Cq4nR7uyfxXcSA3DLw=,X5Xch6SCZxeRbjyaSdeKN6+TKok=
-33,413,oyCpzIXc8Cq4nR7uyfxXcSA3DLw=,X5Xch6SCZxeRbjyaSdeKN6+TKok=
-40,414,oyCpzIXc8Cq4nR7uyfxXcSA3DLw=,X5Xch6SCZxeRbjyaSdeKN6+TKok=
-35,411,oyCpzIXc8Cq4nR7uyfxXcSA3DLw=,X5Xch6SCZxeRbjyaSdeKN6+TKok=
-38,414,oyCpzIXc8Cq4nR7uyfxXcSA3DLw=,X5Xch6SCZxeRbjyaSdeKN6+TKok=
-38,413,oyCpzIXc8Cq4nR7uyfxXcSA3DLw=,X5Xch6SCZxeRbjyaSdeKN6+TKok=
-35,408,oyCpzIXc8Cq4nR7uyfxXcSA3DLw=,X5Xch6SCZxeRbjyaSdeKN6+TKok=
-39,413,oyCpzIXc8Cq4nR7uyfxXcSA3DLw=,X5Xch6SCZxeRbjyaSdeKN6+TKok=
-39,414,oyCpzIXc8Cq4nR7uyfxXcSA3DLw=,X5Xch6SCZxeRbjyaSdeKN6+TKok=
-40,413,oyCpzIXc8Cq4nR7uyfxXcSA3DLw=,X5Xch6SCZxeRbjyaSdeKN6+TKok=
-35,409,oyCpzIXc8Cq4nR7uyfxXcSA3DLw=,X5Xch6SCZxeRbjyaSdeKN6+TKok=
-33,404,oyCpzIXc8Cq4nR7uyfxXcSA3DLw=,TkLNRlJdiNiECqERQuzMgwE4AlY=
-34,414,oyCpzIXc8Cq4nR7uyfxXcSA3DLw=,X5Xch6SCZxeRbjyaSdeKN6+TKok=
-34,406,oyCpzIXc8Cq4nR7uyfxXcSA3DLw=,TkLNRlJdiNiECqERQuzMgwE4AlY=
-36,406,oyCpzIXc8Cq4nR7uyfxXcSA3DLw=,TkLNRlJdiNiECqERQuzMgwE4AlY=
-33,412,oyCpzIXc8Cq4nR7uyfxXcSA3DLw=,X5Xch6SCZxeRbjyaSdeKN6+TKok=
-33,405,oyCpzIXc8Cq4nR7uyfxXcSA3DLw=,TkLNRlJdiNiECqERQuzMgwE4AlY=
-34,405,oyCpzIXc8Cq4nR7uyfxXcSA3DLw=,TkLNRlJdiNiECqERQuzMgwE4AlY=
-34,409,oyCpzIXc8Cq4nR7uyfxXcSA3DLw=,X5Xch6SCZxeRbjyaSdeKN6+TKok=
-34,415,oyCpzIXc8Cq4nR7uyfxXcSA3DLw=,X5Xch6SCZxeRbjyaSdeKN6+TKok=
-34,408,oyCpzIXc8Cq4nR7uyfxXcSA3DLw=,X5Xch6SCZxeRbjyaSdeKN6+TKok=
-33,415,oyCpzIXc8Cq4nR7uyfxXcSA3DLw=,X5Xch6SCZxeRbjyaSdeKN6+TKok=
-34,407,oyCpzIXc8Cq4nR7uyfxXcSA3DLw=,TkLNRlJdiNiECqERQuzMgwE4AlY=
-33,409,oyCpzIXc8Cq4nR7uyfxXcSA3DLw=,X5Xch6SCZxeRbjyaSdeKN6+TKok=
-33,408,oyCpzIXc8Cq4nR7uyfxXcSA3DLw=,X5Xch6SCZxeRbjyaSdeKN6+TKok=
-33,410,oyCpzIXc8Cq4nR7uyfxXcSA3DLw=,X5Xch6SCZxeRbjyaSdeKN6+TKok=
-34,410,oyCpzIXc8Cq4nR7uyfxXcSA3DLw=,X5Xch6SCZxeRbjyaSdeKN6+TKok=
-34,412,oyCpzIXc8Cq4nR7uyfxXcSA3DLw=,X5Xch6SCZxeRbjyaSdeKN6+TKok=
-33,411,oyCpzIXc8Cq4nR7uyfxXcSA3DLw=,X5Xch6SCZxeRbjyaSdeKN6+TKok=
-33,407,oyCpzIXc8Cq4nR7uyfxXcSA3DLw=,TkLNRlJdiNiECqERQuzMgwE4AlY=
-34,411,oyCpzIXc8Cq4nR7uyfxXcSA3DLw=,X5Xch6SCZxeRbjyaSdeKN6+TKok=
-40,389,QQb1iGjhF7oTzUwU+GDclx48YGw=,TkLNRlJdiNiECqERQuzMgwE4AlY=
-36,398,QQb1iGjhF7oTzUwU+GDclx48YGw=,X5Xch6SCZxeRbjyaSdeKN6+TKok=
-35,398,QQb1iGjhF7oTzUwU+GDclx48YGw=,X5Xch6SCZxeRbjyaSdeKN6+TKok=
-34,398,QQb1iGjhF7oTzUwU+GDclx48YGw=,X5Xch6SCZxeRbjyaSdeKN6+TKok=
-33,398,QQb1iGjhF7oTzUwU+GDclx48YGw=,X5Xch6SCZxeRbjyaSdeKN6+TKok=
-38,396,QQb1iGjhF7oTzUwU+GDclx48YGw=,X5Xch6SCZxeRbjyaSdeKN6+TKok=
-40,392,QQb1iGjhF7oTzUwU+GDclx48YGw=,X5Xch6SCZxeRbjyaSdeKN6+TKok=
-37,396,QQb1iGjhF7oTzUwU+GDclx48YGw=,X5Xch6SCZxeRbjyaSdeKN6+TKok=
-40,393,QQb1iGjhF7oTzUwU+GDclx48YGw=,X5Xch6SCZxeRbjyaSdeKN6+TKok=
-39,393,QQb1iGjhF7oTzUwU+GDclx48YGw=,X5Xch6SCZxeRbjyaSdeKN6+TKok=
-33,392,QQb1iGjhF7oTzUwU+GDclx48YGw=,X5Xch6SCZxeRbjyaSdeKN6+TKok=
-40,395,QQb1iGjhF7oTzUwU+GDclx48YGw=,X5Xch6SCZxeRbjyaSdeKN6+TKok=
-38,393,QQb1iGjhF7oTzUwU+GDclx48YGw=,X5Xch6SCZxeRbjyaSdeKN6+TKok=
-33,394,QQb1iGjhF7oTzUwU+GDclx48YGw=,X5Xch6SCZxeRbjyaSdeKN6+TKok=
-37,393,QQb1iGjhF7oTzUwU+GDclx48YGw=,X5Xch6SCZxeRbjyaSdeKN6+TKok=
-36,393,QQb1iGjhF7oTzUwU+GDclx48YGw=,X5Xch6SCZxeRbjyaSdeKN6+TKok=
-39,395,QQb1iGjhF7oTzUwU+GDclx48YGw=,X5Xch6SCZxeRbjyaSdeKN6+TKok=
-38,395,QQb1iGjhF7oTzUwU+GDclx48YGw=,X5Xch6SCZxeRbjyaSdeKN6+TKok=
-35,393,QQb1iGjhF7oTzUwU+GDclx48YGw=,X5Xch6SCZxeRbjyaSdeKN6+TKok=
-38,392,QQb1iGjhF7oTzUwU+GDclx48YGw=,X5Xch6SCZxeRbjyaSdeKN6+TKok=
-36,392,QQb1iGjhF7oTzUwU+GDclx48YGw=,X5Xch6SCZxeRbjyaSdeKN6+TKok=
-40,394,QQb1iGjhF7oTzUwU+GDclx48YGw=,X5Xch6SCZxeRbjyaSdeKN6+TKok=
-39,394,QQb1iGjhF7oTzUwU+GDclx48YGw=,X5Xch6SCZxeRbjyaSdeKN6+TKok=
-38,394,QQb1iGjhF7oTzUwU+GDclx48YGw=,X5Xch6SCZxeRbjyaSdeKN6+TKok=
-36,394,QQb1iGjhF7oTzUwU+GDclx48YGw=,X5Xch6SCZxeRbjyaSdeKN6+TKok=
-35,394,QQb1iGjhF7oTzUwU+GDclx48YGw=,X5Xch6SCZxeRbjyaSdeKN6+TKok=
-34,392,QQb1iGjhF7oTzUwU+GDclx48YGw=,X5Xch6SCZxeRbjyaSdeKN6+TKok=
-34,397,QQb1iGjhF7oTzUwU+GDclx48YGw=,X5Xch6SCZxeRbjyaSdeKN6+TKok=
-40,391,QQb1iGjhF7oTzUwU+GDclx48YGw=,TkLNRlJdiNiECqERQuzMgwE4AlY=
-33,397,QQb1iGjhF7oTzUwU+GDclx48YGw=,X5Xch6SCZxeRbjyaSdeKN6+TKok=
-36,391,QQb1iGjhF7oTzUwU+GDclx48YGw=,TkLNRlJdiNiECqERQuzMgwE4AlY=
-35,391,QQb1iGjhF7oTzUwU+GDclx48YGw=,TkLNRlJdiNiECqERQuzMgwE4AlY=
-34,391,QQb1iGjhF7oTzUwU+GDclx48YGw=,TkLNRlJdiNiECqERQuzMgwE4AlY=
-35,395,QQb1iGjhF7oTzUwU+GDclx48YGw=,X5Xch6SCZxeRbjyaSdeKN6+TKok=
-33,391,QQb1iGjhF7oTzUwU+GDclx48YGw=,TkLNRlJdiNiECqERQuzMgwE4AlY=
-35,396,QQb1iGjhF7oTzUwU+GDclx48YGw=,X5Xch6SCZxeRbjyaSdeKN6+TKok=
-40,398,QQb1iGjhF7oTzUwU+GDclx48YGw=,X5Xch6SCZxeRbjyaSdeKN6+TKok=
-34,395,QQb1iGjhF7oTzUwU+GDclx48YGw=,X5Xch6SCZxeRbjyaSdeKN6+TKok=
-33,395,QQb1iGjhF7oTzUwU+GDclx48YGw=,X5Xch6SCZxeRbjyaSdeKN6+TKok=
-39,398,QQb1iGjhF7oTzUwU+GDclx48YGw=,X5Xch6SCZxeRbjyaSdeKN6+TKok=
-34,396,QQb1iGjhF7oTzUwU+GDclx48YGw=,X5Xch6SCZxeRbjyaSdeKN6+TKok=
-40,396,QQb1iGjhF7oTzUwU+GDclx48YGw=,X5Xch6SCZxeRbjyaSdeKN6+TKok=
-33,396,QQb1iGjhF7oTzUwU+GDclx48YGw=,X5Xch6SCZxeRbjyaSdeKN6+TKok=
-40,397,QQb1iGjhF7oTzUwU+GDclx48YGw=,X5Xch6SCZxeRbjyaSdeKN6+TKok=
-39,397,QQb1iGjhF7oTzUwU+GDclx48YGw=,X5Xch6SCZxeRbjyaSdeKN6+TKok=
-38,398,QQb1iGjhF7oTzUwU+GDclx48YGw=,X5Xch6SCZxeRbjyaSdeKN6+TKok=
-33,393,QQb1iGjhF7oTzUwU+GDclx48YGw=,X5Xch6SCZxeRbjyaSdeKN6+TKok=
-34,393,QQb1iGjhF7oTzUwU+GDclx48YGw=,X5Xch6SCZxeRbjyaSdeKN6+TKok=
-39,396,QQb1iGjhF7oTzUwU+GDclx48YGw=,X5Xch6SCZxeRbjyaSdeKN6+TKok=
-37,392,QQb1iGjhF7oTzUwU+GDclx48YGw=,X5Xch6SCZxeRbjyaSdeKN6+TKok=
-37,397,QQb1iGjhF7oTzUwU+GDclx48YGw=,X5Xch6SCZxeRbjyaSdeKN6+TKok=
-35,392,QQb1iGjhF7oTzUwU+GDclx48YGw=,X5Xch6SCZxeRbjyaSdeKN6+TKok=
-37,398,QQb1iGjhF7oTzUwU+GDclx48YGw=,X5Xch6SCZxeRbjyaSdeKN6+TKok=
-34,394,QQb1iGjhF7oTzUwU+GDclx48YGw=,X5Xch6SCZxeRbjyaSdeKN6+TKok=
-33,388,QQb1iGjhF7oTzUwU+GDclx48YGw=,TkLNRlJdiNiECqERQuzMgwE4AlY=
-35,388,QQb1iGjhF7oTzUwU+GDclx48YGw=,TkLNRlJdiNiECqERQuzMgwE4AlY=
-34,388,QQb1iGjhF7oTzUwU+GDclx48YGw=,TkLNRlJdiNiECqERQuzMgwE4AlY=
-37,388,QQb1iGjhF7oTzUwU+GDclx48YGw=,TkLNRlJdiNiECqERQuzMgwE4AlY=
-40,388,QQb1iGjhF7oTzUwU+GDclx48YGw=,TkLNRlJdiNiECqERQuzMgwE4AlY=
-33,387,QQb1iGjhF7oTzUwU+GDclx48YGw=,TkLNRlJdiNiECqERQuzMgwE4AlY=
-34,387,QQb1iGjhF7oTzUwU+GDclx48YGw=,TkLNRlJdiNiECqERQuzMgwE4AlY=
-36,387,QQb1iGjhF7oTzUwU+GDclx48YGw=,TkLNRlJdiNiECqERQuzMgwE4AlY=
-38,387,QQb1iGjhF7oTzUwU+GDclx48YGw=,TkLNRlJdiNiECqERQuzMgwE4AlY=
-35,387,QQb1iGjhF7oTzUwU+GDclx48YGw=,TkLNRlJdiNiECqERQuzMgwE4AlY=
-40,387,QQb1iGjhF7oTzUwU+GDclx48YGw=,TkLNRlJdiNiECqERQuzMgwE4AlY=
-33,386,QQb1iGjhF7oTzUwU+GDclx48YGw=,TkLNRlJdiNiECqERQuzMgwE4AlY=
-34,386,QQb1iGjhF7oTzUwU+GDclx48YGw=,TkLNRlJdiNiECqERQuzMgwE4AlY=
-35,386,QQb1iGjhF7oTzUwU+GDclx48YGw=,TkLNRlJdiNiECqERQuzMgwE4AlY=
-36,386,QQb1iGjhF7oTzUwU+GDclx48YGw=,TkLNRlJdiNiECqERQuzMgwE4AlY=
-37,386,QQb1iGjhF7oTzUwU+GDclx48YGw=,TkLNRlJdiNiECqERQuzMgwE4AlY=
-39,386,QQb1iGjhF7oTzUwU+GDclx48YGw=,TkLNRlJdiNiECqERQuzMgwE4AlY=
-40,386,QQb1iGjhF7oTzUwU+GDclx48YGw=,TkLNRlJdiNiECqERQuzMgwE4AlY=
-33,385,QQb1iGjhF7oTzUwU+GDclx48YGw=,TkLNRlJdiNiECqERQuzMgwE4AlY=
-40,399,QQb1iGjhF7oTzUwU+GDclx48YGw=,X5Xch6SCZxeRbjyaSdeKN6+TKok=
-39,399,QQb1iGjhF7oTzUwU+GDclx48YGw=,X5Xch6SCZxeRbjyaSdeKN6+TKok=
-38,399,QQb1iGjhF7oTzUwU+GDclx48YGw=,X5Xch6SCZxeRbjyaSdeKN6+TKok=
-37,399,QQb1iGjhF7oTzUwU+GDclx48YGw=,X5Xch6SCZxeRbjyaSdeKN6+TKok=
-36,399,QQb1iGjhF7oTzUwU+GDclx48YGw=,X5Xch6SCZxeRbjyaSdeKN6+TKok=
-35,399,QQb1iGjhF7oTzUwU+GDclx48YGw=,X5Xch6SCZxeRbjyaSdeKN6+TKok=
-34,399,QQb1iGjhF7oTzUwU+GDclx48YGw=,X5Xch6SCZxeRbjyaSdeKN6+TKok=
-33,399,QQb1iGjhF7oTzUwU+GDclx48YGw=,X5Xch6SCZxeRbjyaSdeKN6+TKok=
-34,385,QQb1iGjhF7oTzUwU+GDclx48YGw=,TkLNRlJdiNiECqERQuzMgwE4AlY=
-35,385,QQb1iGjhF7oTzUwU+GDclx48YGw=,TkLNRlJdiNiECqERQuzMgwE4AlY=
-36,385,QQb1iGjhF7oTzUwU+GDclx48YGw=,TkLNRlJdiNiECqERQuzMgwE4AlY=
-37,385,QQb1iGjhF7oTzUwU+GDclx48YGw=,TkLNRlJdiNiECqERQuzMgwE4AlY=
-39,385,QQb1iGjhF7oTzUwU+GDclx48YGw=,TkLNRlJdiNiECqERQuzMgwE4AlY=
-40,385,QQb1iGjhF7oTzUwU+GDclx48YGw=,TkLNRlJdiNiECqERQuzMgwE4AlY=
-34,384,QQb1iGjhF7oTzUwU+GDclx48YGw=,TkLNRlJdiNiECqERQuzMgwE4AlY=
-35,384,QQb1iGjhF7oTzUwU+GDclx48YGw=,TkLNRlJdiNiECqERQuzMgwE4AlY=
-36,384,QQb1iGjhF7oTzUwU+GDclx48YGw=,TkLNRlJdiNiECqERQuzMgwE4AlY=
-37,384,QQb1iGjhF7oTzUwU+GDclx48YGw=,TkLNRlJdiNiECqERQuzMgwE4AlY=
-33,390,QQb1iGjhF7oTzUwU+GDclx48YGw=,TkLNRlJdiNiECqERQuzMgwE4AlY=
-38,384,QQb1iGjhF7oTzUwU+GDclx48YGw=,TkLNRlJdiNiECqERQuzMgwE4AlY=
-34,390,QQb1iGjhF7oTzUwU+GDclx48YGw=,TkLNRlJdiNiECqERQuzMgwE4AlY=
-38,386,QQb1iGjhF7oTzUwU+GDclx48YGw=,TkLNRlJdiNiECqERQuzMgwE4AlY=
-35,397,QQb1iGjhF7oTzUwU+GDclx48YGw=,X5Xch6SCZxeRbjyaSdeKN6+TKok=
-35,390,QQb1iGjhF7oTzUwU+GDclx48YGw=,TkLNRlJdiNiECqERQuzMgwE4AlY=
-36,390,QQb1iGjhF7oTzUwU+GDclx48YGw=,TkLNRlJdiNiECqERQuzMgwE4AlY=
-37,390,QQb1iGjhF7oTzUwU+GDclx48YGw=,TkLNRlJdiNiECqERQuzMgwE4AlY=
-36,397,QQb1iGjhF7oTzUwU+GDclx48YGw=,X5Xch6SCZxeRbjyaSdeKN6+TKok=
-38,390,QQb1iGjhF7oTzUwU+GDclx48YGw=,TkLNRlJdiNiECqERQuzMgwE4AlY=
-39,390,QQb1iGjhF7oTzUwU+GDclx48YGw=,TkLNRlJdiNiECqERQuzMgwE4AlY=
-40,390,QQb1iGjhF7oTzUwU+GDclx48YGw=,TkLNRlJdiNiECqERQuzMgwE4AlY=
-33,389,QQb1iGjhF7oTzUwU+GDclx48YGw=,TkLNRlJdiNiECqERQuzMgwE4AlY=
-34,389,QQb1iGjhF7oTzUwU+GDclx48YGw=,TkLNRlJdiNiECqERQuzMgwE4AlY=
-40,384,QQb1iGjhF7oTzUwU+GDclx48YGw=,TkLNRlJdiNiECqERQuzMgwE4AlY=
-35,389,QQb1iGjhF7oTzUwU+GDclx48YGw=,TkLNRlJdiNiECqERQuzMgwE4AlY=
-37,389,QQb1iGjhF7oTzUwU+GDclx48YGw=,TkLNRlJdiNiECqERQuzMgwE4AlY=
-39,391,QQb1iGjhF7oTzUwU+GDclx48YGw=,TkLNRlJdiNiECqERQuzMgwE4AlY=
-39,389,QQb1iGjhF7oTzUwU+GDclx48YGw=,TkLNRlJdiNiECqERQuzMgwE4AlY=
-33,384,QQb1iGjhF7oTzUwU+GDclx48YGw=,TkLNRlJdiNiECqERQuzMgwE4AlY=
-38,391,QQb1iGjhF7oTzUwU+GDclx48YGw=,TkLNRlJdiNiECqERQuzMgwE4AlY=
-37,391,QQb1iGjhF7oTzUwU+GDclx48YGw=,TkLNRlJdiNiECqERQuzMgwE4AlY=
-39,392,QQb1iGjhF7oTzUwU+GDclx48YGw=,X5Xch6SCZxeRbjyaSdeKN6+TKok=
-39,387,QQb1iGjhF7oTzUwU+GDclx48YGw=,TkLNRlJdiNiECqERQuzMgwE4AlY=
-37,387,QQb1iGjhF7oTzUwU+GDclx48YGw=,TkLNRlJdiNiECqERQuzMgwE4AlY=
-36,396,QQb1iGjhF7oTzUwU+GDclx48YGw=,X5Xch6SCZxeRbjyaSdeKN6+TKok=
-39,384,QQb1iGjhF7oTzUwU+GDclx48YGw=,TkLNRlJdiNiECqERQuzMgwE4AlY=
-37,394,QQb1iGjhF7oTzUwU+GDclx48YGw=,X5Xch6SCZxeRbjyaSdeKN6+TKok=
-36,395,QQb1iGjhF7oTzUwU+GDclx48YGw=,X5Xch6SCZxeRbjyaSdeKN6+TKok=
-38,385,QQb1iGjhF7oTzUwU+GDclx48YGw=,TkLNRlJdiNiECqERQuzMgwE4AlY=
-36,389,QQb1iGjhF7oTzUwU+GDclx48YGw=,TkLNRlJdiNiECqERQuzMgwE4AlY=
-38,388,QQb1iGjhF7oTzUwU+GDclx48YGw=,TkLNRlJdiNiECqERQuzMgwE4AlY=
-36,388,QQb1iGjhF7oTzUwU+GDclx48YGw=,TkLNRlJdiNiECqERQuzMgwE4AlY=
-39,388,QQb1iGjhF7oTzUwU+GDclx48YGw=,TkLNRlJdiNiECqERQuzMgwE4AlY=
-38,397,QQb1iGjhF7oTzUwU+GDclx48YGw=,X5Xch6SCZxeRbjyaSdeKN6+TKok=
-38,389,QQb1iGjhF7oTzUwU+GDclx48YGw=,TkLNRlJdiNiECqERQuzMgwE4AlY=
-37,395,QQb1iGjhF7oTzUwU+GDclx48YGw=,X5Xch6SCZxeRbjyaSdeKN6+TKok=
