10,34,Y+W2vTWs0UIF7ILDj3nWvcJv5Ds=,6bAj5vtHsC7QFqG1uas3lN5b5MA=
9,34,Y+W2vTWs0UIF7ILDj3nWvcJv5Ds=,6bAj5vtHsC7QFqG1uas3lN5b5MA=
10,33,Y+W2vTWs0UIF7ILDj3nWvcJv5Ds=,6bAj5vtHsC7QFqG1uas3lN5b5MA=
9,33,Y+W2vTWs0UIF7ILDj3nWvcJv5Ds=,6bAj5vtHsC7QFqG1uas3lN5b5MA=
14,32,Y+W2vTWs0UIF7ILDj3nWvcJv5Ds=,6bAj5vtHsC7QFqG1uas3lN5b5MA=
13,32,Y+W2vTWs0UIF7ILDj3nWvcJv5Ds=,6bAj5vtHsC7QFqG1uas3lN5b5MA=
12,32,Y+W2vTWs0UIF7ILDj3nWvcJv5Ds=,6bAj5vtHsC7QFqG1uas3lN5b5MA=
9,32,Y+W2vTWs0UIF7ILDj3nWvcJv5Ds=,6bAj5vtHsC7QFqG1uas3lN5b5MA=
14,39,Y+W2vTWs0UIF7ILDj3nWvcJv5Ds=,6bAj5vtHsC7QFqG1uas3lN5b5MA=
13,39,Y+W2vTWs0UIF7ILDj3nWvcJv5Ds=,6bAj5vtHsC7QFqG1uas3lN5b5MA=
12,39,Y+W2vTWs0UIF7ILDj3nWvcJv5Ds=,6bAj5vtHsC7QFqG1uas3lN5b5MA=
11,39,Y+W2vTWs0UIF7ILDj3nWvcJv5Ds=,6bAj5vtHsC7QFqG1uas3lN5b5MA=
10,39,Y+W2vTWs0UIF7ILDj3nWvcJv5Ds=,6bAj5vtHsC7QFqG1uas3lN5b5MA=
9,39,Y+W2vTWs0UIF7ILDj3nWvcJv5Ds=,6bAj5vtHsC7QFqG1uas3lN5b5MA=
14,38,Y+W2vTWs0UIF7ILDj3nWvcJv5Ds=,6bAj5vtHsC7QFqG1uas3lN5b5MA=
13,38,Y+W2vTWs0UIF7ILDj3nWvcJv5Ds=,6bAj5vtHsC7QFqG1uas3lN5b5MA=
12,38,Y+W2vTWs0UIF7ILDj3nWvcJv5Ds=,6bAj5vtHsC7QFqG1uas3lN5b5MA=
11,38,Y+W2vTWs0UIF7ILDj3nWvcJv5Ds=,6bAj5vtHsC7QFqG1uas3lN5b5MA=
10,38,Y+W2vTWs0UIF7ILDj3nWvcJv5Ds=,6bAj5vtHsC7QFqG1uas3lN5b5MA=
9,38,Y+W2vTWs0UIF7ILDj3nWvcJv5Ds=,6bAj5vtHsC7QFqG1uas3lN5b5MA=
9,35,Y+W2vTWs0UIF7ILDj3nWvcJv5Ds=,6bAj5vtHsC7QFqG1uas3lN5b5MA=
11,37,Y+W2vTWs0UIF7ILDj3nWvcJv5Ds=,6bAj5vtHsC7QFqG1uas3lN5b5MA=
12,37,Y+W2vTWs0UIF7ILDj3nWvcJv5Ds=,6bAj5vtHsC7QFqG1uas3lN5b5MA=
13,37,Y+W2vTWs0UIF7ILDj3nWvcJv5Ds=,6bAj5vtHsC7QFqG1uas3lN5b5MA=
10,37,Y+W2vTWs0UIF7ILDj3nWvcJv5Ds=,6bAj5vtHsC7QFqG1uas3lN5b5MA=
9,37,Y+W2vTWs0UIF7ILDj3nWvcJv5Ds=,6bAj5vtHsC7QFqG1uas3lN5b5MA=
12,36,Y+W2vTWs0UIF7ILDj3nWvcJv5Ds=,6bAj5vtHsC7QFqG1uas3lN5b5MA=
11,36,Y+W2vTWs0UIF7ILDj3nWvcJv5Ds=,6bAj5vtHsC7QFqG1uas3lN5b5MA=
10,36,Y+W2vTWs0UIF7ILDj3nWvcJv5Ds=,6bAj5vtHsC7QFqG1uas3lN5b5MA=
9,36,Y+W2vTWs0UIF7ILDj3nWvcJv5Ds=,6bAj5vtHsC7QFqG1uas3lN5b5MA=
10,35,Y+W2vTWs0UIF7ILDj3nWvcJv5Ds=,6bAj5vtHsC7QFqG1uas3lN5b5MA=
3,35,Y+W2vTWs0UIF7ILDj3nWvcJv5Ds=,6bAj5vtHsC7QFqG1uas3lN5b5MA=
8,35,Y+W2vTWs0UIF7ILDj3nWvcJv5Ds=,6bAj5vtHsC7QFqG1uas3lN5b5MA=
4,36,Y+W2vTWs0UIF7ILDj3nWvcJv5Ds=,6bAj5vtHsC7QFqG1uas3lN5b5MA=
5,36,Y+W2vTWs0UIF7ILDj3nWvcJv5Ds=,6bAj5vtHsC7QFqG1uas3lN5b5MA=
6,38,Y+W2vTWs0UIF7ILDj3nWvcJv5Ds=,6bAj5vtHsC7QFqG1uas3lN5b5MA=
4,35,Y+W2vTWs0UIF7ILDj3nWvcJv5Ds=,6bAj5vtHsC7QFqG1uas3lN5b5MA=
6,37,Y+W2vTWs0UIF7ILDj3nWvcJv5Ds=,6bAj5vtHsC7QFqG1uas3lN5b5MA=
7,37,Y+W2vTWs0UIF7ILDj3nWvcJv5Ds=,6bAj5vtHsC7QFqG1uas3lN5b5MA=
7,38,Y+W2vTWs0UIF7ILDj3nWvcJv5Ds=,6bAj5vtHsC7QFqG1uas3lN5b5MA=
6,36,Y+W2vTWs0UIF7ILDj3nWvcJv5Ds=,6bAj5vtHsC7QFqG1uas3lN5b5MA=
5,35,Y+W2vTWs0UIF7ILDj3nWvcJv5Ds=,6bAj5vtHsC7QFqG1uas3lN5b5MA=
8,36,Y+W2vTWs0UIF7ILDj3nWvcJv5Ds=,6bAj5vtHsC7QFqG1uas3lN5b5MA=
6,35,Y+W2vTWs0UIF7ILDj3nWvcJv5Ds=,6bAj5vtHsC7QFqG1uas3lN5b5MA=
7,35,Y+W2vTWs0UIF7ILDj3nWvcJv5Ds=,6bAj5vtHsC7QFqG1uas3lN5b5MA=
8,37,Y+W2vTWs0UIF7ILDj3nWvcJv5Ds=,6bAj5vtHsC7QFqG1uas3lN5b5MA=
4,32,Y+W2vTWs0UIF7ILDj3nWvcJv5Ds=,6bAj5vtHsC7QFqG1uas3lN5b5MA=
6,32,Y+W2vTWs0UIF7ILDj3nWvcJv5Ds=,6bAj5vtHsC7QFqG1uas3lN5b5MA=
7,36,Y+W2vTWs0UIF7ILDj3nWvcJv5Ds=,6bAj5vtHsC7QFqG1uas3lN5b5MA=
8,38,Y+W2vTWs0UIF7ILDj3nWvcJv5Ds=,6bAj5vtHsC7QFqG1uas3lN5b5MA=
3,38,Y+W2vTWs0UIF7ILDj3nWvcJv5Ds=,6bAj5vtHsC7QFqG1uas3lN5b5MA=
7,32,Y+W2vTWs0UIF7ILDj3nWvcJv5Ds=,6bAj5vtHsC7QFqG1uas3lN5b5MA=
3,36,Y+W2vTWs0UIF7ILDj3nWvcJv5Ds=,6bAj5vtHsC7QFqG1uas3lN5b5MA=
4,38,Y+W2vTWs0UIF7ILDj3nWvcJv5Ds=,6bAj5vtHsC7QFqG1uas3lN5b5MA=
5,32,Y+W2vTWs0UIF7ILDj3nWvcJv5Ds=,6bAj5vtHsC7QFqG1uas3lN5b5MA=
2,33,Y+W2vTWs0UIF7ILDj3nWvcJv5Ds=,6bAj5vtHsC7QFqG1uas3lN5b5MA=
3,33,Y+W2vTWs0UIF7ILDj3nWvcJv5Ds=,6bAj5vtHsC7QFqG1uas3lN5b5MA=
5,38,Y+W2vTWs0UIF7ILDj3nWvcJv5Ds=,6bAj5vtHsC7QFqG1uas3lN5b5MA=
4,33,Y+W2vTWs0UIF7ILDj3nWvcJv5Ds=,6bAj5vtHsC7QFqG1uas3lN5b5MA=
5,33,Y+W2vTWs0UIF7ILDj3nWvcJv5Ds=,6bAj5vtHsC7QFqG1uas3lN5b5MA=
6,33,Y+W2vTWs0UIF7ILDj3nWvcJv5Ds=,6bAj5vtHsC7QFqG1uas3lN5b5MA=
7,33,Y+W2vTWs0UIF7ILDj3nWvcJv5Ds=,6bAj5vtHsC7QFqG1uas3lN5b5MA=
2,34,Y+W2vTWs0UIF7ILDj3nWvcJv5Ds=,6bAj5vtHsC7QFqG1uas3lN5b5MA=
3,34,Y+W2vTWs0UIF7ILDj3nWvcJv5Ds=,6bAj5vtHsC7QFqG1uas3lN5b5MA=
4,34,Y+W2vTWs0UIF7ILDj3nWvcJv5Ds=,6bAj5vtHsC7QFqG1uas3lN5b5MA=
5,34,Y+W2vTWs0UIF7ILDj3nWvcJv5Ds=,6bAj5vtHsC7QFqG1uas3lN5b5MA=
6,34,Y+W2vTWs0UIF7ILDj3nWvcJv5Ds=,6bAj5vtHsC7QFqG1uas3lN5b5MA=
3,37,Y+W2vTWs0UIF7ILDj3nWvcJv5Ds=,6bAj5vtHsC7QFqG1uas3lN5b5MA=
7,34,Y+W2vTWs0UIF7ILDj3nWvcJv5Ds=,6bAj5vtHsC7QFqG1uas3lN5b5MA=
8,32,Y+W2vTWs0UIF7ILDj3nWvcJv5Ds=,6bAj5vtHsC7QFqG1uas3lN5b5MA=
4,37,Y+W2vTWs0UIF7ILDj3nWvcJv5Ds=,6bAj5vtHsC7QFqG1uas3lN5b5MA=
8,33,Y+W2vTWs0UIF7ILDj3nWvcJv5Ds=,6bAj5vtHsC7QFqG1uas3lN5b5MA=
3,32,Y+W2vTWs0UIF7ILDj3nWvcJv5Ds=,6bAj5vtHsC7QFqG1uas3lN5b5MA=
8,34,Y+W2vTWs0UIF7ILDj3nWvcJv5Ds=,6bAj5vtHsC7QFqG1uas3lN5b5MA=
2,32,Y+W2vTWs0UIF7ILDj3nWvcJv5Ds=,6bAj5vtHsC7QFqG1uas3lN5b5MA=
5,37,Y+W2vTWs0UIF7ILDj3nWvcJv5Ds=,6bAj5vtHsC7QFqG1uas3lN5b5MA=
11,35,Y+W2vTWs0UIF7ILDj3nWvcJv5Ds=,6bAj5vtHsC7QFqG1uas3lN5b5MA=
10,32,Y+W2vTWs0UIF7ILDj3nWvcJv5Ds=,6bAj5vtHsC7QFqG1uas3lN5b5MA=
11,32,Y+W2vTWs0UIF7ILDj3nWvcJv5Ds=,6bAj5vtHsC7QFqG1uas3lN5b5MA=
11,34,Y+W2vTWs0UIF7ILDj3nWvcJv5Ds=,6bAj5vtHsC7QFqG1uas3lN5b5MA=
11,33,Y+W2vTWs0UIF7ILDj3nWvcJv5Ds=,6bAj5vtHsC7QFqG1uas3lN5b5MA=
7,39,Y+W2vTWs0UIF7ILDj3nWvcJv5Ds=,6bAj5vtHsC7QFqG1uas3lN5b5MA=
5,39,Y+W2vTWs0UIF7ILDj3nWvcJv5Ds=,6bAj5vtHsC7QFqG1uas3lN5b5MA=
6,39,Y+W2vTWs0UIF7ILDj3nWvcJv5Ds=,6bAj5vtHsC7QFqG1uas3lN5b5MA=
7,47,Y+W2vTWs0UIF7ILDj3nWvcJv5Ds=,6bAj5vtHsC7QFqG1uas3lN5b5MA=
6,47,Y+W2vTWs0UIF7ILDj3nWvcJv5Ds=,6bAj5vtHsC7QFqG1uas3lN5b5MA=
5,47,Y+W2vTWs0UIF7ILDj3nWvcJv5Ds=,6bAj5vtHsC7QFqG1uas3lN5b5MA=
4,47,Y+W2vTWs0UIF7ILDj3nWvcJv5Ds=,6bAj5vtHsC7QFqG1uas3lN5b5MA=
3,47,Y+W2vTWs0UIF7ILDj3nWvcJv5Ds=,6bAj5vtHsC7QFqG1uas3lN5b5MA=
2,47,Y+W2vTWs0UIF7ILDj3nWvcJv5Ds=,6bAj5vtHsC7QFqG1uas3lN5b5MA=
1,47,Y+W2vTWs0UIF7ILDj3nWvcJv5Ds=,6bAj5vtHsC7QFqG1uas3lN5b5MA=
0,47,Y+W2vTWs0UIF7ILDj3nWvcJv5Ds=,6bAj5vtHsC7QFqG1uas3lN5b5MA=
7,46,Y+W2vTWs0UIF7ILDj3nWvcJv5Ds=,6bAj5vtHsC7QFqG1uas3lN5b5MA=
6,46,Y+W2vTWs0UIF7ILDj3nWvcJv5Ds=,6bAj5vtHsC7QFqG1uas3lN5b5MA=
5,46,Y+W2vTWs0UIF7ILDj3nWvcJv5Ds=,6bAj5vtHsC7QFqG1uas3lN5b5MA=
4,46,Y+W2vTWs0UIF7ILDj3nWvcJv5Ds=,6bAj5vtHsC7QFqG1uas3lN5b5MA=
8,39,Y+W2vTWs0UIF7ILDj3nWvcJv5Ds=,6bAj5vtHsC7QFqG1uas3lN5b5MA=
3,46,Y+W2vTWs0UIF7ILDj3nWvcJv5Ds=,6bAj5vtHsC7QFqG1uas3lN5b5MA=
2,46,Y+W2vTWs0UIF7ILDj3nWvcJv5Ds=,6bAj5vtHsC7QFqG1uas3lN5b5MA=
1,46,Y+W2vTWs0UIF7ILDj3nWvcJv5Ds=,6bAj5vtHsC7QFqG1uas3lN5b5MA=
4,39,Y+W2vTWs0UIF7ILDj3nWvcJv5Ds=,6bAj5vtHsC7QFqG1uas3lN5b5MA=
0,46,Y+W2vTWs0UIF7ILDj3nWvcJv5Ds=,6bAj5vtHsC7QFqG1uas3lN5b5MA=
3,45,Y+W2vTWs0UIF7ILDj3nWvcJv5Ds=,6bAj5vtHsC7QFqG1uas3lN5b5MA=
4,45,Y+W2vTWs0UIF7ILDj3nWvcJv5Ds=,6bAj5vtHsC7QFqG1uas3lN5b5MA=
2,45,Y+W2vTWs0UIF7ILDj3nWvcJv5Ds=,6bAj5vtHsC7QFqG1uas3lN5b5MA=
1,45,Y+W2vTWs0UIF7ILDj3nWvcJv5Ds=,6bAj5vtHsC7QFqG1uas3lN5b5MA=
0,45,Y+W2vTWs0UIF7ILDj3nWvcJv5Ds=,6bAj5vtHsC7QFqG1uas3lN5b5MA=
1,44,Y+W2vTWs0UIF7ILDj3nWvcJv5Ds=,6bAj5vtHsC7QFqG1uas3lN5b5MA=
0,41,Y+W2vTWs0UIF7ILDj3nWvcJv5Ds=,6bAj5vtHsC7QFqG1uas3lN5b5MA=
0,44,Y+W2vTWs0UIF7ILDj3nWvcJv5Ds=,6bAj5vtHsC7QFqG1uas3lN5b5MA=
0,39,Y+W2vTWs0UIF7ILDj3nWvcJv5Ds=,6bAj5vtHsC7QFqG1uas3lN5b5MA=
1,39,Y+W2vTWs0UIF7ILDj3nWvcJv5Ds=,6bAj5vtHsC7QFqG1uas3lN5b5MA=
3,39,Y+W2vTWs0UIF7ILDj3nWvcJv5Ds=,6bAj5vtHsC7QFqG1uas3lN5b5MA=
0,40,Y+W2vTWs0UIF7ILDj3nWvcJv5Ds=,6bAj5vtHsC7QFqG1uas3lN5b5MA=
1,42,Y+W2vTWs0UIF7ILDj3nWvcJv5Ds=,6bAj5vtHsC7QFqG1uas3lN5b5MA=
3,42,Y+W2vTWs0UIF7ILDj3nWvcJv5Ds=,6bAj5vtHsC7QFqG1uas3lN5b5MA=
0,42,Y+W2vTWs0UIF7ILDj3nWvcJv5Ds=,6bAj5vtHsC7QFqG1uas3lN5b5MA=
2,39,Y+W2vTWs0UIF7ILDj3nWvcJv5Ds=,6bAj5vtHsC7QFqG1uas3lN5b5MA=
5,42,Y+W2vTWs0UIF7ILDj3nWvcJv5Ds=,6bAj5vtHsC7QFqG1uas3lN5b5MA=
2,35,Y+W2vTWs0UIF7ILDj3nWvcJv5Ds=,6bAj5vtHsC7QFqG1uas3lN5b5MA=
1,32,Y+W2vTWs0UIF7ILDj3nWvcJv5Ds=,6bAj5vtHsC7QFqG1uas3lN5b5MA=
4,43,Y+W2vTWs0UIF7ILDj3nWvcJv5Ds=,6bAj5vtHsC7QFqG1uas3lN5b5MA=
3,43,Y+W2vTWs0UIF7ILDj3nWvcJv5Ds=,6bAj5vtHsC7QFqG1uas3lN5b5MA=
1,33,Y+W2vTWs0UIF7ILDj3nWvcJv5Ds=,6bAj5vtHsC7QFqG1uas3lN5b5MA=
1,34,Y+W2vTWs0UIF7ILDj3nWvcJv5Ds=,6bAj5vtHsC7QFqG1uas3lN5b5MA=
5,43,Y+W2vTWs0UIF7ILDj3nWvcJv5Ds=,6bAj5vtHsC7QFqG1uas3lN5b5MA=
0,37,Y+W2vTWs0UIF7ILDj3nWvcJv5Ds=,6bAj5vtHsC7QFqG1uas3lN5b5MA=
2,42,Y+W2vTWs0UIF7ILDj3nWvcJv5Ds=,6bAj5vtHsC7QFqG1uas3lN5b5MA=
1,35,Y+W2vTWs0UIF7ILDj3nWvcJv5Ds=,6bAj5vtHsC7QFqG1uas3lN5b5MA=
1,36,Y+W2vTWs0UIF7ILDj3nWvcJv5Ds=,6bAj5vtHsC7QFqG1uas3lN5b5MA=
0,33,Y+W2vTWs0UIF7ILDj3nWvcJv5Ds=,6bAj5vtHsC7QFqG1uas3lN5b5MA=
0,34,Y+W2vTWs0UIF7ILDj3nWvcJv5Ds=,6bAj5vtHsC7QFqG1uas3lN5b5MA=
2,43,Y+W2vTWs0UIF7ILDj3nWvcJv5Ds=,6bAj5vtHsC7QFqG1uas3lN5b5MA=
0,32,Y+W2vTWs0UIF7ILDj3nWvcJv5Ds=,6bAj5vtHsC7QFqG1uas3lN5b5MA=
0,43,Y+W2vTWs0UIF7ILDj3nWvcJv5Ds=,6bAj5vtHsC7QFqG1uas3lN5b5MA=
2,38,Y+W2vTWs0UIF7ILDj3nWvcJv5Ds=,6bAj5vtHsC7QFqG1uas3lN5b5MA=
0,35,Y+W2vTWs0UIF7ILDj3nWvcJv5Ds=,6bAj5vtHsC7QFqG1uas3lN5b5MA=
4,42,Y+W2vTWs0UIF7ILDj3nWvcJv5Ds=,6bAj5vtHsC7QFqG1uas3lN5b5MA=
6,43,Y+W2vTWs0UIF7ILDj3nWvcJv5Ds=,6bAj5vtHsC7QFqG1uas3lN5b5MA=
2,37,Y+W2vTWs0UIF7ILDj3nWvcJv5Ds=,6bAj5vtHsC7QFqG1uas3lN5b5MA=
0,38,Y+W2vTWs0UIF7ILDj3nWvcJv5Ds=,6bAj5vtHsC7QFqG1uas3lN5b5MA=
1,38,Y+W2vTWs0UIF7ILDj3nWvcJv5Ds=,6bAj5vtHsC7QFqG1uas3lN5b5MA=
4,41,Y+W2vTWs0UIF7ILDj3nWvcJv5Ds=,6bAj5vtHsC7QFqG1uas3lN5b5MA=
1,41,Y+W2vTWs0UIF7ILDj3nWvcJv5Ds=,6bAj5vtHsC7QFqG1uas3lN5b5MA=
1,37,Y+W2vTWs0UIF7ILDj3nWvcJv5Ds=,6bAj5vtHsC7QFqG1uas3lN5b5MA=
4,40,Y+W2vTWs0UIF7ILDj3nWvcJv5Ds=,6bAj5vtHsC7QFqG1uas3lN5b5MA=
15,33,Y+W2vTWs0UIF7ILDj3nWvcJv5Ds=,6bAj5vtHsC7QFqG1uas3lN5b5MA=
7,42,Y+W2vTWs0UIF7ILDj3nWvcJv5Ds=,6bAj5vtHsC7QFqG1uas3lN5b5MA=
5,40,Y+W2vTWs0UIF7ILDj3nWvcJv5Ds=,6bAj5vtHsC7QFqG1uas3lN5b5MA=
5,41,Y+W2vTWs0UIF7ILDj3nWvcJv5Ds=,6bAj5vtHsC7QFqG1uas3lN5b5MA=
5,45,Y+W2vTWs0UIF7ILDj3nWvcJv5Ds=,6bAj5vtHsC7QFqG1uas3lN5b5MA=
3,41,Y+W2vTWs0UIF7ILDj3nWvcJv5Ds=,6bAj5vtHsC7QFqG1uas3lN5b5MA=
2,41,Y+W2vTWs0UIF7ILDj3nWvcJv5Ds=,6bAj5vtHsC7QFqG1uas3lN5b5MA=
2,36,Y+W2vTWs0UIF7ILDj3nWvcJv5Ds=,6bAj5vtHsC7QFqG1uas3lN5b5MA=
15,32,Y+W2vTWs0UIF7ILDj3nWvcJv5Ds=,6bAj5vtHsC7QFqG1uas3lN5b5MA=
3,40,Y+W2vTWs0UIF7ILDj3nWvcJv5Ds=,6bAj5vtHsC7QFqG1uas3lN5b5MA=
6,42,Y+W2vTWs0UIF7ILDj3nWvcJv5Ds=,6bAj5vtHsC7QFqG1uas3lN5b5MA=
6,41,Y+W2vTWs0UIF7ILDj3nWvcJv5Ds=,6bAj5vtHsC7QFqG1uas3lN5b5MA=
15,39,Y+W2vTWs0UIF7ILDj3nWvcJv5Ds=,6bAj5vtHsC7QFqG1uas3lN5b5MA=
7,40,Y+W2vTWs0UIF7ILDj3nWvcJv5Ds=,6bAj5vtHsC7QFqG1uas3lN5b5MA=
0,36,Y+W2vTWs0UIF7ILDj3nWvcJv5Ds=,6bAj5vtHsC7QFqG1uas3lN5b5MA=
2,44,Y+W2vTWs0UIF7ILDj3nWvcJv5Ds=,6bAj5vtHsC7QFqG1uas3lN5b5MA=
1,40,Y+W2vTWs0UIF7ILDj3nWvcJv5Ds=,6bAj5vtHsC7QFqG1uas3lN5b5MA=
7,43,Y+W2vTWs0UIF7ILDj3nWvcJv5Ds=,6bAj5vtHsC7QFqG1uas3lN5b5MA=
5,44,Y+W2vTWs0UIF7ILDj3nWvcJv5Ds=,6bAj5vtHsC7QFqG1uas3lN5b5MA=
3,44,Y+W2vTWs0UIF7ILDj3nWvcJv5Ds=,6bAj5vtHsC7QFqG1uas3lN5b5MA=
6,44,Y+W2vTWs0UIF7ILDj3nWvcJv5Ds=,6bAj5vtHsC7QFqG1uas3lN5b5MA=
7,44,Y+W2vTWs0UIF7ILDj3nWvcJv5Ds=,6bAj5vtHsC7QFqG1uas3lN5b5MA=
4,44,Y+W2vTWs0UIF7ILDj3nWvcJv5Ds=,6bAj5vtHsC7QFqG1uas3lN5b5MA=
14,37,Y+W2vTWs0UIF7ILDj3nWvcJv5Ds=,6bAj5vtHsC7QFqG1uas3lN5b5MA=
15,36,Y+W2vTWs0UIF7ILDj3nWvcJv5Ds=,6bAj5vtHsC7QFqG1uas3lN5b5MA=
14,34,Y+W2vTWs0UIF7ILDj3nWvcJv5Ds=,6bAj5vtHsC7QFqG1uas3lN5b5MA=
13,36,Y+W2vTWs0UIF7ILDj3nWvcJv5Ds=,6bAj5vtHsC7QFqG1uas3lN5b5MA=
14,33,Y+W2vTWs0UIF7ILDj3nWvcJv5Ds=,6bAj5vtHsC7QFqG1uas3lN5b5MA=
13,34,Y+W2vTWs0UIF7ILDj3nWvcJv5Ds=,6bAj5vtHsC7QFqG1uas3lN5b5MA=
13,33,Y+W2vTWs0UIF7ILDj3nWvcJv5Ds=,6bAj5vtHsC7QFqG1uas3lN5b5MA=
12,33,Y+W2vTWs0UIF7ILDj3nWvcJv5Ds=,6bAj5vtHsC7QFqG1uas3lN5b5MA=
12,34,Y+W2vTWs0UIF7ILDj3nWvcJv5Ds=,6bAj5vtHsC7QFqG1uas3lN5b5MA=
14,36,Y+W2vTWs0UIF7ILDj3nWvcJv5Ds=,6bAj5vtHsC7QFqG1uas3lN5b5MA=
15,35,Y+W2vTWs0UIF7ILDj3nWvcJv5Ds=,6bAj5vtHsC7QFqG1uas3lN5b5MA=
2,40,Y+W2vTWs0UIF7ILDj3nWvcJv5Ds=,6bAj5vtHsC7QFqG1uas3lN5b5MA=
6,45,Y+W2vTWs0UIF7ILDj3nWvcJv5Ds=,6bAj5vtHsC7QFqG1uas3lN5b5MA=
15,38,Y+W2vTWs0UIF7ILDj3nWvcJv5Ds=,6bAj5vtHsC7QFqG1uas3lN5b5MA=
15,34,Y+W2vTWs0UIF7ILDj3nWvcJv5Ds=,6bAj5vtHsC7QFqG1uas3lN5b5MA=
7,45,Y+W2vTWs0UIF7ILDj3nWvcJv5Ds=,6bAj5vtHsC7QFqG1uas3lN5b5MA=
12,35,Y+W2vTWs0UIF7ILDj3nWvcJv5Ds=,6bAj5vtHsC7QFqG1uas3lN5b5MA=
14,35,Y+W2vTWs0UIF7ILDj3nWvcJv5Ds=,6bAj5vtHsC7QFqG1uas3lN5b5MA=
6,40,Y+W2vTWs0UIF7ILDj3nWvcJv5Ds=,6bAj5vtHsC7QFqG1uas3lN5b5MA=
13,35,Y+W2vTWs0UIF7ILDj3nWvcJv5Ds=,6bAj5vtHsC7QFqG1uas3lN5b5MA=
1,43,Y+W2vTWs0UIF7ILDj3nWvcJv5Ds=,6bAj5vtHsC7QFqG1uas3lN5b5MA=
15,37,Y+W2vTWs0UIF7ILDj3nWvcJv5Ds=,6bAj5vtHsC7QFqG1uas3lN5b5MA=
7,41,Y+W2vTWs0UIF7ILDj3nWvcJv5Ds=,6bAj5vtHsC7QFqG1uas3lN5b5MA=
7,60,95we8TjYy9oXwhYY/DgxS0Ds5O4=,6bAj5vtHsC7QFqG1uas3lN5b5MA=
1,61,95we8TjYy9oXwhYY/DgxS0Ds5O4=,6bAj5vtHsC7QFqG1uas3lN5b5MA=
2,61,95we8TjYy9oXwhYY/DgxS0Ds5O4=,6bAj5vtHsC7QFqG1uas3lN5b5MA=
4,61,95we8TjYy9oXwhYY/DgxS0Ds5O4=,6bAj5vtHsC7QFqG1uas3lN5b5MA=
5,61,95we8TjYy9oXwhYY/DgxS0Ds5O4=,6bAj5vtHsC7QFqG1uas3lN5b5MA=
3,61,95we8TjYy9oXwhYY/DgxS0Ds5O4=,6bAj5vtHsC7QFqG1uas3lN5b5MA=
6,56,95we8TjYy9oXwhYY/DgxS0Ds5O4=,6bAj5vtHsC7QFqG1uas3lN5b5MA=
6,61,95we8TjYy9oXwhYY/DgxS0Ds5O4=,6bAj5vtHsC7QFqG1uas3lN5b5MA=
7,61,95we8TjYy9oXwhYY/DgxS0Ds5O4=,6bAj5vtHsC7QFqG1uas3lN5b5MA=
1,59,95we8TjYy9oXwhYY/DgxS0Ds5O4=,6bAj5vtHsC7QFqG1uas3lN5b5MA=
1,62,95we8TjYy9oXwhYY/DgxS0Ds5O4=,6bAj5vtHsC7QFqG1uas3lN5b5MA=
1,58,95we8TjYy9oXwhYY/DgxS0Ds5O4=,6bAj5vtHsC7QFqG1uas3lN5b5MA=
7,56,95we8TjYy9oXwhYY/DgxS0Ds5O4=,6bAj5vtHsC7QFqG1uas3lN5b5MA=
2,62,95we8TjYy9oXwhYY/DgxS0Ds5O4=,6bAj5vtHsC7QFqG1uas3lN5b5MA=
3,62,95we8TjYy9oXwhYY/DgxS0Ds5O4=,6bAj5vtHsC7QFqG1uas3lN5b5MA=
6,60,95we8TjYy9oXwhYY/DgxS0Ds5O4=,6bAj5vtHsC7QFqG1uas3lN5b5MA=
5,60,95we8TjYy9oXwhYY/DgxS0Ds5O4=,6bAj5vtHsC7QFqG1uas3lN5b5MA=
4,62,95we8TjYy9oXwhYY/DgxS0Ds5O4=,6bAj5vtHsC7QFqG1uas3lN5b5MA=
4,60,95we8TjYy9oXwhYY/DgxS0Ds5O4=,6bAj5vtHsC7QFqG1uas3lN5b5MA=
5,62,95we8TjYy9oXwhYY/DgxS0Ds5O4=,6bAj5vtHsC7QFqG1uas3lN5b5MA=
3,60,95we8TjYy9oXwhYY/DgxS0Ds5O4=,6bAj5vtHsC7QFqG1uas3lN5b5MA=
2,58,95we8TjYy9oXwhYY/DgxS0Ds5O4=,6bAj5vtHsC7QFqG1uas3lN5b5MA=
7,59,95we8TjYy9oXwhYY/DgxS0Ds5O4=,6bAj5vtHsC7QFqG1uas3lN5b5MA=
6,62,95we8TjYy9oXwhYY/DgxS0Ds5O4=,6bAj5vtHsC7QFqG1uas3lN5b5MA=
7,58,95we8TjYy9oXwhYY/DgxS0Ds5O4=,6bAj5vtHsC7QFqG1uas3lN5b5MA=
2,59,95we8TjYy9oXwhYY/DgxS0Ds5O4=,6bAj5vtHsC7QFqG1uas3lN5b5MA=
7,57,95we8TjYy9oXwhYY/DgxS0Ds5O4=,6bAj5vtHsC7QFqG1uas3lN5b5MA=
1,57,95we8TjYy9oXwhYY/DgxS0Ds5O4=,6bAj5vtHsC7QFqG1uas3lN5b5MA=
2,60,95we8TjYy9oXwhYY/DgxS0Ds5O4=,6bAj5vtHsC7QFqG1uas3lN5b5MA=
3,59,95we8TjYy9oXwhYY/DgxS0Ds5O4=,6bAj5vtHsC7QFqG1uas3lN5b5MA=
4,56,95we8TjYy9oXwhYY/DgxS0Ds5O4=,6bAj5vtHsC7QFqG1uas3lN5b5MA=
6,58,95we8TjYy9oXwhYY/DgxS0Ds5O4=,6bAj5vtHsC7QFqG1uas3lN5b5MA=
2,56,95we8TjYy9oXwhYY/DgxS0Ds5O4=,6bAj5vtHsC7QFqG1uas3lN5b5MA=
6,57,95we8TjYy9oXwhYY/DgxS0Ds5O4=,6bAj5vtHsC7QFqG1uas3lN5b5MA=
3,58,95we8TjYy9oXwhYY/DgxS0Ds5O4=,6bAj5vtHsC7QFqG1uas3lN5b5MA=
5,57,95we8TjYy9oXwhYY/DgxS0Ds5O4=,6bAj5vtHsC7QFqG1uas3lN5b5MA=
4,58,95we8TjYy9oXwhYY/DgxS0Ds5O4=,6bAj5vtHsC7QFqG1uas3lN5b5MA=
6,59,95we8TjYy9oXwhYY/DgxS0Ds5O4=,6bAj5vtHsC7QFqG1uas3lN5b5MA=
7,62,95we8TjYy9oXwhYY/DgxS0Ds5O4=,6bAj5vtHsC7QFqG1uas3lN5b5MA=
4,59,95we8TjYy9oXwhYY/DgxS0Ds5O4=,6bAj5vtHsC7QFqG1uas3lN5b5MA=
5,56,95we8TjYy9oXwhYY/DgxS0Ds5O4=,6bAj5vtHsC7QFqG1uas3lN5b5MA=
1,56,95we8TjYy9oXwhYY/DgxS0Ds5O4=,6bAj5vtHsC7QFqG1uas3lN5b5MA=
4,57,95we8TjYy9oXwhYY/DgxS0Ds5O4=,6bAj5vtHsC7QFqG1uas3lN5b5MA=
2,57,95we8TjYy9oXwhYY/DgxS0Ds5O4=,6bAj5vtHsC7QFqG1uas3lN5b5MA=
3,57,95we8TjYy9oXwhYY/DgxS0Ds5O4=,6bAj5vtHsC7QFqG1uas3lN5b5MA=
5,59,95we8TjYy9oXwhYY/DgxS0Ds5O4=,6bAj5vtHsC7QFqG1uas3lN5b5MA=
5,58,95we8TjYy9oXwhYY/DgxS0Ds5O4=,6bAj5vtHsC7QFqG1uas3lN5b5MA=
3,56,95we8TjYy9oXwhYY/DgxS0Ds5O4=,6bAj5vtHsC7QFqG1uas3lN5b5MA=
1,60,95we8TjYy9oXwhYY/DgxS0Ds5O4=,6bAj5vtHsC7QFqG1uas3lN5b5MA=
7,63,95we8TjYy9oXwhYY/DgxS0Ds5O4=,6bAj5vtHsC7QFqG1uas3lN5b5MA=
6,63,95we8TjYy9oXwhYY/DgxS0Ds5O4=,6bAj5vtHsC7QFqG1uas3lN5b5MA=
5,63,95we8TjYy9oXwhYY/DgxS0Ds5O4=,6bAj5vtHsC7QFqG1uas3lN5b5MA=
4,63,95we8TjYy9oXwhYY/DgxS0Ds5O4=,6bAj5vtHsC7QFqG1uas3lN5b5MA=
3,63,95we8TjYy9oXwhYY/DgxS0Ds5O4=,6bAj5vtHsC7QFqG1uas3lN5b5MA=
0,61,95we8TjYy9oXwhYY/DgxS0Ds5O4=,6bAj5vtHsC7QFqG1uas3lN5b5MA=
2,63,95we8TjYy9oXwhYY/DgxS0Ds5O4=,6bAj5vtHsC7QFqG1uas3lN5b5MA=
0,59,95we8TjYy9oXwhYY/DgxS0Ds5O4=,6bAj5vtHsC7QFqG1uas3lN5b5MA=
0,60,95we8TjYy9oXwhYY/DgxS0Ds5O4=,6bAj5vtHsC7QFqG1uas3lN5b5MA=
0,62,95we8TjYy9oXwhYY/DgxS0Ds5O4=,6bAj5vtHsC7QFqG1uas3lN5b5MA=
0,56,95we8TjYy9oXwhYY/DgxS0Ds5O4=,6bAj5vtHsC7QFqG1uas3lN5b5MA=
0,57,95we8TjYy9oXwhYY/DgxS0Ds5O4=,6bAj5vtHsC7QFqG1uas3lN5b5MA=
0,58,95we8TjYy9oXwhYY/DgxS0Ds5O4=,6bAj5vtHsC7QFqG1uas3lN5b5MA=
1,63,95we8TjYy9oXwhYY/DgxS0Ds5O4=,6bAj5vtHsC7QFqG1uas3lN5b5MA=
0,63,95we8TjYy9oXwhYY/DgxS0Ds5O4=,6bAj5vtHsC7QFqG1uas3lN5b5MA=
22,53,0WOLPiNm9oSAIUGUlt6+oCS8i+Y=,6bAj5vtHsC7QFqG1uas3lN5b5MA=
22,55,0WOLPiNm9oSAIUGUlt6+oCS8i+Y=,6bAj5vtHsC7QFqG1uas3lN5b5MA=
21,55,0WOLPiNm9oSAIUGUlt6+oCS8i+Y=,6bAj5vtHsC7QFqG1uas3lN5b5MA=
20,50,0WOLPiNm9oSAIUGUlt6+oCS8i+Y=,6bAj5vtHsC7QFqG1uas3lN5b5MA=
20,55,0WOLPiNm9oSAIUGUlt6+oCS8i+Y=,6bAj5vtHsC7QFqG1uas3lN5b5MA=
19,55,0WOLPiNm9oSAIUGUlt6+oCS8i+Y=,6bAj5vtHsC7QFqG1uas3lN5b5MA=
21,53,0WOLPiNm9oSAIUGUlt6+oCS8i+Y=,6bAj5vtHsC7QFqG1uas3lN5b5MA=
18,55,0WOLPiNm9oSAIUGUlt6+oCS8i+Y=,6bAj5vtHsC7QFqG1uas3lN5b5MA=
20,49,0WOLPiNm9oSAIUGUlt6+oCS8i+Y=,6bAj5vtHsC7QFqG1uas3lN5b5MA=
19,50,0WOLPiNm9oSAIUGUlt6+oCS8i+Y=,6bAj5vtHsC7QFqG1uas3lN5b5MA=
19,51,0WOLPiNm9oSAIUGUlt6+oCS8i+Y=,6bAj5vtHsC7QFqG1uas3lN5b5MA=
18,50,0WOLPiNm9oSAIUGUlt6+oCS8i+Y=,6bAj5vtHsC7QFqG1uas3lN5b5MA=
22,54,0WOLPiNm9oSAIUGUlt6+oCS8i+Y=,6bAj5vtHsC7QFqG1uas3lN5b5MA=
21,52,0WOLPiNm9oSAIUGUlt6+oCS8i+Y=,6bAj5vtHsC7QFqG1uas3lN5b5MA=
20,53,0WOLPiNm9oSAIUGUlt6+oCS8i+Y=,6bAj5vtHsC7QFqG1uas3lN5b5MA=
20,52,0WOLPiNm9oSAIUGUlt6+oCS8i+Y=,6bAj5vtHsC7QFqG1uas3lN5b5MA=
19,53,0WOLPiNm9oSAIUGUlt6+oCS8i+Y=,6bAj5vtHsC7QFqG1uas3lN5b5MA=
21,54,0WOLPiNm9oSAIUGUlt6+oCS8i+Y=,6bAj5vtHsC7QFqG1uas3lN5b5MA=
17,50,0WOLPiNm9oSAIUGUlt6+oCS8i+Y=,6bAj5vtHsC7QFqG1uas3lN5b5MA=
19,49,0WOLPiNm9oSAIUGUlt6+oCS8i+Y=,6bAj5vtHsC7QFqG1uas3lN5b5MA=
18,49,0WOLPiNm9oSAIUGUlt6+oCS8i+Y=,6bAj5vtHsC7QFqG1uas3lN5b5MA=
17,55,0WOLPiNm9oSAIUGUlt6+oCS8i+Y=,6bAj5vtHsC7QFqG1uas3lN5b5MA=
19,52,0WOLPiNm9oSAIUGUlt6+oCS8i+Y=,6bAj5vtHsC7QFqG1uas3lN5b5MA=
18,51,0WOLPiNm9oSAIUGUlt6+oCS8i+Y=,6bAj5vtHsC7QFqG1uas3lN5b5MA=
18,53,0WOLPiNm9oSAIUGUlt6+oCS8i+Y=,6bAj5vtHsC7QFqG1uas3lN5b5MA=
17,49,0WOLPiNm9oSAIUGUlt6+oCS8i+Y=,6bAj5vtHsC7QFqG1uas3lN5b5MA=
17,51,0WOLPiNm9oSAIUGUlt6+oCS8i+Y=,6bAj5vtHsC7QFqG1uas3lN5b5MA=
17,53,0WOLPiNm9oSAIUGUlt6+oCS8i+Y=,6bAj5vtHsC7QFqG1uas3lN5b5MA=
20,54,0WOLPiNm9oSAIUGUlt6+oCS8i+Y=,6bAj5vtHsC7QFqG1uas3lN5b5MA=
18,52,0WOLPiNm9oSAIUGUlt6+oCS8i+Y=,6bAj5vtHsC7QFqG1uas3lN5b5MA=
19,54,0WOLPiNm9oSAIUGUlt6+oCS8i+Y=,6bAj5vtHsC7QFqG1uas3lN5b5MA=
18,54,0WOLPiNm9oSAIUGUlt6+oCS8i+Y=,6bAj5vtHsC7QFqG1uas3lN5b5MA=
17,52,0WOLPiNm9oSAIUGUlt6+oCS8i+Y=,6bAj5vtHsC7QFqG1uas3lN5b5MA=
17,54,0WOLPiNm9oSAIUGUlt6+oCS8i+Y=,6bAj5vtHsC7QFqG1uas3lN5b5MA=
22,52,0WOLPiNm9oSAIUGUlt6+oCS8i+Y=,6bAj5vtHsC7QFqG1uas3lN5b5MA=
20,51,0WOLPiNm9oSAIUGUlt6+oCS8i+Y=,6bAj5vtHsC7QFqG1uas3lN5b5MA=
28,50,0WOLPiNm9oSAIUGUlt6+oCS8i+Y=,6bAj5vtHsC7QFqG1uas3lN5b5MA=
23,53,0WOLPiNm9oSAIUGUlt6+oCS8i+Y=,6bAj5vtHsC7QFqG1uas3lN5b5MA=
29,50,0WOLPiNm9oSAIUGUlt6+oCS8i+Y=,6bAj5vtHsC7QFqG1uas3lN5b5MA=
30,50,0WOLPiNm9oSAIUGUlt6+oCS8i+Y=,6bAj5vtHsC7QFqG1uas3lN5b5MA=
24,51,0WOLPiNm9oSAIUGUlt6+oCS8i+Y=,6bAj5vtHsC7QFqG1uas3lN5b5MA=
25,51,0WOLPiNm9oSAIUGUlt6+oCS8i+Y=,6bAj5vtHsC7QFqG1uas3lN5b5MA=
26,51,0WOLPiNm9oSAIUGUlt6+oCS8i+Y=,6bAj5vtHsC7QFqG1uas3lN5b5MA=
27,51,0WOLPiNm9oSAIUGUlt6+oCS8i+Y=,6bAj5vtHsC7QFqG1uas3lN5b5MA=
28,51,0WOLPiNm9oSAIUGUlt6+oCS8i+Y=,6bAj5vtHsC7QFqG1uas3lN5b5MA=
29,51,0WOLPiNm9oSAIUGUlt6+oCS8i+Y=,6bAj5vtHsC7QFqG1uas3lN5b5MA=
25,52,0WOLPiNm9oSAIUGUlt6+oCS8i+Y=,6bAj5vtHsC7QFqG1uas3lN5b5MA=
30,51,0WOLPiNm9oSAIUGUlt6+oCS8i+Y=,6bAj5vtHsC7QFqG1uas3lN5b5MA=
26,52,0WOLPiNm9oSAIUGUlt6+oCS8i+Y=,6bAj5vtHsC7QFqG1uas3lN5b5MA=
27,52,0WOLPiNm9oSAIUGUlt6+oCS8i+Y=,6bAj5vtHsC7QFqG1uas3lN5b5MA=
28,52,0WOLPiNm9oSAIUGUlt6+oCS8i+Y=,6bAj5vtHsC7QFqG1uas3lN5b5MA=
29,52,0WOLPiNm9oSAIUGUlt6+oCS8i+Y=,6bAj5vtHsC7QFqG1uas3lN5b5MA=
30,52,0WOLPiNm9oSAIUGUlt6+oCS8i+Y=,6bAj5vtHsC7QFqG1uas3lN5b5MA=
26,53,0WOLPiNm9oSAIUGUlt6+oCS8i+Y=,6bAj5vtHsC7QFqG1uas3lN5b5MA=
27,53,0WOLPiNm9oSAIUGUlt6+oCS8i+Y=,6bAj5vtHsC7QFqG1uas3lN5b5MA=
28,53,0WOLPiNm9oSAIUGUlt6+oCS8i+Y=,6bAj5vtHsC7QFqG1uas3lN5b5MA=
30,53,0WOLPiNm9oSAIUGUlt6+oCS8i+Y=,6bAj5vtHsC7QFqG1uas3lN5b5MA=
27,54,0WOLPiNm9oSAIUGUlt6+oCS8i+Y=,6bAj5vtHsC7QFqG1uas3lN5b5MA=
28,54,0WOLPiNm9oSAIUGUlt6+oCS8i+Y=,6bAj5vtHsC7QFqG1uas3lN5b5MA=
29,54,0WOLPiNm9oSAIUGUlt6+oCS8i+Y=,6bAj5vtHsC7QFqG1uas3lN5b5MA=
29,53,0WOLPiNm9oSAIUGUlt6+oCS8i+Y=,6bAj5vtHsC7QFqG1uas3lN5b5MA=
30,54,0WOLPiNm9oSAIUGUlt6+oCS8i+Y=,6bAj5vtHsC7QFqG1uas3lN5b5MA=
24,49,0WOLPiNm9oSAIUGUlt6+oCS8i+Y=,6bAj5vtHsC7QFqG1uas3lN5b5MA=
25,49,0WOLPiNm9oSAIUGUlt6+oCS8i+Y=,6bAj5vtHsC7QFqG1uas3lN5b5MA=
26,49,0WOLPiNm9oSAIUGUlt6+oCS8i+Y=,6bAj5vtHsC7QFqG1uas3lN5b5MA=
27,49,0WOLPiNm9oSAIUGUlt6+oCS8i+Y=,6bAj5vtHsC7QFqG1uas3lN5b5MA=
28,49,0WOLPiNm9oSAIUGUlt6+oCS8i+Y=,6bAj5vtHsC7QFqG1uas3lN5b5MA=
29,49,0WOLPiNm9oSAIUGUlt6+oCS8i+Y=,6bAj5vtHsC7QFqG1uas3lN5b5MA=
30,49,0WOLPiNm9oSAIUGUlt6+oCS8i+Y=,6bAj5vtHsC7QFqG1uas3lN5b5MA=
23,54,0WOLPiNm9oSAIUGUlt6+oCS8i+Y=,6bAj5vtHsC7QFqG1uas3lN5b5MA=
24,50,0WOLPiNm9oSAIUGUlt6+oCS8i+Y=,6bAj5vtHsC7QFqG1uas3lN5b5MA=
25,50,0WOLPiNm9oSAIUGUlt6+oCS8i+Y=,6bAj5vtHsC7QFqG1uas3lN5b5MA=
26,50,0WOLPiNm9oSAIUGUlt6+oCS8i+Y=,6bAj5vtHsC7QFqG1uas3lN5b5MA=
27,50,0WOLPiNm9oSAIUGUlt6+oCS8i+Y=,6bAj5vtHsC7QFqG1uas3lN5b5MA=
20,48,0WOLPiNm9oSAIUGUlt6+oCS8i+Y=,6bAj5vtHsC7QFqG1uas3lN5b5MA=
21,48,0WOLPiNm9oSAIUGUlt6+oCS8i+Y=,6bAj5vtHsC7QFqG1uas3lN5b5MA=
22,48,0WOLPiNm9oSAIUGUlt6+oCS8i+Y=,6bAj5vtHsC7QFqG1uas3lN5b5MA=
17,48,0WOLPiNm9oSAIUGUlt6+oCS8i+Y=,6bAj5vtHsC7QFqG1uas3lN5b5MA=
19,48,0WOLPiNm9oSAIUGUlt6+oCS8i+Y=,6bAj5vtHsC7QFqG1uas3lN5b5MA=
31,49,0WOLPiNm9oSAIUGUlt6+oCS8i+Y=,6bAj5vtHsC7QFqG1uas3lN5b5MA=
18,48,0WOLPiNm9oSAIUGUlt6+oCS8i+Y=,6bAj5vtHsC7QFqG1uas3lN5b5MA=
31,50,0WOLPiNm9oSAIUGUlt6+oCS8i+Y=,6bAj5vtHsC7QFqG1uas3lN5b5MA=
31,54,0WOLPiNm9oSAIUGUlt6+oCS8i+Y=,6bAj5vtHsC7QFqG1uas3lN5b5MA=
31,53,0WOLPiNm9oSAIUGUlt6+oCS8i+Y=,6bAj5vtHsC7QFqG1uas3lN5b5MA=
31,51,0WOLPiNm9oSAIUGUlt6+oCS8i+Y=,6bAj5vtHsC7QFqG1uas3lN5b5MA=
31,52,0WOLPiNm9oSAIUGUlt6+oCS8i+Y=,6bAj5vtHsC7QFqG1uas3lN5b5MA=
16,54,0WOLPiNm9oSAIUGUlt6+oCS8i+Y=,6bAj5vtHsC7QFqG1uas3lN5b5MA=
16,51,0WOLPiNm9oSAIUGUlt6+oCS8i+Y=,6bAj5vtHsC7QFqG1uas3lN5b5MA=
16,52,0WOLPiNm9oSAIUGUlt6+oCS8i+Y=,6bAj5vtHsC7QFqG1uas3lN5b5MA=
16,53,0WOLPiNm9oSAIUGUlt6+oCS8i+Y=,6bAj5vtHsC7QFqG1uas3lN5b5MA=
16,49,0WOLPiNm9oSAIUGUlt6+oCS8i+Y=,6bAj5vtHsC7QFqG1uas3lN5b5MA=
16,50,0WOLPiNm9oSAIUGUlt6+oCS8i+Y=,6bAj5vtHsC7QFqG1uas3lN5b5MA=
16,48,0WOLPiNm9oSAIUGUlt6+oCS8i+Y=,6bAj5vtHsC7QFqG1uas3lN5b5MA=
16,55,0WOLPiNm9oSAIUGUlt6+oCS8i+Y=,6bAj5vtHsC7QFqG1uas3lN5b5MA=
24,58,0WOLPiNm9oSAIUGUlt6+oCS8i+Y=,6bAj5vtHsC7QFqG1uas3lN5b5MA=
25,58,0WOLPiNm9oSAIUGUlt6+oCS8i+Y=,6bAj5vtHsC7QFqG1uas3lN5b5MA=
26,58,0WOLPiNm9oSAIUGUlt6+oCS8i+Y=,6bAj5vtHsC7QFqG1uas3lN5b5MA=
27,58,0WOLPiNm9oSAIUGUlt6+oCS8i+Y=,6bAj5vtHsC7QFqG1uas3lN5b5MA=
28,58,0WOLPiNm9oSAIUGUlt6+oCS8i+Y=,6bAj5vtHsC7QFqG1uas3lN5b5MA=
29,58,0WOLPiNm9oSAIUGUlt6+oCS8i+Y=,6bAj5vtHsC7QFqG1uas3lN5b5MA=
30,58,0WOLPiNm9oSAIUGUlt6+oCS8i+Y=,6bAj5vtHsC7QFqG1uas3lN5b5MA=
31,58,0WOLPiNm9oSAIUGUlt6+oCS8i+Y=,6bAj5vtHsC7QFqG1uas3lN5b5MA=
24,57,0WOLPiNm9oSAIUGUlt6+oCS8i+Y=,6bAj5vtHsC7QFqG1uas3lN5b5MA=
24,59,0WOLPiNm9oSAIUGUlt6+oCS8i+Y=,6bAj5vtHsC7QFqG1uas3lN5b5MA=
25,59,0WOLPiNm9oSAIUGUlt6+oCS8i+Y=,6bAj5vtHsC7QFqG1uas3lN5b5MA=
26,59,0WOLPiNm9oSAIUGUlt6+oCS8i+Y=,6bAj5vtHsC7QFqG1uas3lN5b5MA=
31,57,0WOLPiNm9oSAIUGUlt6+oCS8i+Y=,6bAj5vtHsC7QFqG1uas3lN5b5MA=
30,57,0WOLPiNm9oSAIUGUlt6+oCS8i+Y=,6bAj5vtHsC7QFqG1uas3lN5b5MA=
23,55,0WOLPiNm9oSAIUGUlt6+oCS8i+Y=,6bAj5vtHsC7QFqG1uas3lN5b5MA=
29,57,0WOLPiNm9oSAIUGUlt6+oCS8i+Y=,6bAj5vtHsC7QFqG1uas3lN5b5MA=
31,55,0WOLPiNm9oSAIUGUlt6+oCS8i+Y=,6bAj5vtHsC7QFqG1uas3lN5b5MA=
31,56,0WOLPiNm9oSAIUGUlt6+oCS8i+Y=,6bAj5vtHsC7QFqG1uas3lN5b5MA=
29,55,0WOLPiNm9oSAIUGUlt6+oCS8i+Y=,6bAj5vtHsC7QFqG1uas3lN5b5MA=
28,57,0WOLPiNm9oSAIUGUlt6+oCS8i+Y=,6bAj5vtHsC7QFqG1uas3lN5b5MA=
28,55,0WOLPiNm9oSAIUGUlt6+oCS8i+Y=,6bAj5vtHsC7QFqG1uas3lN5b5MA=
27,55,0WOLPiNm9oSAIUGUlt6+oCS8i+Y=,6bAj5vtHsC7QFqG1uas3lN5b5MA=
30,55,0WOLPiNm9oSAIUGUlt6+oCS8i+Y=,6bAj5vtHsC7QFqG1uas3lN5b5MA=
31,63,0WOLPiNm9oSAIUGUlt6+oCS8i+Y=,6bAj5vtHsC7QFqG1uas3lN5b5MA=
30,56,0WOLPiNm9oSAIUGUlt6+oCS8i+Y=,6bAj5vtHsC7QFqG1uas3lN5b5MA=
30,63,0WOLPiNm9oSAIUGUlt6+oCS8i+Y=,6bAj5vtHsC7QFqG1uas3lN5b5MA=
29,56,0WOLPiNm9oSAIUGUlt6+oCS8i+Y=,6bAj5vtHsC7QFqG1uas3lN5b5MA=
29,63,0WOLPiNm9oSAIUGUlt6+oCS8i+Y=,6bAj5vtHsC7QFqG1uas3lN5b5MA=
28,63,0WOLPiNm9oSAIUGUlt6+oCS8i+Y=,6bAj5vtHsC7QFqG1uas3lN5b5MA=
26,63,0WOLPiNm9oSAIUGUlt6+oCS8i+Y=,6bAj5vtHsC7QFqG1uas3lN5b5MA=
25,63,0WOLPiNm9oSAIUGUlt6+oCS8i+Y=,6bAj5vtHsC7QFqG1uas3lN5b5MA=
27,63,0WOLPiNm9oSAIUGUlt6+oCS8i+Y=,6bAj5vtHsC7QFqG1uas3lN5b5MA=
24,63,0WOLPiNm9oSAIUGUlt6+oCS8i+Y=,6bAj5vtHsC7QFqG1uas3lN5b5MA=
31,62,0WOLPiNm9oSAIUGUlt6+oCS8i+Y=,6bAj5vtHsC7QFqG1uas3lN5b5MA=
30,62,0WOLPiNm9oSAIUGUlt6+oCS8i+Y=,6bAj5vtHsC7QFqG1uas3lN5b5MA=
27,57,0WOLPiNm9oSAIUGUlt6+oCS8i+Y=,6bAj5vtHsC7QFqG1uas3lN5b5MA=
26,62,0WOLPiNm9oSAIUGUlt6+oCS8i+Y=,6bAj5vtHsC7QFqG1uas3lN5b5MA=
25,62,0WOLPiNm9oSAIUGUlt6+oCS8i+Y=,6bAj5vtHsC7QFqG1uas3lN5b5MA=
24,62,0WOLPiNm9oSAIUGUlt6+oCS8i+Y=,6bAj5vtHsC7QFqG1uas3lN5b5MA=
31,61,0WOLPiNm9oSAIUGUlt6+oCS8i+Y=,6bAj5vtHsC7QFqG1uas3lN5b5MA=
30,61,0WOLPiNm9oSAIUGUlt6+oCS8i+Y=,6bAj5vtHsC7QFqG1uas3lN5b5MA=
24,52,0WOLPiNm9oSAIUGUlt6+oCS8i+Y=,6bAj5vtHsC7QFqG1uas3lN5b5MA=
26,57,0WOLPiNm9oSAIUGUlt6+oCS8i+Y=,6bAj5vtHsC7QFqG1uas3lN5b5MA=
24,53,0WOLPiNm9oSAIUGUlt6+oCS8i+Y=,6bAj5vtHsC7QFqG1uas3lN5b5MA=
24,54,0WOLPiNm9oSAIUGUlt6+oCS8i+Y=,6bAj5vtHsC7QFqG1uas3lN5b5MA=
26,61,0WOLPiNm9oSAIUGUlt6+oCS8i+Y=,6bAj5vtHsC7QFqG1uas3lN5b5MA=
25,61,0WOLPiNm9oSAIUGUlt6+oCS8i+Y=,6bAj5vtHsC7QFqG1uas3lN5b5MA=
24,61,0WOLPiNm9oSAIUGUlt6+oCS8i+Y=,6bAj5vtHsC7QFqG1uas3lN5b5MA=
30,60,0WOLPiNm9oSAIUGUlt6+oCS8i+Y=,6bAj5vtHsC7QFqG1uas3lN5b5MA=
24,56,0WOLPiNm9oSAIUGUlt6+oCS8i+Y=,6bAj5vtHsC7QFqG1uas3lN5b5MA=
29,60,0WOLPiNm9oSAIUGUlt6+oCS8i+Y=,6bAj5vtHsC7QFqG1uas3lN5b5MA=
31,60,0WOLPiNm9oSAIUGUlt6+oCS8i+Y=,6bAj5vtHsC7QFqG1uas3lN5b5MA=
25,57,0WOLPiNm9oSAIUGUlt6+oCS8i+Y=,6bAj5vtHsC7QFqG1uas3lN5b5MA=
26,60,0WOLPiNm9oSAIUGUlt6+oCS8i+Y=,6bAj5vtHsC7QFqG1uas3lN5b5MA=
28,56,0WOLPiNm9oSAIUGUlt6+oCS8i+Y=,6bAj5vtHsC7QFqG1uas3lN5b5MA=
25,53,0WOLPiNm9oSAIUGUlt6+oCS8i+Y=,6bAj5vtHsC7QFqG1uas3lN5b5MA=
27,60,0WOLPiNm9oSAIUGUlt6+oCS8i+Y=,6bAj5vtHsC7QFqG1uas3lN5b5MA=
26,54,0WOLPiNm9oSAIUGUlt6+oCS8i+Y=,6bAj5vtHsC7QFqG1uas3lN5b5MA=
28,60,0WOLPiNm9oSAIUGUlt6+oCS8i+Y=,6bAj5vtHsC7QFqG1uas3lN5b5MA=
24,55,0WOLPiNm9oSAIUGUlt6+oCS8i+Y=,6bAj5vtHsC7QFqG1uas3lN5b5MA=
25,54,0WOLPiNm9oSAIUGUlt6+oCS8i+Y=,6bAj5vtHsC7QFqG1uas3lN5b5MA=
27,61,0WOLPiNm9oSAIUGUlt6+oCS8i+Y=,6bAj5vtHsC7QFqG1uas3lN5b5MA=
25,55,0WOLPiNm9oSAIUGUlt6+oCS8i+Y=,6bAj5vtHsC7QFqG1uas3lN5b5MA=
25,56,0WOLPiNm9oSAIUGUlt6+oCS8i+Y=,6bAj5vtHsC7QFqG1uas3lN5b5MA=
25,60,0WOLPiNm9oSAIUGUlt6+oCS8i+Y=,6bAj5vtHsC7QFqG1uas3lN5b5MA=
27,59,0WOLPiNm9oSAIUGUlt6+oCS8i+Y=,6bAj5vtHsC7QFqG1uas3lN5b5MA=
24,60,0WOLPiNm9oSAIUGUlt6+oCS8i+Y=,6bAj5vtHsC7QFqG1uas3lN5b5MA=
28,62,0WOLPiNm9oSAIUGUlt6+oCS8i+Y=,6bAj5vtHsC7QFqG1uas3lN5b5MA=
29,62,0WOLPiNm9oSAIUGUlt6+oCS8i+Y=,6bAj5vtHsC7QFqG1uas3lN5b5MA=
31,59,0WOLPiNm9oSAIUGUlt6+oCS8i+Y=,6bAj5vtHsC7QFqG1uas3lN5b5MA=
30,59,0WOLPiNm9oSAIUGUlt6+oCS8i+Y=,6bAj5vtHsC7QFqG1uas3lN5b5MA=
29,59,0WOLPiNm9oSAIUGUlt6+oCS8i+Y=,6bAj5vtHsC7QFqG1uas3lN5b5MA=
27,62,0WOLPiNm9oSAIUGUlt6+oCS8i+Y=,6bAj5vtHsC7QFqG1uas3lN5b5MA=
27,56,0WOLPiNm9oSAIUGUlt6+oCS8i+Y=,6bAj5vtHsC7QFqG1uas3lN5b5MA=
28,61,0WOLPiNm9oSAIUGUlt6+oCS8i+Y=,6bAj5vtHsC7QFqG1uas3lN5b5MA=
29,61,0WOLPiNm9oSAIUGUlt6+oCS8i+Y=,6bAj5vtHsC7QFqG1uas3lN5b5MA=
28,59,0WOLPiNm9oSAIUGUlt6+oCS8i+Y=,6bAj5vtHsC7QFqG1uas3lN5b5MA=
23,52,0WOLPiNm9oSAIUGUlt6+oCS8i+Y=,6bAj5vtHsC7QFqG1uas3lN5b5MA=
26,56,0WOLPiNm9oSAIUGUlt6+oCS8i+Y=,6bAj5vtHsC7QFqG1uas3lN5b5MA=
26,55,0WOLPiNm9oSAIUGUlt6+oCS8i+Y=,6bAj5vtHsC7QFqG1uas3lN5b5MA=
29,48,0WOLPiNm9oSAIUGUlt6+oCS8i+Y=,6bAj5vtHsC7QFqG1uas3lN5b5MA=
30,48,0WOLPiNm9oSAIUGUlt6+oCS8i+Y=,6bAj5vtHsC7QFqG1uas3lN5b5MA=
27,48,0WOLPiNm9oSAIUGUlt6+oCS8i+Y=,6bAj5vtHsC7QFqG1uas3lN5b5MA=
28,48,0WOLPiNm9oSAIUGUlt6+oCS8i+Y=,6bAj5vtHsC7QFqG1uas3lN5b5MA=
26,48,0WOLPiNm9oSAIUGUlt6+oCS8i+Y=,6bAj5vtHsC7QFqG1uas3lN5b5MA=
25,48,0WOLPiNm9oSAIUGUlt6+oCS8i+Y=,6bAj5vtHsC7QFqG1uas3lN5b5MA=
24,48,0WOLPiNm9oSAIUGUlt6+oCS8i+Y=,6bAj5vtHsC7QFqG1uas3lN5b5MA=
23,48,0WOLPiNm9oSAIUGUlt6+oCS8i+Y=,6bAj5vtHsC7QFqG1uas3lN5b5MA=
21,51,0WOLPiNm9oSAIUGUlt6+oCS8i+Y=,6bAj5vtHsC7QFqG1uas3lN5b5MA=
21,50,0WOLPiNm9oSAIUGUlt6+oCS8i+Y=,6bAj5vtHsC7QFqG1uas3lN5b5MA=
21,49,0WOLPiNm9oSAIUGUlt6+oCS8i+Y=,6bAj5vtHsC7QFqG1uas3lN5b5MA=
23,49,0WOLPiNm9oSAIUGUlt6+oCS8i+Y=,6bAj5vtHsC7QFqG1uas3lN5b5MA=
22,51,0WOLPiNm9oSAIUGUlt6+oCS8i+Y=,6bAj5vtHsC7QFqG1uas3lN5b5MA=
23,51,0WOLPiNm9oSAIUGUlt6+oCS8i+Y=,6bAj5vtHsC7QFqG1uas3lN5b5MA=
31,48,0WOLPiNm9oSAIUGUlt6+oCS8i+Y=,6bAj5vtHsC7QFqG1uas3lN5b5MA=
22,49,0WOLPiNm9oSAIUGUlt6+oCS8i+Y=,6bAj5vtHsC7QFqG1uas3lN5b5MA=
22,50,0WOLPiNm9oSAIUGUlt6+oCS8i+Y=,6bAj5vtHsC7QFqG1uas3lN5b5MA=
23,50,0WOLPiNm9oSAIUGUlt6+oCS8i+Y=,6bAj5vtHsC7QFqG1uas3lN5b5MA=
28,40,8JBDT1lVBrTDsq0EmcOWxURi20Q=,6bAj5vtHsC7QFqG1uas3lN5b5MA=
29,40,8JBDT1lVBrTDsq0EmcOWxURi20Q=,6bAj5vtHsC7QFqG1uas3lN5b5MA=
27,40,8JBDT1lVBrTDsq0EmcOWxURi20Q=,6bAj5vtHsC7QFqG1uas3lN5b5MA=
26,40,8JBDT1lVBrTDsq0EmcOWxURi20Q=,6bAj5vtHsC7QFqG1uas3lN5b5MA=
25,40,8JBDT1lVBrTDsq0EmcOWxURi20Q=,6bAj5vtHsC7QFqG1uas3lN5b5MA=
30,46,8JBDT1lVBrTDsq0EmcOWxURi20Q=,6bAj5vtHsC7QFqG1uas3lN5b5MA=
29,46,8JBDT1lVBrTDsq0EmcOWxURi20Q=,6bAj5vtHsC7QFqG1uas3lN5b5MA=
28,46,8JBDT1lVBrTDsq0EmcOWxURi20Q=,6bAj5vtHsC7QFqG1uas3lN5b5MA=
27,46,8JBDT1lVBrTDsq0EmcOWxURi20Q=,6bAj5vtHsC7QFqG1uas3lN5b5MA=
26,46,8JBDT1lVBrTDsq0EmcOWxURi20Q=,6bAj5vtHsC7QFqG1uas3lN5b5MA=
25,46,8JBDT1lVBrTDsq0EmcOWxURi20Q=,6bAj5vtHsC7QFqG1uas3lN5b5MA=
25,45,8JBDT1lVBrTDsq0EmcOWxURi20Q=,6bAj5vtHsC7QFqG1uas3lN5b5MA=
30,47,8JBDT1lVBrTDsq0EmcOWxURi20Q=,6bAj5vtHsC7QFqG1uas3lN5b5MA=
29,47,8JBDT1lVBrTDsq0EmcOWxURi20Q=,6bAj5vtHsC7QFqG1uas3lN5b5MA=
28,47,8JBDT1lVBrTDsq0EmcOWxURi20Q=,6bAj5vtHsC7QFqG1uas3lN5b5MA=
30,41,8JBDT1lVBrTDsq0EmcOWxURi20Q=,6bAj5vtHsC7QFqG1uas3lN5b5MA=
29,41,8JBDT1lVBrTDsq0EmcOWxURi20Q=,6bAj5vtHsC7QFqG1uas3lN5b5MA=
28,41,8JBDT1lVBrTDsq0EmcOWxURi20Q=,6bAj5vtHsC7QFqG1uas3lN5b5MA=
27,41,8JBDT1lVBrTDsq0EmcOWxURi20Q=,6bAj5vtHsC7QFqG1uas3lN5b5MA=
27,47,8JBDT1lVBrTDsq0EmcOWxURi20Q=,6bAj5vtHsC7QFqG1uas3lN5b5MA=
26,47,8JBDT1lVBrTDsq0EmcOWxURi20Q=,6bAj5vtHsC7QFqG1uas3lN5b5MA=
30,40,8JBDT1lVBrTDsq0EmcOWxURi20Q=,6bAj5vtHsC7QFqG1uas3lN5b5MA=
25,47,8JBDT1lVBrTDsq0EmcOWxURi20Q=,6bAj5vtHsC7QFqG1uas3lN5b5MA=
16,42,8JBDT1lVBrTDsq0EmcOWxURi20Q=,6bAj5vtHsC7QFqG1uas3lN5b5MA=
17,42,8JBDT1lVBrTDsq0EmcOWxURi20Q=,6bAj5vtHsC7QFqG1uas3lN5b5MA=
23,47,8JBDT1lVBrTDsq0EmcOWxURi20Q=,6bAj5vtHsC7QFqG1uas3lN5b5MA=
22,47,8JBDT1lVBrTDsq0EmcOWxURi20Q=,6bAj5vtHsC7QFqG1uas3lN5b5MA=
21,47,8JBDT1lVBrTDsq0EmcOWxURi20Q=,6bAj5vtHsC7QFqG1uas3lN5b5MA=
20,47,8JBDT1lVBrTDsq0EmcOWxURi20Q=,6bAj5vtHsC7QFqG1uas3lN5b5MA=
19,47,8JBDT1lVBrTDsq0EmcOWxURi20Q=,6bAj5vtHsC7QFqG1uas3lN5b5MA=
18,47,8JBDT1lVBrTDsq0EmcOWxURi20Q=,6bAj5vtHsC7QFqG1uas3lN5b5MA=
24,46,8JBDT1lVBrTDsq0EmcOWxURi20Q=,6bAj5vtHsC7QFqG1uas3lN5b5MA=
17,47,8JBDT1lVBrTDsq0EmcOWxURi20Q=,6bAj5vtHsC7QFqG1uas3lN5b5MA=
23,46,8JBDT1lVBrTDsq0EmcOWxURi20Q=,6bAj5vtHsC7QFqG1uas3lN5b5MA=
22,46,8JBDT1lVBrTDsq0EmcOWxURi20Q=,6bAj5vtHsC7QFqG1uas3lN5b5MA=
24,45,8JBDT1lVBrTDsq0EmcOWxURi20Q=,6bAj5vtHsC7QFqG1uas3lN5b5MA=
18,46,8JBDT1lVBrTDsq0EmcOWxURi20Q=,6bAj5vtHsC7QFqG1uas3lN5b5MA=
17,46,8JBDT1lVBrTDsq0EmcOWxURi20Q=,6bAj5vtHsC7QFqG1uas3lN5b5MA=
16,46,8JBDT1lVBrTDsq0EmcOWxURi20Q=,6bAj5vtHsC7QFqG1uas3lN5b5MA=
16,41,8JBDT1lVBrTDsq0EmcOWxURi20Q=,6bAj5vtHsC7QFqG1uas3lN5b5MA=
23,45,8JBDT1lVBrTDsq0EmcOWxURi20Q=,6bAj5vtHsC7QFqG1uas3lN5b5MA=
24,44,8JBDT1lVBrTDsq0EmcOWxURi20Q=,6bAj5vtHsC7QFqG1uas3lN5b5MA=
22,45,8JBDT1lVBrTDsq0EmcOWxURi20Q=,6bAj5vtHsC7QFqG1uas3lN5b5MA=
18,45,8JBDT1lVBrTDsq0EmcOWxURi20Q=,6bAj5vtHsC7QFqG1uas3lN5b5MA=
26,45,8JBDT1lVBrTDsq0EmcOWxURi20Q=,6bAj5vtHsC7QFqG1uas3lN5b5MA=
17,45,8JBDT1lVBrTDsq0EmcOWxURi20Q=,6bAj5vtHsC7QFqG1uas3lN5b5MA=
16,45,8JBDT1lVBrTDsq0EmcOWxURi20Q=,6bAj5vtHsC7QFqG1uas3lN5b5MA=
21,46,8JBDT1lVBrTDsq0EmcOWxURi20Q=,6bAj5vtHsC7QFqG1uas3lN5b5MA=
23,44,8JBDT1lVBrTDsq0EmcOWxURi20Q=,6bAj5vtHsC7QFqG1uas3lN5b5MA=
22,44,8JBDT1lVBrTDsq0EmcOWxURi20Q=,6bAj5vtHsC7QFqG1uas3lN5b5MA=
24,47,8JBDT1lVBrTDsq0EmcOWxURi20Q=,6bAj5vtHsC7QFqG1uas3lN5b5MA=
16,43,8JBDT1lVBrTDsq0EmcOWxURi20Q=,6bAj5vtHsC7QFqG1uas3lN5b5MA=
17,43,8JBDT1lVBrTDsq0EmcOWxURi20Q=,6bAj5vtHsC7QFqG1uas3lN5b5MA=
18,43,8JBDT1lVBrTDsq0EmcOWxURi20Q=,6bAj5vtHsC7QFqG1uas3lN5b5MA=
16,44,8JBDT1lVBrTDsq0EmcOWxURi20Q=,6bAj5vtHsC7QFqG1uas3lN5b5MA=
17,44,8JBDT1lVBrTDsq0EmcOWxURi20Q=,6bAj5vtHsC7QFqG1uas3lN5b5MA=
18,44,8JBDT1lVBrTDsq0EmcOWxURi20Q=,6bAj5vtHsC7QFqG1uas3lN5b5MA=
31,41,8JBDT1lVBrTDsq0EmcOWxURi20Q=,6bAj5vtHsC7QFqG1uas3lN5b5MA=
31,46,8JBDT1lVBrTDsq0EmcOWxURi20Q=,6bAj5vtHsC7QFqG1uas3lN5b5MA=
31,40,8JBDT1lVBrTDsq0EmcOWxURi20Q=,6bAj5vtHsC7QFqG1uas3lN5b5MA=
21,44,8JBDT1lVBrTDsq0EmcOWxURi20Q=,6bAj5vtHsC7QFqG1uas3lN5b5MA=
21,45,8JBDT1lVBrTDsq0EmcOWxURi20Q=,6bAj5vtHsC7QFqG1uas3lN5b5MA=
27,44,8JBDT1lVBrTDsq0EmcOWxURi20Q=,6bAj5vtHsC7QFqG1uas3lN5b5MA=
27,45,8JBDT1lVBrTDsq0EmcOWxURi20Q=,6bAj5vtHsC7QFqG1uas3lN5b5MA=
31,43,8JBDT1lVBrTDsq0EmcOWxURi20Q=,6bAj5vtHsC7QFqG1uas3lN5b5MA=
31,42,8JBDT1lVBrTDsq0EmcOWxURi20Q=,6bAj5vtHsC7QFqG1uas3lN5b5MA=
25,44,8JBDT1lVBrTDsq0EmcOWxURi20Q=,6bAj5vtHsC7QFqG1uas3lN5b5MA=
29,42,8JBDT1lVBrTDsq0EmcOWxURi20Q=,6bAj5vtHsC7QFqG1uas3lN5b5MA=
30,42,8JBDT1lVBrTDsq0EmcOWxURi20Q=,6bAj5vtHsC7QFqG1uas3lN5b5MA=
16,47,8JBDT1lVBrTDsq0EmcOWxURi20Q=,6bAj5vtHsC7QFqG1uas3lN5b5MA=
19,44,8JBDT1lVBrTDsq0EmcOWxURi20Q=,6bAj5vtHsC7QFqG1uas3lN5b5MA=
28,42,8JBDT1lVBrTDsq0EmcOWxURi20Q=,6bAj5vtHsC7QFqG1uas3lN5b5MA=
31,47,8JBDT1lVBrTDsq0EmcOWxURi20Q=,6bAj5vtHsC7QFqG1uas3lN5b5MA=
30,45,8JBDT1lVBrTDsq0EmcOWxURi20Q=,6bAj5vtHsC7QFqG1uas3lN5b5MA=
26,44,8JBDT1lVBrTDsq0EmcOWxURi20Q=,6bAj5vtHsC7QFqG1uas3lN5b5MA=
28,45,8JBDT1lVBrTDsq0EmcOWxURi20Q=,6bAj5vtHsC7QFqG1uas3lN5b5MA=
29,45,8JBDT1lVBrTDsq0EmcOWxURi20Q=,6bAj5vtHsC7QFqG1uas3lN5b5MA=
28,43,8JBDT1lVBrTDsq0EmcOWxURi20Q=,6bAj5vtHsC7QFqG1uas3lN5b5MA=
18,35,8JBDT1lVBrTDsq0EmcOWxURi20Q=,6bAj5vtHsC7QFqG1uas3lN5b5MA=
16,32,8JBDT1lVBrTDsq0EmcOWxURi20Q=,6bAj5vtHsC7QFqG1uas3lN5b5MA=
21,32,8JBDT1lVBrTDsq0EmcOWxURi20Q=,6bAj5vtHsC7QFqG1uas3lN5b5MA=
22,32,8JBDT1lVBrTDsq0EmcOWxURi20Q=,6bAj5vtHsC7QFqG1uas3lN5b5MA=
23,32,8JBDT1lVBrTDsq0EmcOWxURi20Q=,6bAj5vtHsC7QFqG1uas3lN5b5MA=
16,33,8JBDT1lVBrTDsq0EmcOWxURi20Q=,6bAj5vtHsC7QFqG1uas3lN5b5MA=
17,32,8JBDT1lVBrTDsq0EmcOWxURi20Q=,6bAj5vtHsC7QFqG1uas3lN5b5MA=
17,33,8JBDT1lVBrTDsq0EmcOWxURi20Q=,6bAj5vtHsC7QFqG1uas3lN5b5MA=
31,45,8JBDT1lVBrTDsq0EmcOWxURi20Q=,6bAj5vtHsC7QFqG1uas3lN5b5MA=
24,40,8JBDT1lVBrTDsq0EmcOWxURi20Q=,6bAj5vtHsC7QFqG1uas3lN5b5MA=
20,38,8JBDT1lVBrTDsq0EmcOWxURi20Q=,6bAj5vtHsC7QFqG1uas3lN5b5MA=
18,33,8JBDT1lVBrTDsq0EmcOWxURi20Q=,6bAj5vtHsC7QFqG1uas3lN5b5MA=
19,38,8JBDT1lVBrTDsq0EmcOWxURi20Q=,6bAj5vtHsC7QFqG1uas3lN5b5MA=
29,43,8JBDT1lVBrTDsq0EmcOWxURi20Q=,6bAj5vtHsC7QFqG1uas3lN5b5MA=
30,43,8JBDT1lVBrTDsq0EmcOWxURi20Q=,6bAj5vtHsC7QFqG1uas3lN5b5MA=
20,46,8JBDT1lVBrTDsq0EmcOWxURi20Q=,6bAj5vtHsC7QFqG1uas3lN5b5MA=
23,36,8JBDT1lVBrTDsq0EmcOWxURi20Q=,6bAj5vtHsC7QFqG1uas3lN5b5MA=
19,45,8JBDT1lVBrTDsq0EmcOWxURi20Q=,6bAj5vtHsC7QFqG1uas3lN5b5MA=
20,44,8JBDT1lVBrTDsq0EmcOWxURi20Q=,6bAj5vtHsC7QFqG1uas3lN5b5MA=
19,46,8JBDT1lVBrTDsq0EmcOWxURi20Q=,6bAj5vtHsC7QFqG1uas3lN5b5MA=
20,45,8JBDT1lVBrTDsq0EmcOWxURi20Q=,6bAj5vtHsC7QFqG1uas3lN5b5MA=
21,39,8JBDT1lVBrTDsq0EmcOWxURi20Q=,6bAj5vtHsC7QFqG1uas3lN5b5MA=
19,37,8JBDT1lVBrTDsq0EmcOWxURi20Q=,6bAj5vtHsC7QFqG1uas3lN5b5MA=
18,38,8JBDT1lVBrTDsq0EmcOWxURi20Q=,6bAj5vtHsC7QFqG1uas3lN5b5MA=
20,37,8JBDT1lVBrTDsq0EmcOWxURi20Q=,6bAj5vtHsC7QFqG1uas3lN5b5MA=
29,44,8JBDT1lVBrTDsq0EmcOWxURi20Q=,6bAj5vtHsC7QFqG1uas3lN5b5MA=
19,33,8JBDT1lVBrTDsq0EmcOWxURi20Q=,6bAj5vtHsC7QFqG1uas3lN5b5MA=
21,38,8JBDT1lVBrTDsq0EmcOWxURi20Q=,6bAj5vtHsC7QFqG1uas3lN5b5MA=
20,40,8JBDT1lVBrTDsq0EmcOWxURi20Q=,6bAj5vtHsC7QFqG1uas3lN5b5MA=
21,40,8JBDT1lVBrTDsq0EmcOWxURi20Q=,6bAj5vtHsC7QFqG1uas3lN5b5MA=
31,44,8JBDT1lVBrTDsq0EmcOWxURi20Q=,6bAj5vtHsC7QFqG1uas3lN5b5MA=
28,44,8JBDT1lVBrTDsq0EmcOWxURi20Q=,6bAj5vtHsC7QFqG1uas3lN5b5MA=
23,37,8JBDT1lVBrTDsq0EmcOWxURi20Q=,6bAj5vtHsC7QFqG1uas3lN5b5MA=
21,37,8JBDT1lVBrTDsq0EmcOWxURi20Q=,6bAj5vtHsC7QFqG1uas3lN5b5MA=
19,32,8JBDT1lVBrTDsq0EmcOWxURi20Q=,6bAj5vtHsC7QFqG1uas3lN5b5MA=
30,44,BkU7VXfBkl3nD8A+0TFUQCkOT9E=,6bAj5vtHsC7QFqG1uas3lN5b5MA=
19,35,BkU7VXfBkl3nD8A+0TFUQCkOT9E=,6bAj5vtHsC7QFqG1uas3lN5b5MA=
19,40,BkU7VXfBkl3nD8A+0TFUQCkOT9E=,6bAj5vtHsC7QFqG1uas3lN5b5MA=
16,40,BkU7VXfBkl3nD8A+0TFUQCkOT9E=,6bAj5vtHsC7QFqG1uas3lN5b5MA=
17,38,BkU7VXfBkl3nD8A+0TFUQCkOT9E=,6bAj5vtHsC7QFqG1uas3lN5b5MA=
23,38,BkU7VXfBkl3nD8A+0TFUQCkOT9E=,6bAj5vtHsC7QFqG1uas3lN5b5MA=
16,38,BkU7VXfBkl3nD8A+0TFUQCkOT9E=,6bAj5vtHsC7QFqG1uas3lN5b5MA=
18,32,BkU7VXfBkl3nD8A+0TFUQCkOT9E=,6bAj5vtHsC7QFqG1uas3lN5b5MA=
18,40,BkU7VXfBkl3nD8A+0TFUQCkOT9E=,6bAj5vtHsC7QFqG1uas3lN5b5MA=
22,43,BkU7VXfBkl3nD8A+0TFUQCkOT9E=,6bAj5vtHsC7QFqG1uas3lN5b5MA=
22,40,BkU7VXfBkl3nD8A+0TFUQCkOT9E=,6bAj5vtHsC7QFqG1uas3lN5b5MA=
17,40,BkU7VXfBkl3nD8A+0TFUQCkOT9E=,6bAj5vtHsC7QFqG1uas3lN5b5MA=
21,43,BkU7VXfBkl3nD8A+0TFUQCkOT9E=,6bAj5vtHsC7QFqG1uas3lN5b5MA=
23,43,BkU7VXfBkl3nD8A+0TFUQCkOT9E=,6bAj5vtHsC7QFqG1uas3lN5b5MA=
20,43,BkU7VXfBkl3nD8A+0TFUQCkOT9E=,6bAj5vtHsC7QFqG1uas3lN5b5MA=
21,36,BkU7VXfBkl3nD8A+0TFUQCkOT9E=,6bAj5vtHsC7QFqG1uas3lN5b5MA=
23,39,BkU7VXfBkl3nD8A+0TFUQCkOT9E=,6bAj5vtHsC7QFqG1uas3lN5b5MA=
23,42,BkU7VXfBkl3nD8A+0TFUQCkOT9E=,6bAj5vtHsC7QFqG1uas3lN5b5MA=
22,36,BkU7VXfBkl3nD8A+0TFUQCkOT9E=,6bAj5vtHsC7QFqG1uas3lN5b5MA=
20,42,BkU7VXfBkl3nD8A+0TFUQCkOT9E=,6bAj5vtHsC7QFqG1uas3lN5b5MA=
19,42,BkU7VXfBkl3nD8A+0TFUQCkOT9E=,6bAj5vtHsC7QFqG1uas3lN5b5MA=
22,42,BkU7VXfBkl3nD8A+0TFUQCkOT9E=,6bAj5vtHsC7QFqG1uas3lN5b5MA=
18,42,BkU7VXfBkl3nD8A+0TFUQCkOT9E=,6bAj5vtHsC7QFqG1uas3lN5b5MA=
24,42,BkU7VXfBkl3nD8A+0TFUQCkOT9E=,6bAj5vtHsC7QFqG1uas3lN5b5MA=
21,42,BkU7VXfBkl3nD8A+0TFUQCkOT9E=,6bAj5vtHsC7QFqG1uas3lN5b5MA=
20,36,BkU7VXfBkl3nD8A+0TFUQCkOT9E=,6bAj5vtHsC7QFqG1uas3lN5b5MA=
19,43,BkU7VXfBkl3nD8A+0TFUQCkOT9E=,6bAj5vtHsC7QFqG1uas3lN5b5MA=
17,41,BkU7VXfBkl3nD8A+0TFUQCkOT9E=,6bAj5vtHsC7QFqG1uas3lN5b5MA=
18,41,BkU7VXfBkl3nD8A+0TFUQCkOT9E=,6bAj5vtHsC7QFqG1uas3lN5b5MA=
24,41,BkU7VXfBkl3nD8A+0TFUQCkOT9E=,6bAj5vtHsC7QFqG1uas3lN5b5MA=
26,41,BkU7VXfBkl3nD8A+0TFUQCkOT9E=,6bAj5vtHsC7QFqG1uas3lN5b5MA=
22,37,BkU7VXfBkl3nD8A+0TFUQCkOT9E=,6bAj5vtHsC7QFqG1uas3lN5b5MA=
25,41,BkU7VXfBkl3nD8A+0TFUQCkOT9E=,6bAj5vtHsC7QFqG1uas3lN5b5MA=
22,39,BkU7VXfBkl3nD8A+0TFUQCkOT9E=,6bAj5vtHsC7QFqG1uas3lN5b5MA=
20,32,BkU7VXfBkl3nD8A+0TFUQCkOT9E=,6bAj5vtHsC7QFqG1uas3lN5b5MA=
27,42,BkU7VXfBkl3nD8A+0TFUQCkOT9E=,6bAj5vtHsC7QFqG1uas3lN5b5MA=
21,41,BkU7VXfBkl3nD8A+0TFUQCkOT9E=,6bAj5vtHsC7QFqG1uas3lN5b5MA=
24,43,BkU7VXfBkl3nD8A+0TFUQCkOT9E=,6bAj5vtHsC7QFqG1uas3lN5b5MA=
22,38,BkU7VXfBkl3nD8A+0TFUQCkOT9E=,6bAj5vtHsC7QFqG1uas3lN5b5MA=
19,41,BkU7VXfBkl3nD8A+0TFUQCkOT9E=,6bAj5vtHsC7QFqG1uas3lN5b5MA=
18,34,BkU7VXfBkl3nD8A+0TFUQCkOT9E=,6bAj5vtHsC7QFqG1uas3lN5b5MA=
21,34,BkU7VXfBkl3nD8A+0TFUQCkOT9E=,6bAj5vtHsC7QFqG1uas3lN5b5MA=
22,34,BkU7VXfBkl3nD8A+0TFUQCkOT9E=,6bAj5vtHsC7QFqG1uas3lN5b5MA=
22,33,BkU7VXfBkl3nD8A+0TFUQCkOT9E=,6bAj5vtHsC7QFqG1uas3lN5b5MA=
23,34,BkU7VXfBkl3nD8A+0TFUQCkOT9E=,6bAj5vtHsC7QFqG1uas3lN5b5MA=
26,43,BkU7VXfBkl3nD8A+0TFUQCkOT9E=,6bAj5vtHsC7QFqG1uas3lN5b5MA=
20,39,BkU7VXfBkl3nD8A+0TFUQCkOT9E=,6bAj5vtHsC7QFqG1uas3lN5b5MA=
21,33,BkU7VXfBkl3nD8A+0TFUQCkOT9E=,6bAj5vtHsC7QFqG1uas3lN5b5MA=
18,39,BkU7VXfBkl3nD8A+0TFUQCkOT9E=,6bAj5vtHsC7QFqG1uas3lN5b5MA=
19,39,BkU7VXfBkl3nD8A+0TFUQCkOT9E=,6bAj5vtHsC7QFqG1uas3lN5b5MA=
17,35,BkU7VXfBkl3nD8A+0TFUQCkOT9E=,6bAj5vtHsC7QFqG1uas3lN5b5MA=
23,33,BkU7VXfBkl3nD8A+0TFUQCkOT9E=,6bAj5vtHsC7QFqG1uas3lN5b5MA=
16,37,BkU7VXfBkl3nD8A+0TFUQCkOT9E=,6bAj5vtHsC7QFqG1uas3lN5b5MA=
17,37,BkU7VXfBkl3nD8A+0TFUQCkOT9E=,6bAj5vtHsC7QFqG1uas3lN5b5MA=
16,34,BkU7VXfBkl3nD8A+0TFUQCkOT9E=,6bAj5vtHsC7QFqG1uas3lN5b5MA=
20,41,BkU7VXfBkl3nD8A+0TFUQCkOT9E=,6bAj5vtHsC7QFqG1uas3lN5b5MA=
18,37,BkU7VXfBkl3nD8A+0TFUQCkOT9E=,6bAj5vtHsC7QFqG1uas3lN5b5MA=
16,39,BkU7VXfBkl3nD8A+0TFUQCkOT9E=,6bAj5vtHsC7QFqG1uas3lN5b5MA=
21,35,BkU7VXfBkl3nD8A+0TFUQCkOT9E=,6bAj5vtHsC7QFqG1uas3lN5b5MA=
18,36,BkU7VXfBkl3nD8A+0TFUQCkOT9E=,6bAj5vtHsC7QFqG1uas3lN5b5MA=
20,35,BkU7VXfBkl3nD8A+0TFUQCkOT9E=,6bAj5vtHsC7QFqG1uas3lN5b5MA=
17,34,BkU7VXfBkl3nD8A+0TFUQCkOT9E=,6bAj5vtHsC7QFqG1uas3lN5b5MA=
26,42,BkU7VXfBkl3nD8A+0TFUQCkOT9E=,6bAj5vtHsC7QFqG1uas3lN5b5MA=
20,33,BkU7VXfBkl3nD8A+0TFUQCkOT9E=,6bAj5vtHsC7QFqG1uas3lN5b5MA=
20,34,BkU7VXfBkl3nD8A+0TFUQCkOT9E=,6bAj5vtHsC7QFqG1uas3lN5b5MA=
22,35,BkU7VXfBkl3nD8A+0TFUQCkOT9E=,6bAj5vtHsC7QFqG1uas3lN5b5MA=
16,36,BkU7VXfBkl3nD8A+0TFUQCkOT9E=,6bAj5vtHsC7QFqG1uas3lN5b5MA=
25,43,BkU7VXfBkl3nD8A+0TFUQCkOT9E=,6bAj5vtHsC7QFqG1uas3lN5b5MA=
19,36,BkU7VXfBkl3nD8A+0TFUQCkOT9E=,6bAj5vtHsC7QFqG1uas3lN5b5MA=
23,35,BkU7VXfBkl3nD8A+0TFUQCkOT9E=,6bAj5vtHsC7QFqG1uas3lN5b5MA=
17,36,BkU7VXfBkl3nD8A+0TFUQCkOT9E=,6bAj5vtHsC7QFqG1uas3lN5b5MA=
22,41,BkU7VXfBkl3nD8A+0TFUQCkOT9E=,6bAj5vtHsC7QFqG1uas3lN5b5MA=
16,35,BkU7VXfBkl3nD8A+0TFUQCkOT9E=,6bAj5vtHsC7QFqG1uas3lN5b5MA=
23,41,BkU7VXfBkl3nD8A+0TFUQCkOT9E=,6bAj5vtHsC7QFqG1uas3lN5b5MA=
17,39,BkU7VXfBkl3nD8A+0TFUQCkOT9E=,6bAj5vtHsC7QFqG1uas3lN5b5MA=
27,43,BkU7VXfBkl3nD8A+0TFUQCkOT9E=,6bAj5vtHsC7QFqG1uas3lN5b5MA=
25,42,BkU7VXfBkl3nD8A+0TFUQCkOT9E=,6bAj5vtHsC7QFqG1uas3lN5b5MA=
23,40,BkU7VXfBkl3nD8A+0TFUQCkOT9E=,6bAj5vtHsC7QFqG1uas3lN5b5MA=
19,34,BkU7VXfBkl3nD8A+0TFUQCkOT9E=,6bAj5vtHsC7QFqG1uas3lN5b5MA=
