94,-7,/+7G5rBFPtA7IGCilzdkMB+YIEY=,TkLNRlJdiNiECqERQuzMgwE4AlY=
93,-7,/+7G5rBFPtA7IGCilzdkMB+YIEY=,TkLNRlJdiNiECqERQuzMgwE4AlY=
90,-4,/+7G5rBFPtA7IGCilzdkMB+YIEY=,TkLNRlJdiNiECqERQuzMgwE4AlY=
94,-2,/+7G5rBFPtA7IGCilzdkMB+YIEY=,TkLNRlJdiNiECqERQuzMgwE4AlY=
93,-3,/+7G5rBFPtA7IGCilzdkMB+YIEY=,TkLNRlJdiNiECqERQuzMgwE4AlY=
92,-7,/+7G5rBFPtA7IGCilzdkMB+YIEY=,TkLNRlJdiNiECqERQuzMgwE4AlY=
93,-2,/+7G5rBFPtA7IGCilzdkMB+YIEY=,TkLNRlJdiNiECqERQuzMgwE4AlY=
91,-7,/+7G5rBFPtA7IGCilzdkMB+YIEY=,TkLNRlJdiNiECqERQuzMgwE4AlY=
92,-2,/+7G5rBFPtA7IGCilzdkMB+YIEY=,TkLNRlJdiNiECqERQuzMgwE4AlY=
90,-7,/+7G5rBFPtA7IGCilzdkMB+YIEY=,TkLNRlJdiNiECqERQuzMgwE4AlY=
92,-3,/+7G5rBFPtA7IGCilzdkMB+YIEY=,TkLNRlJdiNiECqERQuzMgwE4AlY=
89,-7,/+7G5rBFPtA7IGCilzdkMB+YIEY=,TkLNRlJdiNiECqERQuzMgwE4AlY=
91,-3,/+7G5rBFPtA7IGCilzdkMB+YIEY=,TkLNRlJdiNiECqERQuzMgwE4AlY=
91,-2,/+7G5rBFPtA7IGCilzdkMB+YIEY=,TkLNRlJdiNiECqERQuzMgwE4AlY=
94,-6,/+7G5rBFPtA7IGCilzdkMB+YIEY=,TkLNRlJdiNiECqERQuzMgwE4AlY=
90,-3,/+7G5rBFPtA7IGCilzdkMB+YIEY=,TkLNRlJdiNiECqERQuzMgwE4AlY=
89,-4,/+7G5rBFPtA7IGCilzdkMB+YIEY=,TkLNRlJdiNiECqERQuzMgwE4AlY=
89,-3,/+7G5rBFPtA7IGCilzdkMB+YIEY=,TkLNRlJdiNiECqERQuzMgwE4AlY=
93,-6,/+7G5rBFPtA7IGCilzdkMB+YIEY=,TkLNRlJdiNiECqERQuzMgwE4AlY=
94,-4,/+7G5rBFPtA7IGCilzdkMB+YIEY=,TkLNRlJdiNiECqERQuzMgwE4AlY=
92,-4,/+7G5rBFPtA7IGCilzdkMB+YIEY=,TkLNRlJdiNiECqERQuzMgwE4AlY=
92,-6,/+7G5rBFPtA7IGCilzdkMB+YIEY=,TkLNRlJdiNiECqERQuzMgwE4AlY=
91,-6,/+7G5rBFPtA7IGCilzdkMB+YIEY=,TkLNRlJdiNiECqERQuzMgwE4AlY=
90,-2,/+7G5rBFPtA7IGCilzdkMB+YIEY=,TkLNRlJdiNiECqERQuzMgwE4AlY=
94,-5,/+7G5rBFPtA7IGCilzdkMB+YIEY=,TkLNRlJdiNiECqERQuzMgwE4AlY=
89,-2,/+7G5rBFPtA7IGCilzdkMB+YIEY=,TkLNRlJdiNiECqERQuzMgwE4AlY=
93,-5,/+7G5rBFPtA7IGCilzdkMB+YIEY=,TkLNRlJdiNiECqERQuzMgwE4AlY=
90,-5,/+7G5rBFPtA7IGCilzdkMB+YIEY=,TkLNRlJdiNiECqERQuzMgwE4AlY=
90,-6,/+7G5rBFPtA7IGCilzdkMB+YIEY=,TkLNRlJdiNiECqERQuzMgwE4AlY=
89,-6,/+7G5rBFPtA7IGCilzdkMB+YIEY=,TkLNRlJdiNiECqERQuzMgwE4AlY=
94,-3,/+7G5rBFPtA7IGCilzdkMB+YIEY=,TkLNRlJdiNiECqERQuzMgwE4AlY=
89,-5,/+7G5rBFPtA7IGCilzdkMB+YIEY=,TkLNRlJdiNiECqERQuzMgwE4AlY=
92,-8,/+7G5rBFPtA7IGCilzdkMB+YIEY=,TkLNRlJdiNiECqERQuzMgwE4AlY=
90,-8,/+7G5rBFPtA7IGCilzdkMB+YIEY=,TkLNRlJdiNiECqERQuzMgwE4AlY=
93,-8,/+7G5rBFPtA7IGCilzdkMB+YIEY=,TkLNRlJdiNiECqERQuzMgwE4AlY=
94,-8,/+7G5rBFPtA7IGCilzdkMB+YIEY=,TkLNRlJdiNiECqERQuzMgwE4AlY=
89,-8,/+7G5rBFPtA7IGCilzdkMB+YIEY=,TkLNRlJdiNiECqERQuzMgwE4AlY=
91,-8,/+7G5rBFPtA7IGCilzdkMB+YIEY=,TkLNRlJdiNiECqERQuzMgwE4AlY=
84,-7,/+7G5rBFPtA7IGCilzdkMB+YIEY=,I2RQL98h6CLYRowR0ccNLQHfrB0=
85,-7,/+7G5rBFPtA7IGCilzdkMB+YIEY=,I2RQL98h6CLYRowR0ccNLQHfrB0=
86,-7,/+7G5rBFPtA7IGCilzdkMB+YIEY=,I2RQL98h6CLYRowR0ccNLQHfrB0=
87,-7,/+7G5rBFPtA7IGCilzdkMB+YIEY=,I2RQL98h6CLYRowR0ccNLQHfrB0=
81,-6,/+7G5rBFPtA7IGCilzdkMB+YIEY=,I2RQL98h6CLYRowR0ccNLQHfrB0=
82,-6,/+7G5rBFPtA7IGCilzdkMB+YIEY=,I2RQL98h6CLYRowR0ccNLQHfrB0=
84,-6,/+7G5rBFPtA7IGCilzdkMB+YIEY=,I2RQL98h6CLYRowR0ccNLQHfrB0=
88,-6,/+7G5rBFPtA7IGCilzdkMB+YIEY=,TkLNRlJdiNiECqERQuzMgwE4AlY=
85,-6,/+7G5rBFPtA7IGCilzdkMB+YIEY=,I2RQL98h6CLYRowR0ccNLQHfrB0=
86,-6,/+7G5rBFPtA7IGCilzdkMB+YIEY=,I2RQL98h6CLYRowR0ccNLQHfrB0=
87,-6,/+7G5rBFPtA7IGCilzdkMB+YIEY=,I2RQL98h6CLYRowR0ccNLQHfrB0=
81,-5,/+7G5rBFPtA7IGCilzdkMB+YIEY=,I2RQL98h6CLYRowR0ccNLQHfrB0=
82,-5,/+7G5rBFPtA7IGCilzdkMB+YIEY=,I2RQL98h6CLYRowR0ccNLQHfrB0=
83,-5,/+7G5rBFPtA7IGCilzdkMB+YIEY=,I2RQL98h6CLYRowR0ccNLQHfrB0=
87,-5,/+7G5rBFPtA7IGCilzdkMB+YIEY=,I2RQL98h6CLYRowR0ccNLQHfrB0=
82,-4,/+7G5rBFPtA7IGCilzdkMB+YIEY=,I2RQL98h6CLYRowR0ccNLQHfrB0=
83,-4,/+7G5rBFPtA7IGCilzdkMB+YIEY=,I2RQL98h6CLYRowR0ccNLQHfrB0=
85,-4,/+7G5rBFPtA7IGCilzdkMB+YIEY=,I2RQL98h6CLYRowR0ccNLQHfrB0=
86,-4,/+7G5rBFPtA7IGCilzdkMB+YIEY=,I2RQL98h6CLYRowR0ccNLQHfrB0=
87,-4,/+7G5rBFPtA7IGCilzdkMB+YIEY=,I2RQL98h6CLYRowR0ccNLQHfrB0=
81,-3,/+7G5rBFPtA7IGCilzdkMB+YIEY=,I2RQL98h6CLYRowR0ccNLQHfrB0=
82,-3,/+7G5rBFPtA7IGCilzdkMB+YIEY=,I2RQL98h6CLYRowR0ccNLQHfrB0=
83,-3,/+7G5rBFPtA7IGCilzdkMB+YIEY=,I2RQL98h6CLYRowR0ccNLQHfrB0=
84,-3,/+7G5rBFPtA7IGCilzdkMB+YIEY=,I2RQL98h6CLYRowR0ccNLQHfrB0=
85,-3,/+7G5rBFPtA7IGCilzdkMB+YIEY=,I2RQL98h6CLYRowR0ccNLQHfrB0=
86,-3,/+7G5rBFPtA7IGCilzdkMB+YIEY=,I2RQL98h6CLYRowR0ccNLQHfrB0=
87,-3,/+7G5rBFPtA7IGCilzdkMB+YIEY=,I2RQL98h6CLYRowR0ccNLQHfrB0=
81,-2,/+7G5rBFPtA7IGCilzdkMB+YIEY=,I2RQL98h6CLYRowR0ccNLQHfrB0=
82,-2,/+7G5rBFPtA7IGCilzdkMB+YIEY=,I2RQL98h6CLYRowR0ccNLQHfrB0=
83,-2,/+7G5rBFPtA7IGCilzdkMB+YIEY=,I2RQL98h6CLYRowR0ccNLQHfrB0=
84,-2,/+7G5rBFPtA7IGCilzdkMB+YIEY=,I2RQL98h6CLYRowR0ccNLQHfrB0=
85,-2,/+7G5rBFPtA7IGCilzdkMB+YIEY=,I2RQL98h6CLYRowR0ccNLQHfrB0=
86,-2,/+7G5rBFPtA7IGCilzdkMB+YIEY=,I2RQL98h6CLYRowR0ccNLQHfrB0=
87,-2,/+7G5rBFPtA7IGCilzdkMB+YIEY=,I2RQL98h6CLYRowR0ccNLQHfrB0=
88,-4,/+7G5rBFPtA7IGCilzdkMB+YIEY=,TkLNRlJdiNiECqERQuzMgwE4AlY=
82,-1,/+7G5rBFPtA7IGCilzdkMB+YIEY=,I2RQL98h6CLYRowR0ccNLQHfrB0=
81,-1,/+7G5rBFPtA7IGCilzdkMB+YIEY=,I2RQL98h6CLYRowR0ccNLQHfrB0=
88,-7,/+7G5rBFPtA7IGCilzdkMB+YIEY=,TkLNRlJdiNiECqERQuzMgwE4AlY=
84,-1,/+7G5rBFPtA7IGCilzdkMB+YIEY=,I2RQL98h6CLYRowR0ccNLQHfrB0=
83,-1,/+7G5rBFPtA7IGCilzdkMB+YIEY=,I2RQL98h6CLYRowR0ccNLQHfrB0=
81,-7,/+7G5rBFPtA7IGCilzdkMB+YIEY=,I2RQL98h6CLYRowR0ccNLQHfrB0=
85,-1,/+7G5rBFPtA7IGCilzdkMB+YIEY=,I2RQL98h6CLYRowR0ccNLQHfrB0=
82,-7,/+7G5rBFPtA7IGCilzdkMB+YIEY=,I2RQL98h6CLYRowR0ccNLQHfrB0=
80,-6,/+7G5rBFPtA7IGCilzdkMB+YIEY=,I2RQL98h6CLYRowR0ccNLQHfrB0=
80,-5,/+7G5rBFPtA7IGCilzdkMB+YIEY=,I2RQL98h6CLYRowR0ccNLQHfrB0=
80,-4,/+7G5rBFPtA7IGCilzdkMB+YIEY=,I2RQL98h6CLYRowR0ccNLQHfrB0=
80,-3,/+7G5rBFPtA7IGCilzdkMB+YIEY=,I2RQL98h6CLYRowR0ccNLQHfrB0=
80,-2,/+7G5rBFPtA7IGCilzdkMB+YIEY=,I2RQL98h6CLYRowR0ccNLQHfrB0=
80,-7,/+7G5rBFPtA7IGCilzdkMB+YIEY=,I2RQL98h6CLYRowR0ccNLQHfrB0=
87,-1,/+7G5rBFPtA7IGCilzdkMB+YIEY=,I2RQL98h6CLYRowR0ccNLQHfrB0=
94,-1,/+7G5rBFPtA7IGCilzdkMB+YIEY=,TkLNRlJdiNiECqERQuzMgwE4AlY=
93,-1,/+7G5rBFPtA7IGCilzdkMB+YIEY=,TkLNRlJdiNiECqERQuzMgwE4AlY=
92,-1,/+7G5rBFPtA7IGCilzdkMB+YIEY=,TkLNRlJdiNiECqERQuzMgwE4AlY=
91,-1,/+7G5rBFPtA7IGCilzdkMB+YIEY=,TkLNRlJdiNiECqERQuzMgwE4AlY=
90,-1,/+7G5rBFPtA7IGCilzdkMB+YIEY=,TkLNRlJdiNiECqERQuzMgwE4AlY=
89,-1,/+7G5rBFPtA7IGCilzdkMB+YIEY=,TkLNRlJdiNiECqERQuzMgwE4AlY=
88,-1,/+7G5rBFPtA7IGCilzdkMB+YIEY=,TkLNRlJdiNiECqERQuzMgwE4AlY=
88,-3,/+7G5rBFPtA7IGCilzdkMB+YIEY=,TkLNRlJdiNiECqERQuzMgwE4AlY=
88,-2,/+7G5rBFPtA7IGCilzdkMB+YIEY=,TkLNRlJdiNiECqERQuzMgwE4AlY=
84,-4,/+7G5rBFPtA7IGCilzdkMB+YIEY=,I2RQL98h6CLYRowR0ccNLQHfrB0=
91,-4,/+7G5rBFPtA7IGCilzdkMB+YIEY=,TkLNRlJdiNiECqERQuzMgwE4AlY=
86,-1,/+7G5rBFPtA7IGCilzdkMB+YIEY=,I2RQL98h6CLYRowR0ccNLQHfrB0=
95,-7,/+7G5rBFPtA7IGCilzdkMB+YIEY=,TkLNRlJdiNiECqERQuzMgwE4AlY=
95,-3,/+7G5rBFPtA7IGCilzdkMB+YIEY=,TkLNRlJdiNiECqERQuzMgwE4AlY=
95,-4,/+7G5rBFPtA7IGCilzdkMB+YIEY=,TkLNRlJdiNiECqERQuzMgwE4AlY=
95,-6,/+7G5rBFPtA7IGCilzdkMB+YIEY=,TkLNRlJdiNiECqERQuzMgwE4AlY=
95,-2,/+7G5rBFPtA7IGCilzdkMB+YIEY=,TkLNRlJdiNiECqERQuzMgwE4AlY=
95,-8,/+7G5rBFPtA7IGCilzdkMB+YIEY=,TkLNRlJdiNiECqERQuzMgwE4AlY=
81,-4,/+7G5rBFPtA7IGCilzdkMB+YIEY=,I2RQL98h6CLYRowR0ccNLQHfrB0=
80,-1,/+7G5rBFPtA7IGCilzdkMB+YIEY=,I2RQL98h6CLYRowR0ccNLQHfrB0=
92,-5,/+7G5rBFPtA7IGCilzdkMB+YIEY=,TkLNRlJdiNiECqERQuzMgwE4AlY=
95,-5,/+7G5rBFPtA7IGCilzdkMB+YIEY=,TkLNRlJdiNiECqERQuzMgwE4AlY=
95,-1,/+7G5rBFPtA7IGCilzdkMB+YIEY=,TkLNRlJdiNiECqERQuzMgwE4AlY=
93,-4,/+7G5rBFPtA7IGCilzdkMB+YIEY=,TkLNRlJdiNiECqERQuzMgwE4AlY=
86,-8,/+7G5rBFPtA7IGCilzdkMB+YIEY=,I2RQL98h6CLYRowR0ccNLQHfrB0=
85,-8,/+7G5rBFPtA7IGCilzdkMB+YIEY=,I2RQL98h6CLYRowR0ccNLQHfrB0=
84,-8,/+7G5rBFPtA7IGCilzdkMB+YIEY=,I2RQL98h6CLYRowR0ccNLQHfrB0=
82,-8,/+7G5rBFPtA7IGCilzdkMB+YIEY=,I2RQL98h6CLYRowR0ccNLQHfrB0=
80,-8,/+7G5rBFPtA7IGCilzdkMB+YIEY=,I2RQL98h6CLYRowR0ccNLQHfrB0=
81,-8,/+7G5rBFPtA7IGCilzdkMB+YIEY=,I2RQL98h6CLYRowR0ccNLQHfrB0=
87,-9,/+7G5rBFPtA7IGCilzdkMB+YIEY=,I2RQL98h6CLYRowR0ccNLQHfrB0=
87,-8,/+7G5rBFPtA7IGCilzdkMB+YIEY=,I2RQL98h6CLYRowR0ccNLQHfrB0=
84,-9,/+7G5rBFPtA7IGCilzdkMB+YIEY=,I2RQL98h6CLYRowR0ccNLQHfrB0=
85,-9,/+7G5rBFPtA7IGCilzdkMB+YIEY=,I2RQL98h6CLYRowR0ccNLQHfrB0=
83,-9,/+7G5rBFPtA7IGCilzdkMB+YIEY=,I2RQL98h6CLYRowR0ccNLQHfrB0=
82,-9,/+7G5rBFPtA7IGCilzdkMB+YIEY=,I2RQL98h6CLYRowR0ccNLQHfrB0=
81,-9,/+7G5rBFPtA7IGCilzdkMB+YIEY=,I2RQL98h6CLYRowR0ccNLQHfrB0=
87,-10,/+7G5rBFPtA7IGCilzdkMB+YIEY=,I2RQL98h6CLYRowR0ccNLQHfrB0=
86,-10,/+7G5rBFPtA7IGCilzdkMB+YIEY=,I2RQL98h6CLYRowR0ccNLQHfrB0=
80,-9,/+7G5rBFPtA7IGCilzdkMB+YIEY=,I2RQL98h6CLYRowR0ccNLQHfrB0=
85,-10,/+7G5rBFPtA7IGCilzdkMB+YIEY=,I2RQL98h6CLYRowR0ccNLQHfrB0=
84,-10,/+7G5rBFPtA7IGCilzdkMB+YIEY=,I2RQL98h6CLYRowR0ccNLQHfrB0=
83,-10,/+7G5rBFPtA7IGCilzdkMB+YIEY=,I2RQL98h6CLYRowR0ccNLQHfrB0=
82,-10,/+7G5rBFPtA7IGCilzdkMB+YIEY=,I2RQL98h6CLYRowR0ccNLQHfrB0=
81,-10,/+7G5rBFPtA7IGCilzdkMB+YIEY=,I2RQL98h6CLYRowR0ccNLQHfrB0=
80,-10,/+7G5rBFPtA7IGCilzdkMB+YIEY=,I2RQL98h6CLYRowR0ccNLQHfrB0=
87,-11,/+7G5rBFPtA7IGCilzdkMB+YIEY=,I2RQL98h6CLYRowR0ccNLQHfrB0=
86,-11,/+7G5rBFPtA7IGCilzdkMB+YIEY=,I2RQL98h6CLYRowR0ccNLQHfrB0=
85,-11,/+7G5rBFPtA7IGCilzdkMB+YIEY=,I2RQL98h6CLYRowR0ccNLQHfrB0=
84,-11,/+7G5rBFPtA7IGCilzdkMB+YIEY=,I2RQL98h6CLYRowR0ccNLQHfrB0=
83,-11,/+7G5rBFPtA7IGCilzdkMB+YIEY=,I2RQL98h6CLYRowR0ccNLQHfrB0=
81,-11,/+7G5rBFPtA7IGCilzdkMB+YIEY=,I2RQL98h6CLYRowR0ccNLQHfrB0=
82,-11,/+7G5rBFPtA7IGCilzdkMB+YIEY=,I2RQL98h6CLYRowR0ccNLQHfrB0=
80,-11,/+7G5rBFPtA7IGCilzdkMB+YIEY=,I2RQL98h6CLYRowR0ccNLQHfrB0=
87,-12,/+7G5rBFPtA7IGCilzdkMB+YIEY=,I2RQL98h6CLYRowR0ccNLQHfrB0=
86,-12,/+7G5rBFPtA7IGCilzdkMB+YIEY=,I2RQL98h6CLYRowR0ccNLQHfrB0=
85,-12,/+7G5rBFPtA7IGCilzdkMB+YIEY=,I2RQL98h6CLYRowR0ccNLQHfrB0=
83,-12,/+7G5rBFPtA7IGCilzdkMB+YIEY=,I2RQL98h6CLYRowR0ccNLQHfrB0=
84,-12,/+7G5rBFPtA7IGCilzdkMB+YIEY=,I2RQL98h6CLYRowR0ccNLQHfrB0=
80,-12,/+7G5rBFPtA7IGCilzdkMB+YIEY=,I2RQL98h6CLYRowR0ccNLQHfrB0=
86,-13,/+7G5rBFPtA7IGCilzdkMB+YIEY=,I2RQL98h6CLYRowR0ccNLQHfrB0=
85,-13,/+7G5rBFPtA7IGCilzdkMB+YIEY=,I2RQL98h6CLYRowR0ccNLQHfrB0=
83,-13,/+7G5rBFPtA7IGCilzdkMB+YIEY=,I2RQL98h6CLYRowR0ccNLQHfrB0=
81,-13,/+7G5rBFPtA7IGCilzdkMB+YIEY=,I2RQL98h6CLYRowR0ccNLQHfrB0=
87,-14,/+7G5rBFPtA7IGCilzdkMB+YIEY=,I2RQL98h6CLYRowR0ccNLQHfrB0=
83,-14,/+7G5rBFPtA7IGCilzdkMB+YIEY=,I2RQL98h6CLYRowR0ccNLQHfrB0=
81,-14,/+7G5rBFPtA7IGCilzdkMB+YIEY=,I2RQL98h6CLYRowR0ccNLQHfrB0=
80,-14,/+7G5rBFPtA7IGCilzdkMB+YIEY=,I2RQL98h6CLYRowR0ccNLQHfrB0=
88,-8,/+7G5rBFPtA7IGCilzdkMB+YIEY=,TkLNRlJdiNiECqERQuzMgwE4AlY=
83,-6,/+7G5rBFPtA7IGCilzdkMB+YIEY=,I2RQL98h6CLYRowR0ccNLQHfrB0=
84,-5,/+7G5rBFPtA7IGCilzdkMB+YIEY=,I2RQL98h6CLYRowR0ccNLQHfrB0=
86,-5,/+7G5rBFPtA7IGCilzdkMB+YIEY=,I2RQL98h6CLYRowR0ccNLQHfrB0=
87,-15,/+7G5rBFPtA7IGCilzdkMB+YIEY=,I2RQL98h6CLYRowR0ccNLQHfrB0=
85,-5,/+7G5rBFPtA7IGCilzdkMB+YIEY=,I2RQL98h6CLYRowR0ccNLQHfrB0=
83,-7,/+7G5rBFPtA7IGCilzdkMB+YIEY=,I2RQL98h6CLYRowR0ccNLQHfrB0=
87,-16,/+7G5rBFPtA7IGCilzdkMB+YIEY=,I2RQL98h6CLYRowR0ccNLQHfrB0=
83,-8,/+7G5rBFPtA7IGCilzdkMB+YIEY=,I2RQL98h6CLYRowR0ccNLQHfrB0=
86,-9,/+7G5rBFPtA7IGCilzdkMB+YIEY=,I2RQL98h6CLYRowR0ccNLQHfrB0=
82,-14,/+7G5rBFPtA7IGCilzdkMB+YIEY=,I2RQL98h6CLYRowR0ccNLQHfrB0=
82,-12,/+7G5rBFPtA7IGCilzdkMB+YIEY=,I2RQL98h6CLYRowR0ccNLQHfrB0=
91,-5,/+7G5rBFPtA7IGCilzdkMB+YIEY=,TkLNRlJdiNiECqERQuzMgwE4AlY=
85,-15,/+7G5rBFPtA7IGCilzdkMB+YIEY=,I2RQL98h6CLYRowR0ccNLQHfrB0=
87,-13,/+7G5rBFPtA7IGCilzdkMB+YIEY=,I2RQL98h6CLYRowR0ccNLQHfrB0=
88,-5,/+7G5rBFPtA7IGCilzdkMB+YIEY=,TkLNRlJdiNiECqERQuzMgwE4AlY=
81,-12,/+7G5rBFPtA7IGCilzdkMB+YIEY=,I2RQL98h6CLYRowR0ccNLQHfrB0=
84,-13,/+7G5rBFPtA7IGCilzdkMB+YIEY=,I2RQL98h6CLYRowR0ccNLQHfrB0=
83,-16,/+7G5rBFPtA7IGCilzdkMB+YIEY=,I2RQL98h6CLYRowR0ccNLQHfrB0=
84,-16,/+7G5rBFPtA7IGCilzdkMB+YIEY=,I2RQL98h6CLYRowR0ccNLQHfrB0=
84,-15,/+7G5rBFPtA7IGCilzdkMB+YIEY=,I2RQL98h6CLYRowR0ccNLQHfrB0=
80,-13,/+7G5rBFPtA7IGCilzdkMB+YIEY=,I2RQL98h6CLYRowR0ccNLQHfrB0=
84,-14,/+7G5rBFPtA7IGCilzdkMB+YIEY=,I2RQL98h6CLYRowR0ccNLQHfrB0=
83,-15,/+7G5rBFPtA7IGCilzdkMB+YIEY=,I2RQL98h6CLYRowR0ccNLQHfrB0=
86,-14,/+7G5rBFPtA7IGCilzdkMB+YIEY=,I2RQL98h6CLYRowR0ccNLQHfrB0=
85,-14,/+7G5rBFPtA7IGCilzdkMB+YIEY=,I2RQL98h6CLYRowR0ccNLQHfrB0=
82,-13,/+7G5rBFPtA7IGCilzdkMB+YIEY=,I2RQL98h6CLYRowR0ccNLQHfrB0=
85,-16,/+7G5rBFPtA7IGCilzdkMB+YIEY=,I2RQL98h6CLYRowR0ccNLQHfrB0=
86,-16,/+7G5rBFPtA7IGCilzdkMB+YIEY=,I2RQL98h6CLYRowR0ccNLQHfrB0=
86,-15,/+7G5rBFPtA7IGCilzdkMB+YIEY=,I2RQL98h6CLYRowR0ccNLQHfrB0=
82,-16,/+7G5rBFPtA7IGCilzdkMB+YIEY=,I2RQL98h6CLYRowR0ccNLQHfrB0=
80,-15,/+7G5rBFPtA7IGCilzdkMB+YIEY=,I2RQL98h6CLYRowR0ccNLQHfrB0=
82,-15,/+7G5rBFPtA7IGCilzdkMB+YIEY=,I2RQL98h6CLYRowR0ccNLQHfrB0=
81,-15,/+7G5rBFPtA7IGCilzdkMB+YIEY=,I2RQL98h6CLYRowR0ccNLQHfrB0=
81,-16,/+7G5rBFPtA7IGCilzdkMB+YIEY=,I2RQL98h6CLYRowR0ccNLQHfrB0=
80,-16,/+7G5rBFPtA7IGCilzdkMB+YIEY=,I2RQL98h6CLYRowR0ccNLQHfrB0=
87,-22,PYGTeGLhMe14B7dhL6z6psTu8Ts=,sfg8AU+OQc3RfXlr0eHsor7WEIc=
87,-24,PYGTeGLhMe14B7dhL6z6psTu8Ts=,sfg8AU+OQc3RfXlr0eHsor7WEIc=
81,-20,PYGTeGLhMe14B7dhL6z6psTu8Ts=,sfg8AU+OQc3RfXlr0eHsor7WEIc=
86,-22,PYGTeGLhMe14B7dhL6z6psTu8Ts=,sfg8AU+OQc3RfXlr0eHsor7WEIc=
85,-22,PYGTeGLhMe14B7dhL6z6psTu8Ts=,sfg8AU+OQc3RfXlr0eHsor7WEIc=
81,-19,PYGTeGLhMe14B7dhL6z6psTu8Ts=,sfg8AU+OQc3RfXlr0eHsor7WEIc=
80,-20,PYGTeGLhMe14B7dhL6z6psTu8Ts=,sfg8AU+OQc3RfXlr0eHsor7WEIc=
87,-21,PYGTeGLhMe14B7dhL6z6psTu8Ts=,sfg8AU+OQc3RfXlr0eHsor7WEIc=
84,-22,PYGTeGLhMe14B7dhL6z6psTu8Ts=,sfg8AU+OQc3RfXlr0eHsor7WEIc=
82,-20,PYGTeGLhMe14B7dhL6z6psTu8Ts=,sfg8AU+OQc3RfXlr0eHsor7WEIc=
80,-19,PYGTeGLhMe14B7dhL6z6psTu8Ts=,sfg8AU+OQc3RfXlr0eHsor7WEIc=
86,-21,PYGTeGLhMe14B7dhL6z6psTu8Ts=,sfg8AU+OQc3RfXlr0eHsor7WEIc=
83,-20,PYGTeGLhMe14B7dhL6z6psTu8Ts=,sfg8AU+OQc3RfXlr0eHsor7WEIc=
87,-20,PYGTeGLhMe14B7dhL6z6psTu8Ts=,sfg8AU+OQc3RfXlr0eHsor7WEIc=
80,-21,PYGTeGLhMe14B7dhL6z6psTu8Ts=,sfg8AU+OQc3RfXlr0eHsor7WEIc=
83,-22,PYGTeGLhMe14B7dhL6z6psTu8Ts=,sfg8AU+OQc3RfXlr0eHsor7WEIc=
81,-21,PYGTeGLhMe14B7dhL6z6psTu8Ts=,sfg8AU+OQc3RfXlr0eHsor7WEIc=
82,-22,PYGTeGLhMe14B7dhL6z6psTu8Ts=,sfg8AU+OQc3RfXlr0eHsor7WEIc=
82,-21,PYGTeGLhMe14B7dhL6z6psTu8Ts=,sfg8AU+OQc3RfXlr0eHsor7WEIc=
87,-19,PYGTeGLhMe14B7dhL6z6psTu8Ts=,sfg8AU+OQc3RfXlr0eHsor7WEIc=
86,-24,PYGTeGLhMe14B7dhL6z6psTu8Ts=,sfg8AU+OQc3RfXlr0eHsor7WEIc=
85,-24,PYGTeGLhMe14B7dhL6z6psTu8Ts=,sfg8AU+OQc3RfXlr0eHsor7WEIc=
80,-24,PYGTeGLhMe14B7dhL6z6psTu8Ts=,sfg8AU+OQc3RfXlr0eHsor7WEIc=
81,-22,PYGTeGLhMe14B7dhL6z6psTu8Ts=,sfg8AU+OQc3RfXlr0eHsor7WEIc=
80,-22,PYGTeGLhMe14B7dhL6z6psTu8Ts=,sfg8AU+OQc3RfXlr0eHsor7WEIc=
83,-24,PYGTeGLhMe14B7dhL6z6psTu8Ts=,sfg8AU+OQc3RfXlr0eHsor7WEIc=
80,-23,PYGTeGLhMe14B7dhL6z6psTu8Ts=,sfg8AU+OQc3RfXlr0eHsor7WEIc=
86,-20,PYGTeGLhMe14B7dhL6z6psTu8Ts=,sfg8AU+OQc3RfXlr0eHsor7WEIc=
85,-20,PYGTeGLhMe14B7dhL6z6psTu8Ts=,sfg8AU+OQc3RfXlr0eHsor7WEIc=
81,-23,PYGTeGLhMe14B7dhL6z6psTu8Ts=,sfg8AU+OQc3RfXlr0eHsor7WEIc=
84,-24,PYGTeGLhMe14B7dhL6z6psTu8Ts=,sfg8AU+OQc3RfXlr0eHsor7WEIc=
85,-21,PYGTeGLhMe14B7dhL6z6psTu8Ts=,sfg8AU+OQc3RfXlr0eHsor7WEIc=
82,-24,PYGTeGLhMe14B7dhL6z6psTu8Ts=,sfg8AU+OQc3RfXlr0eHsor7WEIc=
84,-20,PYGTeGLhMe14B7dhL6z6psTu8Ts=,sfg8AU+OQc3RfXlr0eHsor7WEIc=
87,-23,PYGTeGLhMe14B7dhL6z6psTu8Ts=,sfg8AU+OQc3RfXlr0eHsor7WEIc=
85,-23,PYGTeGLhMe14B7dhL6z6psTu8Ts=,sfg8AU+OQc3RfXlr0eHsor7WEIc=
82,-23,PYGTeGLhMe14B7dhL6z6psTu8Ts=,sfg8AU+OQc3RfXlr0eHsor7WEIc=
81,-24,PYGTeGLhMe14B7dhL6z6psTu8Ts=,sfg8AU+OQc3RfXlr0eHsor7WEIc=
84,-23,PYGTeGLhMe14B7dhL6z6psTu8Ts=,sfg8AU+OQc3RfXlr0eHsor7WEIc=
83,-23,PYGTeGLhMe14B7dhL6z6psTu8Ts=,sfg8AU+OQc3RfXlr0eHsor7WEIc=
84,-21,PYGTeGLhMe14B7dhL6z6psTu8Ts=,sfg8AU+OQc3RfXlr0eHsor7WEIc=
83,-21,PYGTeGLhMe14B7dhL6z6psTu8Ts=,sfg8AU+OQc3RfXlr0eHsor7WEIc=
85,-19,PYGTeGLhMe14B7dhL6z6psTu8Ts=,sfg8AU+OQc3RfXlr0eHsor7WEIc=
86,-23,PYGTeGLhMe14B7dhL6z6psTu8Ts=,sfg8AU+OQc3RfXlr0eHsor7WEIc=
84,-19,PYGTeGLhMe14B7dhL6z6psTu8Ts=,sfg8AU+OQc3RfXlr0eHsor7WEIc=
82,-18,PYGTeGLhMe14B7dhL6z6psTu8Ts=,sfg8AU+OQc3RfXlr0eHsor7WEIc=
82,-19,PYGTeGLhMe14B7dhL6z6psTu8Ts=,sfg8AU+OQc3RfXlr0eHsor7WEIc=
80,-18,PYGTeGLhMe14B7dhL6z6psTu8Ts=,sfg8AU+OQc3RfXlr0eHsor7WEIc=
87,-17,PYGTeGLhMe14B7dhL6z6psTu8Ts=,sfg8AU+OQc3RfXlr0eHsor7WEIc=
81,-18,PYGTeGLhMe14B7dhL6z6psTu8Ts=,sfg8AU+OQc3RfXlr0eHsor7WEIc=
83,-19,PYGTeGLhMe14B7dhL6z6psTu8Ts=,sfg8AU+OQc3RfXlr0eHsor7WEIc=
83,-17,PYGTeGLhMe14B7dhL6z6psTu8Ts=,sfg8AU+OQc3RfXlr0eHsor7WEIc=
87,-18,PYGTeGLhMe14B7dhL6z6psTu8Ts=,sfg8AU+OQc3RfXlr0eHsor7WEIc=
84,-17,PYGTeGLhMe14B7dhL6z6psTu8Ts=,sfg8AU+OQc3RfXlr0eHsor7WEIc=
86,-19,PYGTeGLhMe14B7dhL6z6psTu8Ts=,sfg8AU+OQc3RfXlr0eHsor7WEIc=
84,-18,PYGTeGLhMe14B7dhL6z6psTu8Ts=,sfg8AU+OQc3RfXlr0eHsor7WEIc=
86,-17,PYGTeGLhMe14B7dhL6z6psTu8Ts=,sfg8AU+OQc3RfXlr0eHsor7WEIc=
83,-18,PYGTeGLhMe14B7dhL6z6psTu8Ts=,sfg8AU+OQc3RfXlr0eHsor7WEIc=
81,-17,PYGTeGLhMe14B7dhL6z6psTu8Ts=,sfg8AU+OQc3RfXlr0eHsor7WEIc=
82,-17,PYGTeGLhMe14B7dhL6z6psTu8Ts=,sfg8AU+OQc3RfXlr0eHsor7WEIc=
85,-17,PYGTeGLhMe14B7dhL6z6psTu8Ts=,sfg8AU+OQc3RfXlr0eHsor7WEIc=
86,-18,PYGTeGLhMe14B7dhL6z6psTu8Ts=,sfg8AU+OQc3RfXlr0eHsor7WEIc=
85,-18,PYGTeGLhMe14B7dhL6z6psTu8Ts=,sfg8AU+OQc3RfXlr0eHsor7WEIc=
80,-17,PYGTeGLhMe14B7dhL6z6psTu8Ts=,sfg8AU+OQc3RfXlr0eHsor7WEIc=
74,-23,vVQwjwhANOAg2VWYiihWt+KdBRE=,I2RQL98h6CLYRowR0ccNLQHfrB0=
77,-18,vVQwjwhANOAg2VWYiihWt+KdBRE=,I2RQL98h6CLYRowR0ccNLQHfrB0=
76,-18,vVQwjwhANOAg2VWYiihWt+KdBRE=,I2RQL98h6CLYRowR0ccNLQHfrB0=
75,-20,vVQwjwhANOAg2VWYiihWt+KdBRE=,I2RQL98h6CLYRowR0ccNLQHfrB0=
73,-23,vVQwjwhANOAg2VWYiihWt+KdBRE=,I2RQL98h6CLYRowR0ccNLQHfrB0=
75,-19,vVQwjwhANOAg2VWYiihWt+KdBRE=,I2RQL98h6CLYRowR0ccNLQHfrB0=
74,-20,vVQwjwhANOAg2VWYiihWt+KdBRE=,I2RQL98h6CLYRowR0ccNLQHfrB0=
73,-21,vVQwjwhANOAg2VWYiihWt+KdBRE=,I2RQL98h6CLYRowR0ccNLQHfrB0=
74,-18,vVQwjwhANOAg2VWYiihWt+KdBRE=,I2RQL98h6CLYRowR0ccNLQHfrB0=
77,-24,vVQwjwhANOAg2VWYiihWt+KdBRE=,I2RQL98h6CLYRowR0ccNLQHfrB0=
73,-20,vVQwjwhANOAg2VWYiihWt+KdBRE=,I2RQL98h6CLYRowR0ccNLQHfrB0=
74,-19,vVQwjwhANOAg2VWYiihWt+KdBRE=,I2RQL98h6CLYRowR0ccNLQHfrB0=
73,-18,vVQwjwhANOAg2VWYiihWt+KdBRE=,I2RQL98h6CLYRowR0ccNLQHfrB0=
73,-19,vVQwjwhANOAg2VWYiihWt+KdBRE=,I2RQL98h6CLYRowR0ccNLQHfrB0=
78,-21,vVQwjwhANOAg2VWYiihWt+KdBRE=,I2RQL98h6CLYRowR0ccNLQHfrB0=
77,-21,vVQwjwhANOAg2VWYiihWt+KdBRE=,I2RQL98h6CLYRowR0ccNLQHfrB0=
76,-21,vVQwjwhANOAg2VWYiihWt+KdBRE=,I2RQL98h6CLYRowR0ccNLQHfrB0=
75,-24,vVQwjwhANOAg2VWYiihWt+KdBRE=,I2RQL98h6CLYRowR0ccNLQHfrB0=
75,-21,vVQwjwhANOAg2VWYiihWt+KdBRE=,I2RQL98h6CLYRowR0ccNLQHfrB0=
78,-24,vVQwjwhANOAg2VWYiihWt+KdBRE=,I2RQL98h6CLYRowR0ccNLQHfrB0=
78,-19,vVQwjwhANOAg2VWYiihWt+KdBRE=,I2RQL98h6CLYRowR0ccNLQHfrB0=
74,-21,vVQwjwhANOAg2VWYiihWt+KdBRE=,I2RQL98h6CLYRowR0ccNLQHfrB0=
78,-22,vVQwjwhANOAg2VWYiihWt+KdBRE=,I2RQL98h6CLYRowR0ccNLQHfrB0=
78,-20,vVQwjwhANOAg2VWYiihWt+KdBRE=,I2RQL98h6CLYRowR0ccNLQHfrB0=
77,-22,vVQwjwhANOAg2VWYiihWt+KdBRE=,I2RQL98h6CLYRowR0ccNLQHfrB0=
73,-22,vVQwjwhANOAg2VWYiihWt+KdBRE=,I2RQL98h6CLYRowR0ccNLQHfrB0=
77,-20,vVQwjwhANOAg2VWYiihWt+KdBRE=,I2RQL98h6CLYRowR0ccNLQHfrB0=
73,-24,vVQwjwhANOAg2VWYiihWt+KdBRE=,I2RQL98h6CLYRowR0ccNLQHfrB0=
77,-19,vVQwjwhANOAg2VWYiihWt+KdBRE=,I2RQL98h6CLYRowR0ccNLQHfrB0=
76,-22,vVQwjwhANOAg2VWYiihWt+KdBRE=,I2RQL98h6CLYRowR0ccNLQHfrB0=
75,-22,vVQwjwhANOAg2VWYiihWt+KdBRE=,I2RQL98h6CLYRowR0ccNLQHfrB0=
74,-22,vVQwjwhANOAg2VWYiihWt+KdBRE=,I2RQL98h6CLYRowR0ccNLQHfrB0=
76,-24,vVQwjwhANOAg2VWYiihWt+KdBRE=,I2RQL98h6CLYRowR0ccNLQHfrB0=
76,-20,enIave9csqD3LbnWchETKzyfFoQ=,I2RQL98h6CLYRowR0ccNLQHfrB0=
78,-23,enIave9csqD3LbnWchETKzyfFoQ=,I2RQL98h6CLYRowR0ccNLQHfrB0=
76,-19,enIave9csqD3LbnWchETKzyfFoQ=,I2RQL98h6CLYRowR0ccNLQHfrB0=
74,-24,enIave9csqD3LbnWchETKzyfFoQ=,I2RQL98h6CLYRowR0ccNLQHfrB0=
78,-18,enIave9csqD3LbnWchETKzyfFoQ=,I2RQL98h6CLYRowR0ccNLQHfrB0=
76,-23,enIave9csqD3LbnWchETKzyfFoQ=,I2RQL98h6CLYRowR0ccNLQHfrB0=
77,-23,enIave9csqD3LbnWchETKzyfFoQ=,I2RQL98h6CLYRowR0ccNLQHfrB0=
75,-23,enIave9csqD3LbnWchETKzyfFoQ=,I2RQL98h6CLYRowR0ccNLQHfrB0=
65,-22,enIave9csqD3LbnWchETKzyfFoQ=,sfg8AU+OQc3RfXlr0eHsor7WEIc=
66,-22,enIave9csqD3LbnWchETKzyfFoQ=,sfg8AU+OQc3RfXlr0eHsor7WEIc=
68,-22,enIave9csqD3LbnWchETKzyfFoQ=,sfg8AU+OQc3RfXlr0eHsor7WEIc=
72,-24,enIave9csqD3LbnWchETKzyfFoQ=,I2RQL98h6CLYRowR0ccNLQHfrB0=
69,-22,enIave9csqD3LbnWchETKzyfFoQ=,sfg8AU+OQc3RfXlr0eHsor7WEIc=
67,-22,enIave9csqD3LbnWchETKzyfFoQ=,sfg8AU+OQc3RfXlr0eHsor7WEIc=
70,-22,enIave9csqD3LbnWchETKzyfFoQ=,sfg8AU+OQc3RfXlr0eHsor7WEIc=
71,-22,enIave9csqD3LbnWchETKzyfFoQ=,sfg8AU+OQc3RfXlr0eHsor7WEIc=
65,-21,enIave9csqD3LbnWchETKzyfFoQ=,sfg8AU+OQc3RfXlr0eHsor7WEIc=
66,-21,enIave9csqD3LbnWchETKzyfFoQ=,sfg8AU+OQc3RfXlr0eHsor7WEIc=
67,-21,enIave9csqD3LbnWchETKzyfFoQ=,sfg8AU+OQc3RfXlr0eHsor7WEIc=
68,-21,enIave9csqD3LbnWchETKzyfFoQ=,sfg8AU+OQc3RfXlr0eHsor7WEIc=
69,-21,enIave9csqD3LbnWchETKzyfFoQ=,sfg8AU+OQc3RfXlr0eHsor7WEIc=
70,-21,enIave9csqD3LbnWchETKzyfFoQ=,sfg8AU+OQc3RfXlr0eHsor7WEIc=
71,-21,enIave9csqD3LbnWchETKzyfFoQ=,sfg8AU+OQc3RfXlr0eHsor7WEIc=
65,-20,enIave9csqD3LbnWchETKzyfFoQ=,sfg8AU+OQc3RfXlr0eHsor7WEIc=
66,-20,enIave9csqD3LbnWchETKzyfFoQ=,sfg8AU+OQc3RfXlr0eHsor7WEIc=
67,-20,enIave9csqD3LbnWchETKzyfFoQ=,sfg8AU+OQc3RfXlr0eHsor7WEIc=
65,-24,enIave9csqD3LbnWchETKzyfFoQ=,sfg8AU+OQc3RfXlr0eHsor7WEIc=
66,-24,enIave9csqD3LbnWchETKzyfFoQ=,sfg8AU+OQc3RfXlr0eHsor7WEIc=
68,-20,enIave9csqD3LbnWchETKzyfFoQ=,sfg8AU+OQc3RfXlr0eHsor7WEIc=
69,-20,enIave9csqD3LbnWchETKzyfFoQ=,sfg8AU+OQc3RfXlr0eHsor7WEIc=
67,-24,enIave9csqD3LbnWchETKzyfFoQ=,sfg8AU+OQc3RfXlr0eHsor7WEIc=
70,-20,enIave9csqD3LbnWchETKzyfFoQ=,sfg8AU+OQc3RfXlr0eHsor7WEIc=
68,-24,enIave9csqD3LbnWchETKzyfFoQ=,sfg8AU+OQc3RfXlr0eHsor7WEIc=
69,-24,enIave9csqD3LbnWchETKzyfFoQ=,sfg8AU+OQc3RfXlr0eHsor7WEIc=
72,-23,enIave9csqD3LbnWchETKzyfFoQ=,I2RQL98h6CLYRowR0ccNLQHfrB0=
70,-24,enIave9csqD3LbnWchETKzyfFoQ=,sfg8AU+OQc3RfXlr0eHsor7WEIc=
71,-20,enIave9csqD3LbnWchETKzyfFoQ=,sfg8AU+OQc3RfXlr0eHsor7WEIc=
71,-24,enIave9csqD3LbnWchETKzyfFoQ=,sfg8AU+OQc3RfXlr0eHsor7WEIc=
65,-19,enIave9csqD3LbnWchETKzyfFoQ=,sfg8AU+OQc3RfXlr0eHsor7WEIc=
72,-22,enIave9csqD3LbnWchETKzyfFoQ=,I2RQL98h6CLYRowR0ccNLQHfrB0=
67,-19,enIave9csqD3LbnWchETKzyfFoQ=,sfg8AU+OQc3RfXlr0eHsor7WEIc=
68,-19,enIave9csqD3LbnWchETKzyfFoQ=,sfg8AU+OQc3RfXlr0eHsor7WEIc=
69,-19,enIave9csqD3LbnWchETKzyfFoQ=,sfg8AU+OQc3RfXlr0eHsor7WEIc=
70,-19,enIave9csqD3LbnWchETKzyfFoQ=,sfg8AU+OQc3RfXlr0eHsor7WEIc=
71,-19,enIave9csqD3LbnWchETKzyfFoQ=,sfg8AU+OQc3RfXlr0eHsor7WEIc=
72,-19,enIave9csqD3LbnWchETKzyfFoQ=,I2RQL98h6CLYRowR0ccNLQHfrB0=
66,-18,enIave9csqD3LbnWchETKzyfFoQ=,sfg8AU+OQc3RfXlr0eHsor7WEIc=
67,-18,enIave9csqD3LbnWchETKzyfFoQ=,sfg8AU+OQc3RfXlr0eHsor7WEIc=
65,-23,enIave9csqD3LbnWchETKzyfFoQ=,sfg8AU+OQc3RfXlr0eHsor7WEIc=
68,-18,enIave9csqD3LbnWchETKzyfFoQ=,sfg8AU+OQc3RfXlr0eHsor7WEIc=
66,-23,enIave9csqD3LbnWchETKzyfFoQ=,sfg8AU+OQc3RfXlr0eHsor7WEIc=
68,-23,enIave9csqD3LbnWchETKzyfFoQ=,sfg8AU+OQc3RfXlr0eHsor7WEIc=
67,-23,enIave9csqD3LbnWchETKzyfFoQ=,sfg8AU+OQc3RfXlr0eHsor7WEIc=
69,-18,enIave9csqD3LbnWchETKzyfFoQ=,sfg8AU+OQc3RfXlr0eHsor7WEIc=
69,-23,enIave9csqD3LbnWchETKzyfFoQ=,sfg8AU+OQc3RfXlr0eHsor7WEIc=
72,-18,enIave9csqD3LbnWchETKzyfFoQ=,I2RQL98h6CLYRowR0ccNLQHfrB0=
70,-18,enIave9csqD3LbnWchETKzyfFoQ=,sfg8AU+OQc3RfXlr0eHsor7WEIc=
72,-20,enIave9csqD3LbnWchETKzyfFoQ=,I2RQL98h6CLYRowR0ccNLQHfrB0=
71,-18,enIave9csqD3LbnWchETKzyfFoQ=,sfg8AU+OQc3RfXlr0eHsor7WEIc=
70,-23,enIave9csqD3LbnWchETKzyfFoQ=,sfg8AU+OQc3RfXlr0eHsor7WEIc=
72,-21,enIave9csqD3LbnWchETKzyfFoQ=,I2RQL98h6CLYRowR0ccNLQHfrB0=
71,-23,enIave9csqD3LbnWchETKzyfFoQ=,sfg8AU+OQc3RfXlr0eHsor7WEIc=
67,-17,enIave9csqD3LbnWchETKzyfFoQ=,sfg8AU+OQc3RfXlr0eHsor7WEIc=
69,-17,enIave9csqD3LbnWchETKzyfFoQ=,sfg8AU+OQc3RfXlr0eHsor7WEIc=
70,-17,enIave9csqD3LbnWchETKzyfFoQ=,sfg8AU+OQc3RfXlr0eHsor7WEIc=
77,-17,enIave9csqD3LbnWchETKzyfFoQ=,I2RQL98h6CLYRowR0ccNLQHfrB0=
71,-17,enIave9csqD3LbnWchETKzyfFoQ=,sfg8AU+OQc3RfXlr0eHsor7WEIc=
72,-17,enIave9csqD3LbnWchETKzyfFoQ=,I2RQL98h6CLYRowR0ccNLQHfrB0=
68,-17,enIave9csqD3LbnWchETKzyfFoQ=,sfg8AU+OQc3RfXlr0eHsor7WEIc=
75,-18,enIave9csqD3LbnWchETKzyfFoQ=,I2RQL98h6CLYRowR0ccNLQHfrB0=
73,-17,enIave9csqD3LbnWchETKzyfFoQ=,I2RQL98h6CLYRowR0ccNLQHfrB0=
64,-22,enIave9csqD3LbnWchETKzyfFoQ=,sfg8AU+OQc3RfXlr0eHsor7WEIc=
64,-21,enIave9csqD3LbnWchETKzyfFoQ=,sfg8AU+OQc3RfXlr0eHsor7WEIc=
64,-20,enIave9csqD3LbnWchETKzyfFoQ=,sfg8AU+OQc3RfXlr0eHsor7WEIc=
64,-24,enIave9csqD3LbnWchETKzyfFoQ=,sfg8AU+OQc3RfXlr0eHsor7WEIc=
64,-19,enIave9csqD3LbnWchETKzyfFoQ=,sfg8AU+OQc3RfXlr0eHsor7WEIc=
64,-23,enIave9csqD3LbnWchETKzyfFoQ=,sfg8AU+OQc3RfXlr0eHsor7WEIc=
75,-17,enIave9csqD3LbnWchETKzyfFoQ=,I2RQL98h6CLYRowR0ccNLQHfrB0=
74,-17,enIave9csqD3LbnWchETKzyfFoQ=,I2RQL98h6CLYRowR0ccNLQHfrB0=
79,-23,enIave9csqD3LbnWchETKzyfFoQ=,I2RQL98h6CLYRowR0ccNLQHfrB0=
79,-18,enIave9csqD3LbnWchETKzyfFoQ=,I2RQL98h6CLYRowR0ccNLQHfrB0=
79,-20,enIave9csqD3LbnWchETKzyfFoQ=,I2RQL98h6CLYRowR0ccNLQHfrB0=
79,-22,enIave9csqD3LbnWchETKzyfFoQ=,I2RQL98h6CLYRowR0ccNLQHfrB0=
79,-19,enIave9csqD3LbnWchETKzyfFoQ=,I2RQL98h6CLYRowR0ccNLQHfrB0=
79,-21,enIave9csqD3LbnWchETKzyfFoQ=,I2RQL98h6CLYRowR0ccNLQHfrB0=
79,-24,enIave9csqD3LbnWchETKzyfFoQ=,I2RQL98h6CLYRowR0ccNLQHfrB0=
66,-19,enIave9csqD3LbnWchETKzyfFoQ=,sfg8AU+OQc3RfXlr0eHsor7WEIc=
65,-18,enIave9csqD3LbnWchETKzyfFoQ=,sfg8AU+OQc3RfXlr0eHsor7WEIc=
78,-17,enIave9csqD3LbnWchETKzyfFoQ=,I2RQL98h6CLYRowR0ccNLQHfrB0=
79,-17,enIave9csqD3LbnWchETKzyfFoQ=,I2RQL98h6CLYRowR0ccNLQHfrB0=
76,-17,enIave9csqD3LbnWchETKzyfFoQ=,I2RQL98h6CLYRowR0ccNLQHfrB0=
66,-17,enIave9csqD3LbnWchETKzyfFoQ=,sfg8AU+OQc3RfXlr0eHsor7WEIc=
64,-17,enIave9csqD3LbnWchETKzyfFoQ=,sfg8AU+OQc3RfXlr0eHsor7WEIc=
64,-18,enIave9csqD3LbnWchETKzyfFoQ=,sfg8AU+OQc3RfXlr0eHsor7WEIc=
65,-17,enIave9csqD3LbnWchETKzyfFoQ=,sfg8AU+OQc3RfXlr0eHsor7WEIc=
74,-4,enIave9csqD3LbnWchETKzyfFoQ=,TkLNRlJdiNiECqERQuzMgwE4AlY=
75,-3,enIave9csqD3LbnWchETKzyfFoQ=,TkLNRlJdiNiECqERQuzMgwE4AlY=
73,-4,enIave9csqD3LbnWchETKzyfFoQ=,TkLNRlJdiNiECqERQuzMgwE4AlY=
78,-5,enIave9csqD3LbnWchETKzyfFoQ=,TkLNRlJdiNiECqERQuzMgwE4AlY=
74,-2,enIave9csqD3LbnWchETKzyfFoQ=,TkLNRlJdiNiECqERQuzMgwE4AlY=
77,-5,enIave9csqD3LbnWchETKzyfFoQ=,TkLNRlJdiNiECqERQuzMgwE4AlY=
76,-5,enIave9csqD3LbnWchETKzyfFoQ=,TkLNRlJdiNiECqERQuzMgwE4AlY=
75,-5,enIave9csqD3LbnWchETKzyfFoQ=,TkLNRlJdiNiECqERQuzMgwE4AlY=
74,-5,enIave9csqD3LbnWchETKzyfFoQ=,TkLNRlJdiNiECqERQuzMgwE4AlY=
73,-2,enIave9csqD3LbnWchETKzyfFoQ=,TkLNRlJdiNiECqERQuzMgwE4AlY=
77,-6,enIave9csqD3LbnWchETKzyfFoQ=,TkLNRlJdiNiECqERQuzMgwE4AlY=
74,-3,enIave9csqD3LbnWchETKzyfFoQ=,TkLNRlJdiNiECqERQuzMgwE4AlY=
76,-6,enIave9csqD3LbnWchETKzyfFoQ=,TkLNRlJdiNiECqERQuzMgwE4AlY=
78,-7,enIave9csqD3LbnWchETKzyfFoQ=,TkLNRlJdiNiECqERQuzMgwE4AlY=
76,-7,enIave9csqD3LbnWchETKzyfFoQ=,TkLNRlJdiNiECqERQuzMgwE4AlY=
73,-3,enIave9csqD3LbnWchETKzyfFoQ=,TkLNRlJdiNiECqERQuzMgwE4AlY=
75,-7,enIave9csqD3LbnWchETKzyfFoQ=,TkLNRlJdiNiECqERQuzMgwE4AlY=
78,-4,enIave9csqD3LbnWchETKzyfFoQ=,TkLNRlJdiNiECqERQuzMgwE4AlY=
78,-3,enIave9csqD3LbnWchETKzyfFoQ=,TkLNRlJdiNiECqERQuzMgwE4AlY=
77,-4,enIave9csqD3LbnWchETKzyfFoQ=,TkLNRlJdiNiECqERQuzMgwE4AlY=
74,-6,enIave9csqD3LbnWchETKzyfFoQ=,TkLNRlJdiNiECqERQuzMgwE4AlY=
73,-6,enIave9csqD3LbnWchETKzyfFoQ=,TkLNRlJdiNiECqERQuzMgwE4AlY=
76,-4,enIave9csqD3LbnWchETKzyfFoQ=,TkLNRlJdiNiECqERQuzMgwE4AlY=
75,-4,enIave9csqD3LbnWchETKzyfFoQ=,TkLNRlJdiNiECqERQuzMgwE4AlY=
77,-3,enIave9csqD3LbnWchETKzyfFoQ=,TkLNRlJdiNiECqERQuzMgwE4AlY=
74,-7,enIave9csqD3LbnWchETKzyfFoQ=,TkLNRlJdiNiECqERQuzMgwE4AlY=
76,-3,enIave9csqD3LbnWchETKzyfFoQ=,TkLNRlJdiNiECqERQuzMgwE4AlY=
73,-7,enIave9csqD3LbnWchETKzyfFoQ=,TkLNRlJdiNiECqERQuzMgwE4AlY=
73,-10,enIave9csqD3LbnWchETKzyfFoQ=,TkLNRlJdiNiECqERQuzMgwE4AlY=
74,-10,UF53YXC/RC3OyBWHrSiBdvHM/yo=,TkLNRlJdiNiECqERQuzMgwE4AlY=
77,-11,UF53YXC/RC3OyBWHrSiBdvHM/yo=,TkLNRlJdiNiECqERQuzMgwE4AlY=
78,-11,UF53YXC/RC3OyBWHrSiBdvHM/yo=,TkLNRlJdiNiECqERQuzMgwE4AlY=
76,-11,UF53YXC/RC3OyBWHrSiBdvHM/yo=,TkLNRlJdiNiECqERQuzMgwE4AlY=
75,-11,UF53YXC/RC3OyBWHrSiBdvHM/yo=,TkLNRlJdiNiECqERQuzMgwE4AlY=
74,-11,UF53YXC/RC3OyBWHrSiBdvHM/yo=,TkLNRlJdiNiECqERQuzMgwE4AlY=
77,-8,tXOz+A9sB52kE6bVbzy46bWGf60=,TkLNRlJdiNiECqERQuzMgwE4AlY=
78,-12,tXOz+A9sB52kE6bVbzy46bWGf60=,TkLNRlJdiNiECqERQuzMgwE4AlY=
73,-11,tXOz+A9sB52kE6bVbzy46bWGf60=,TkLNRlJdiNiECqERQuzMgwE4AlY=
77,-12,tXOz+A9sB52kE6bVbzy46bWGf60=,TkLNRlJdiNiECqERQuzMgwE4AlY=
76,-12,tXOz+A9sB52kE6bVbzy46bWGf60=,TkLNRlJdiNiECqERQuzMgwE4AlY=
75,-12,tXOz+A9sB52kE6bVbzy46bWGf60=,TkLNRlJdiNiECqERQuzMgwE4AlY=
73,-12,tXOz+A9sB52kE6bVbzy46bWGf60=,TkLNRlJdiNiECqERQuzMgwE4AlY=
74,-12,tXOz+A9sB52kE6bVbzy46bWGf60=,TkLNRlJdiNiECqERQuzMgwE4AlY=
76,-8,tXOz+A9sB52kE6bVbzy46bWGf60=,TkLNRlJdiNiECqERQuzMgwE4AlY=
78,-13,tXOz+A9sB52kE6bVbzy46bWGf60=,TkLNRlJdiNiECqERQuzMgwE4AlY=
77,-13,tXOz+A9sB52kE6bVbzy46bWGf60=,TkLNRlJdiNiECqERQuzMgwE4AlY=
76,-13,tXOz+A9sB52kE6bVbzy46bWGf60=,TkLNRlJdiNiECqERQuzMgwE4AlY=
75,-13,tXOz+A9sB52kE6bVbzy46bWGf60=,TkLNRlJdiNiECqERQuzMgwE4AlY=
73,-13,tXOz+A9sB52kE6bVbzy46bWGf60=,TkLNRlJdiNiECqERQuzMgwE4AlY=
74,-13,tXOz+A9sB52kE6bVbzy46bWGf60=,TkLNRlJdiNiECqERQuzMgwE4AlY=
78,-14,tXOz+A9sB52kE6bVbzy46bWGf60=,TkLNRlJdiNiECqERQuzMgwE4AlY=
77,-14,tXOz+A9sB52kE6bVbzy46bWGf60=,TkLNRlJdiNiECqERQuzMgwE4AlY=
76,-14,tXOz+A9sB52kE6bVbzy46bWGf60=,TkLNRlJdiNiECqERQuzMgwE4AlY=
75,-8,tXOz+A9sB52kE6bVbzy46bWGf60=,TkLNRlJdiNiECqERQuzMgwE4AlY=
78,-9,tXOz+A9sB52kE6bVbzy46bWGf60=,TkLNRlJdiNiECqERQuzMgwE4AlY=
77,-9,tXOz+A9sB52kE6bVbzy46bWGf60=,TkLNRlJdiNiECqERQuzMgwE4AlY=
73,-14,tXOz+A9sB52kE6bVbzy46bWGf60=,TkLNRlJdiNiECqERQuzMgwE4AlY=
76,-9,tXOz+A9sB52kE6bVbzy46bWGf60=,TkLNRlJdiNiECqERQuzMgwE4AlY=
75,-9,tXOz+A9sB52kE6bVbzy46bWGf60=,TkLNRlJdiNiECqERQuzMgwE4AlY=
77,-15,tXOz+A9sB52kE6bVbzy46bWGf60=,TkLNRlJdiNiECqERQuzMgwE4AlY=
78,-15,tXOz+A9sB52kE6bVbzy46bWGf60=,TkLNRlJdiNiECqERQuzMgwE4AlY=
74,-9,tXOz+A9sB52kE6bVbzy46bWGf60=,TkLNRlJdiNiECqERQuzMgwE4AlY=
74,-8,tXOz+A9sB52kE6bVbzy46bWGf60=,TkLNRlJdiNiECqERQuzMgwE4AlY=
78,-10,tXOz+A9sB52kE6bVbzy46bWGf60=,TkLNRlJdiNiECqERQuzMgwE4AlY=
77,-10,tXOz+A9sB52kE6bVbzy46bWGf60=,TkLNRlJdiNiECqERQuzMgwE4AlY=
76,-10,tXOz+A9sB52kE6bVbzy46bWGf60=,TkLNRlJdiNiECqERQuzMgwE4AlY=
75,-10,tXOz+A9sB52kE6bVbzy46bWGf60=,TkLNRlJdiNiECqERQuzMgwE4AlY=
72,-10,tXOz+A9sB52kE6bVbzy46bWGf60=,TkLNRlJdiNiECqERQuzMgwE4AlY=
72,-13,tXOz+A9sB52kE6bVbzy46bWGf60=,TkLNRlJdiNiECqERQuzMgwE4AlY=
65,-13,tXOz+A9sB52kE6bVbzy46bWGf60=,sfg8AU+OQc3RfXlr0eHsor7WEIc=
72,-12,tXOz+A9sB52kE6bVbzy46bWGf60=,TkLNRlJdiNiECqERQuzMgwE4AlY=
66,-13,tXOz+A9sB52kE6bVbzy46bWGf60=,sfg8AU+OQc3RfXlr0eHsor7WEIc=
67,-13,tXOz+A9sB52kE6bVbzy46bWGf60=,sfg8AU+OQc3RfXlr0eHsor7WEIc=
68,-13,tXOz+A9sB52kE6bVbzy46bWGf60=,sfg8AU+OQc3RfXlr0eHsor7WEIc=
69,-13,tXOz+A9sB52kE6bVbzy46bWGf60=,sfg8AU+OQc3RfXlr0eHsor7WEIc=
70,-13,tXOz+A9sB52kE6bVbzy46bWGf60=,sfg8AU+OQc3RfXlr0eHsor7WEIc=
71,-13,tXOz+A9sB52kE6bVbzy46bWGf60=,sfg8AU+OQc3RfXlr0eHsor7WEIc=
65,-12,tXOz+A9sB52kE6bVbzy46bWGf60=,sfg8AU+OQc3RfXlr0eHsor7WEIc=
67,-15,tXOz+A9sB52kE6bVbzy46bWGf60=,sfg8AU+OQc3RfXlr0eHsor7WEIc=
72,-11,tXOz+A9sB52kE6bVbzy46bWGf60=,TkLNRlJdiNiECqERQuzMgwE4AlY=
66,-12,tXOz+A9sB52kE6bVbzy46bWGf60=,sfg8AU+OQc3RfXlr0eHsor7WEIc=
68,-15,tXOz+A9sB52kE6bVbzy46bWGf60=,sfg8AU+OQc3RfXlr0eHsor7WEIc=
67,-12,tXOz+A9sB52kE6bVbzy46bWGf60=,sfg8AU+OQc3RfXlr0eHsor7WEIc=
68,-12,tXOz+A9sB52kE6bVbzy46bWGf60=,sfg8AU+OQc3RfXlr0eHsor7WEIc=
69,-12,tXOz+A9sB52kE6bVbzy46bWGf60=,sfg8AU+OQc3RfXlr0eHsor7WEIc=
70,-12,tXOz+A9sB52kE6bVbzy46bWGf60=,sfg8AU+OQc3RfXlr0eHsor7WEIc=
71,-12,tXOz+A9sB52kE6bVbzy46bWGf60=,sfg8AU+OQc3RfXlr0eHsor7WEIc=
69,-15,tXOz+A9sB52kE6bVbzy46bWGf60=,sfg8AU+OQc3RfXlr0eHsor7WEIc=
71,-15,tXOz+A9sB52kE6bVbzy46bWGf60=,sfg8AU+OQc3RfXlr0eHsor7WEIc=
65,-11,tXOz+A9sB52kE6bVbzy46bWGf60=,sfg8AU+OQc3RfXlr0eHsor7WEIc=
65,-14,tXOz+A9sB52kE6bVbzy46bWGf60=,sfg8AU+OQc3RfXlr0eHsor7WEIc=
66,-14,tXOz+A9sB52kE6bVbzy46bWGf60=,sfg8AU+OQc3RfXlr0eHsor7WEIc=
67,-14,tXOz+A9sB52kE6bVbzy46bWGf60=,sfg8AU+OQc3RfXlr0eHsor7WEIc=
67,-11,tXOz+A9sB52kE6bVbzy46bWGf60=,sfg8AU+OQc3RfXlr0eHsor7WEIc=
68,-11,tXOz+A9sB52kE6bVbzy46bWGf60=,sfg8AU+OQc3RfXlr0eHsor7WEIc=
69,-11,tXOz+A9sB52kE6bVbzy46bWGf60=,sfg8AU+OQc3RfXlr0eHsor7WEIc=
70,-11,tXOz+A9sB52kE6bVbzy46bWGf60=,sfg8AU+OQc3RfXlr0eHsor7WEIc=
71,-11,tXOz+A9sB52kE6bVbzy46bWGf60=,sfg8AU+OQc3RfXlr0eHsor7WEIc=
68,-14,tXOz+A9sB52kE6bVbzy46bWGf60=,sfg8AU+OQc3RfXlr0eHsor7WEIc=
66,-10,tXOz+A9sB52kE6bVbzy46bWGf60=,sfg8AU+OQc3RfXlr0eHsor7WEIc=
67,-10,tXOz+A9sB52kE6bVbzy46bWGf60=,sfg8AU+OQc3RfXlr0eHsor7WEIc=
66,-11,tXOz+A9sB52kE6bVbzy46bWGf60=,sfg8AU+OQc3RfXlr0eHsor7WEIc=
69,-14,tXOz+A9sB52kE6bVbzy46bWGf60=,sfg8AU+OQc3RfXlr0eHsor7WEIc=
70,-14,tXOz+A9sB52kE6bVbzy46bWGf60=,sfg8AU+OQc3RfXlr0eHsor7WEIc=
72,-7,tXOz+A9sB52kE6bVbzy46bWGf60=,TkLNRlJdiNiECqERQuzMgwE4AlY=
68,-2,tXOz+A9sB52kE6bVbzy46bWGf60=,I2RQL98h6CLYRowR0ccNLQHfrB0=
69,-2,tXOz+A9sB52kE6bVbzy46bWGf60=,I2RQL98h6CLYRowR0ccNLQHfrB0=
65,-9,tXOz+A9sB52kE6bVbzy46bWGf60=,sfg8AU+OQc3RfXlr0eHsor7WEIc=
67,-9,tXOz+A9sB52kE6bVbzy46bWGf60=,sfg8AU+OQc3RfXlr0eHsor7WEIc=
69,-9,tXOz+A9sB52kE6bVbzy46bWGf60=,sfg8AU+OQc3RfXlr0eHsor7WEIc=
72,-8,tXOz+A9sB52kE6bVbzy46bWGf60=,TkLNRlJdiNiECqERQuzMgwE4AlY=
72,-9,tXOz+A9sB52kE6bVbzy46bWGf60=,TkLNRlJdiNiECqERQuzMgwE4AlY=
72,-6,tXOz+A9sB52kE6bVbzy46bWGf60=,TkLNRlJdiNiECqERQuzMgwE4AlY=
65,-1,tXOz+A9sB52kE6bVbzy46bWGf60=,I2RQL98h6CLYRowR0ccNLQHfrB0=
66,-1,tXOz+A9sB52kE6bVbzy46bWGf60=,I2RQL98h6CLYRowR0ccNLQHfrB0=
67,-1,tXOz+A9sB52kE6bVbzy46bWGf60=,I2RQL98h6CLYRowR0ccNLQHfrB0=
68,-1,tXOz+A9sB52kE6bVbzy46bWGf60=,I2RQL98h6CLYRowR0ccNLQHfrB0=
69,-1,tXOz+A9sB52kE6bVbzy46bWGf60=,I2RQL98h6CLYRowR0ccNLQHfrB0=
70,-1,tXOz+A9sB52kE6bVbzy46bWGf60=,I2RQL98h6CLYRowR0ccNLQHfrB0=
67,-2,tXOz+A9sB52kE6bVbzy46bWGf60=,I2RQL98h6CLYRowR0ccNLQHfrB0=
66,-2,tXOz+A9sB52kE6bVbzy46bWGf60=,I2RQL98h6CLYRowR0ccNLQHfrB0=
68,-5,tXOz+A9sB52kE6bVbzy46bWGf60=,I2RQL98h6CLYRowR0ccNLQHfrB0=
64,-5,tXOz+A9sB52kE6bVbzy46bWGf60=,I2RQL98h6CLYRowR0ccNLQHfrB0=
71,-6,tXOz+A9sB52kE6bVbzy46bWGf60=,I2RQL98h6CLYRowR0ccNLQHfrB0=
70,-6,tXOz+A9sB52kE6bVbzy46bWGf60=,I2RQL98h6CLYRowR0ccNLQHfrB0=
65,-2,tXOz+A9sB52kE6bVbzy46bWGf60=,I2RQL98h6CLYRowR0ccNLQHfrB0=
64,-2,tXOz+A9sB52kE6bVbzy46bWGf60=,I2RQL98h6CLYRowR0ccNLQHfrB0=
68,-6,tXOz+A9sB52kE6bVbzy46bWGf60=,I2RQL98h6CLYRowR0ccNLQHfrB0=
69,-6,tXOz+A9sB52kE6bVbzy46bWGf60=,I2RQL98h6CLYRowR0ccNLQHfrB0=
68,-3,tXOz+A9sB52kE6bVbzy46bWGf60=,I2RQL98h6CLYRowR0ccNLQHfrB0=
66,-6,tXOz+A9sB52kE6bVbzy46bWGf60=,I2RQL98h6CLYRowR0ccNLQHfrB0=
65,-6,tXOz+A9sB52kE6bVbzy46bWGf60=,I2RQL98h6CLYRowR0ccNLQHfrB0=
67,-3,tXOz+A9sB52kE6bVbzy46bWGf60=,I2RQL98h6CLYRowR0ccNLQHfrB0=
70,-7,tXOz+A9sB52kE6bVbzy46bWGf60=,I2RQL98h6CLYRowR0ccNLQHfrB0=
66,-3,tXOz+A9sB52kE6bVbzy46bWGf60=,I2RQL98h6CLYRowR0ccNLQHfrB0=
69,-7,tXOz+A9sB52kE6bVbzy46bWGf60=,I2RQL98h6CLYRowR0ccNLQHfrB0=
68,-7,tXOz+A9sB52kE6bVbzy46bWGf60=,I2RQL98h6CLYRowR0ccNLQHfrB0=
67,-7,tXOz+A9sB52kE6bVbzy46bWGf60=,I2RQL98h6CLYRowR0ccNLQHfrB0=
66,-7,tXOz+A9sB52kE6bVbzy46bWGf60=,I2RQL98h6CLYRowR0ccNLQHfrB0=
64,-3,tXOz+A9sB52kE6bVbzy46bWGf60=,I2RQL98h6CLYRowR0ccNLQHfrB0=
65,-7,tXOz+A9sB52kE6bVbzy46bWGf60=,I2RQL98h6CLYRowR0ccNLQHfrB0=
64,-7,tXOz+A9sB52kE6bVbzy46bWGf60=,I2RQL98h6CLYRowR0ccNLQHfrB0=
67,-4,tXOz+A9sB52kE6bVbzy46bWGf60=,I2RQL98h6CLYRowR0ccNLQHfrB0=
66,-4,tXOz+A9sB52kE6bVbzy46bWGf60=,I2RQL98h6CLYRowR0ccNLQHfrB0=
71,-8,tXOz+A9sB52kE6bVbzy46bWGf60=,I2RQL98h6CLYRowR0ccNLQHfrB0=
64,-4,tXOz+A9sB52kE6bVbzy46bWGf60=,I2RQL98h6CLYRowR0ccNLQHfrB0=
69,-8,tXOz+A9sB52kE6bVbzy46bWGf60=,I2RQL98h6CLYRowR0ccNLQHfrB0=
67,-8,tXOz+A9sB52kE6bVbzy46bWGf60=,I2RQL98h6CLYRowR0ccNLQHfrB0=
66,-8,tXOz+A9sB52kE6bVbzy46bWGf60=,I2RQL98h6CLYRowR0ccNLQHfrB0=
65,-8,tXOz+A9sB52kE6bVbzy46bWGf60=,I2RQL98h6CLYRowR0ccNLQHfrB0=
69,-10,tXOz+A9sB52kE6bVbzy46bWGf60=,sfg8AU+OQc3RfXlr0eHsor7WEIc=
71,-9,tXOz+A9sB52kE6bVbzy46bWGf60=,sfg8AU+OQc3RfXlr0eHsor7WEIc=
75,-6,tXOz+A9sB52kE6bVbzy46bWGf60=,TkLNRlJdiNiECqERQuzMgwE4AlY=
73,-5,tXOz+A9sB52kE6bVbzy46bWGf60=,TkLNRlJdiNiECqERQuzMgwE4AlY=
71,-10,tXOz+A9sB52kE6bVbzy46bWGf60=,sfg8AU+OQc3RfXlr0eHsor7WEIc=
68,-8,tXOz+A9sB52kE6bVbzy46bWGf60=,I2RQL98h6CLYRowR0ccNLQHfrB0=
70,-8,tXOz+A9sB52kE6bVbzy46bWGf60=,I2RQL98h6CLYRowR0ccNLQHfrB0=
72,-5,tXOz+A9sB52kE6bVbzy46bWGf60=,TkLNRlJdiNiECqERQuzMgwE4AlY=
73,-8,tXOz+A9sB52kE6bVbzy46bWGf60=,TkLNRlJdiNiECqERQuzMgwE4AlY=
70,-10,tXOz+A9sB52kE6bVbzy46bWGf60=,sfg8AU+OQc3RfXlr0eHsor7WEIc=
70,-9,tXOz+A9sB52kE6bVbzy46bWGf60=,sfg8AU+OQc3RfXlr0eHsor7WEIc=
68,-10,tXOz+A9sB52kE6bVbzy46bWGf60=,sfg8AU+OQc3RfXlr0eHsor7WEIc=
68,-9,tXOz+A9sB52kE6bVbzy46bWGf60=,sfg8AU+OQc3RfXlr0eHsor7WEIc=
71,-7,tXOz+A9sB52kE6bVbzy46bWGf60=,I2RQL98h6CLYRowR0ccNLQHfrB0=
69,-5,tXOz+A9sB52kE6bVbzy46bWGf60=,I2RQL98h6CLYRowR0ccNLQHfrB0=
70,-5,tXOz+A9sB52kE6bVbzy46bWGf60=,I2RQL98h6CLYRowR0ccNLQHfrB0=
73,-9,tXOz+A9sB52kE6bVbzy46bWGf60=,TkLNRlJdiNiECqERQuzMgwE4AlY=
71,-5,tXOz+A9sB52kE6bVbzy46bWGf60=,I2RQL98h6CLYRowR0ccNLQHfrB0=
68,-16,tXOz+A9sB52kE6bVbzy46bWGf60=,sfg8AU+OQc3RfXlr0eHsor7WEIc=
69,-16,tXOz+A9sB52kE6bVbzy46bWGf60=,sfg8AU+OQc3RfXlr0eHsor7WEIc=
78,-16,tXOz+A9sB52kE6bVbzy46bWGf60=,TkLNRlJdiNiECqERQuzMgwE4AlY=
70,-15,tXOz+A9sB52kE6bVbzy46bWGf60=,sfg8AU+OQc3RfXlr0eHsor7WEIc=
76,-1,tXOz+A9sB52kE6bVbzy46bWGf60=,TkLNRlJdiNiECqERQuzMgwE4AlY=
77,-1,tXOz+A9sB52kE6bVbzy46bWGf60=,TkLNRlJdiNiECqERQuzMgwE4AlY=
71,-1,tXOz+A9sB52kE6bVbzy46bWGf60=,I2RQL98h6CLYRowR0ccNLQHfrB0=
75,-1,tXOz+A9sB52kE6bVbzy46bWGf60=,TkLNRlJdiNiECqERQuzMgwE4AlY=
74,-1,tXOz+A9sB52kE6bVbzy46bWGf60=,TkLNRlJdiNiECqERQuzMgwE4AlY=
73,-1,tXOz+A9sB52kE6bVbzy46bWGf60=,TkLNRlJdiNiECqERQuzMgwE4AlY=
72,-1,tXOz+A9sB52kE6bVbzy46bWGf60=,TkLNRlJdiNiECqERQuzMgwE4AlY=
75,-2,tXOz+A9sB52kE6bVbzy46bWGf60=,TkLNRlJdiNiECqERQuzMgwE4AlY=
71,-14,tXOz+A9sB52kE6bVbzy46bWGf60=,sfg8AU+OQc3RfXlr0eHsor7WEIc=
70,-16,tXOz+A9sB52kE6bVbzy46bWGf60=,sfg8AU+OQc3RfXlr0eHsor7WEIc=
75,-14,tXOz+A9sB52kE6bVbzy46bWGf60=,TkLNRlJdiNiECqERQuzMgwE4AlY=
72,-2,tXOz+A9sB52kE6bVbzy46bWGf60=,TkLNRlJdiNiECqERQuzMgwE4AlY=
72,-15,tXOz+A9sB52kE6bVbzy46bWGf60=,TkLNRlJdiNiECqERQuzMgwE4AlY=
74,-14,tXOz+A9sB52kE6bVbzy46bWGf60=,TkLNRlJdiNiECqERQuzMgwE4AlY=
68,-4,tXOz+A9sB52kE6bVbzy46bWGf60=,I2RQL98h6CLYRowR0ccNLQHfrB0=
70,-2,tXOz+A9sB52kE6bVbzy46bWGf60=,I2RQL98h6CLYRowR0ccNLQHfrB0=
72,-16,tXOz+A9sB52kE6bVbzy46bWGf60=,TkLNRlJdiNiECqERQuzMgwE4AlY=
72,-14,tXOz+A9sB52kE6bVbzy46bWGf60=,TkLNRlJdiNiECqERQuzMgwE4AlY=
79,-4,tXOz+A9sB52kE6bVbzy46bWGf60=,TkLNRlJdiNiECqERQuzMgwE4AlY=
79,-3,tXOz+A9sB52kE6bVbzy46bWGf60=,TkLNRlJdiNiECqERQuzMgwE4AlY=
79,-7,tXOz+A9sB52kE6bVbzy46bWGf60=,TkLNRlJdiNiECqERQuzMgwE4AlY=
79,-2,tXOz+A9sB52kE6bVbzy46bWGf60=,TkLNRlJdiNiECqERQuzMgwE4AlY=
79,-5,tXOz+A9sB52kE6bVbzy46bWGf60=,TkLNRlJdiNiECqERQuzMgwE4AlY=
72,-3,tXOz+A9sB52kE6bVbzy46bWGf60=,TkLNRlJdiNiECqERQuzMgwE4AlY=
72,-4,tXOz+A9sB52kE6bVbzy46bWGf60=,TkLNRlJdiNiECqERQuzMgwE4AlY=
79,-10,tXOz+A9sB52kE6bVbzy46bWGf60=,TkLNRlJdiNiECqERQuzMgwE4AlY=
79,-15,tXOz+A9sB52kE6bVbzy46bWGf60=,TkLNRlJdiNiECqERQuzMgwE4AlY=
79,-9,tXOz+A9sB52kE6bVbzy46bWGf60=,TkLNRlJdiNiECqERQuzMgwE4AlY=
79,-14,tXOz+A9sB52kE6bVbzy46bWGf60=,TkLNRlJdiNiECqERQuzMgwE4AlY=
79,-13,tXOz+A9sB52kE6bVbzy46bWGf60=,TkLNRlJdiNiECqERQuzMgwE4AlY=
73,-15,tXOz+A9sB52kE6bVbzy46bWGf60=,TkLNRlJdiNiECqERQuzMgwE4AlY=
79,-6,tXOz+A9sB52kE6bVbzy46bWGf60=,TkLNRlJdiNiECqERQuzMgwE4AlY=
71,-16,tXOz+A9sB52kE6bVbzy46bWGf60=,sfg8AU+OQc3RfXlr0eHsor7WEIc=
78,-8,tXOz+A9sB52kE6bVbzy46bWGf60=,TkLNRlJdiNiECqERQuzMgwE4AlY=
77,-7,tXOz+A9sB52kE6bVbzy46bWGf60=,TkLNRlJdiNiECqERQuzMgwE4AlY=
71,-2,tXOz+A9sB52kE6bVbzy46bWGf60=,I2RQL98h6CLYRowR0ccNLQHfrB0=
73,-16,tXOz+A9sB52kE6bVbzy46bWGf60=,TkLNRlJdiNiECqERQuzMgwE4AlY=
78,-6,tXOz+A9sB52kE6bVbzy46bWGf60=,TkLNRlJdiNiECqERQuzMgwE4AlY=
79,-12,tXOz+A9sB52kE6bVbzy46bWGf60=,TkLNRlJdiNiECqERQuzMgwE4AlY=
79,-8,tXOz+A9sB52kE6bVbzy46bWGf60=,TkLNRlJdiNiECqERQuzMgwE4AlY=
79,-11,tXOz+A9sB52kE6bVbzy46bWGf60=,TkLNRlJdiNiECqERQuzMgwE4AlY=
64,-1,tXOz+A9sB52kE6bVbzy46bWGf60=,I2RQL98h6CLYRowR0ccNLQHfrB0=
79,-1,tXOz+A9sB52kE6bVbzy46bWGf60=,TkLNRlJdiNiECqERQuzMgwE4AlY=
78,-1,tXOz+A9sB52kE6bVbzy46bWGf60=,TkLNRlJdiNiECqERQuzMgwE4AlY=
77,-2,tXOz+A9sB52kE6bVbzy46bWGf60=,TkLNRlJdiNiECqERQuzMgwE4AlY=
65,-4,tXOz+A9sB52kE6bVbzy46bWGf60=,I2RQL98h6CLYRowR0ccNLQHfrB0=
78,-2,tXOz+A9sB52kE6bVbzy46bWGf60=,TkLNRlJdiNiECqERQuzMgwE4AlY=
65,-3,tXOz+A9sB52kE6bVbzy46bWGf60=,I2RQL98h6CLYRowR0ccNLQHfrB0=
76,-2,tXOz+A9sB52kE6bVbzy46bWGf60=,TkLNRlJdiNiECqERQuzMgwE4AlY=
69,-4,tXOz+A9sB52kE6bVbzy46bWGf60=,I2RQL98h6CLYRowR0ccNLQHfrB0=
64,-9,tXOz+A9sB52kE6bVbzy46bWGf60=,sfg8AU+OQc3RfXlr0eHsor7WEIc=
64,-13,tXOz+A9sB52kE6bVbzy46bWGf60=,sfg8AU+OQc3RfXlr0eHsor7WEIc=
64,-12,tXOz+A9sB52kE6bVbzy46bWGf60=,sfg8AU+OQc3RfXlr0eHsor7WEIc=
64,-11,tXOz+A9sB52kE6bVbzy46bWGf60=,sfg8AU+OQc3RfXlr0eHsor7WEIc=
67,-16,tXOz+A9sB52kE6bVbzy46bWGf60=,sfg8AU+OQc3RfXlr0eHsor7WEIc=
64,-14,tXOz+A9sB52kE6bVbzy46bWGf60=,sfg8AU+OQc3RfXlr0eHsor7WEIc=
64,-10,tXOz+A9sB52kE6bVbzy46bWGf60=,sfg8AU+OQc3RfXlr0eHsor7WEIc=
65,-10,tXOz+A9sB52kE6bVbzy46bWGf60=,sfg8AU+OQc3RfXlr0eHsor7WEIc=
67,-5,tXOz+A9sB52kE6bVbzy46bWGf60=,I2RQL98h6CLYRowR0ccNLQHfrB0=
66,-5,tXOz+A9sB52kE6bVbzy46bWGf60=,I2RQL98h6CLYRowR0ccNLQHfrB0=
66,-9,tXOz+A9sB52kE6bVbzy46bWGf60=,sfg8AU+OQc3RfXlr0eHsor7WEIc=
75,-16,tXOz+A9sB52kE6bVbzy46bWGf60=,TkLNRlJdiNiECqERQuzMgwE4AlY=
64,-8,tXOz+A9sB52kE6bVbzy46bWGf60=,I2RQL98h6CLYRowR0ccNLQHfrB0=
66,-15,tXOz+A9sB52kE6bVbzy46bWGf60=,sfg8AU+OQc3RfXlr0eHsor7WEIc=
67,-6,tXOz+A9sB52kE6bVbzy46bWGf60=,I2RQL98h6CLYRowR0ccNLQHfrB0=
69,-3,tXOz+A9sB52kE6bVbzy46bWGf60=,I2RQL98h6CLYRowR0ccNLQHfrB0=
65,-5,tXOz+A9sB52kE6bVbzy46bWGf60=,I2RQL98h6CLYRowR0ccNLQHfrB0=
64,-6,tXOz+A9sB52kE6bVbzy46bWGf60=,I2RQL98h6CLYRowR0ccNLQHfrB0=
75,-15,tXOz+A9sB52kE6bVbzy46bWGf60=,TkLNRlJdiNiECqERQuzMgwE4AlY=
65,-15,tXOz+A9sB52kE6bVbzy46bWGf60=,sfg8AU+OQc3RfXlr0eHsor7WEIc=
74,-15,tXOz+A9sB52kE6bVbzy46bWGf60=,TkLNRlJdiNiECqERQuzMgwE4AlY=
79,-16,tXOz+A9sB52kE6bVbzy46bWGf60=,TkLNRlJdiNiECqERQuzMgwE4AlY=
74,-16,tXOz+A9sB52kE6bVbzy46bWGf60=,TkLNRlJdiNiECqERQuzMgwE4AlY=
77,-16,tXOz+A9sB52kE6bVbzy46bWGf60=,TkLNRlJdiNiECqERQuzMgwE4AlY=
66,-16,tXOz+A9sB52kE6bVbzy46bWGf60=,sfg8AU+OQc3RfXlr0eHsor7WEIc=
64,-15,tXOz+A9sB52kE6bVbzy46bWGf60=,sfg8AU+OQc3RfXlr0eHsor7WEIc=
65,-16,tXOz+A9sB52kE6bVbzy46bWGf60=,sfg8AU+OQc3RfXlr0eHsor7WEIc=
71,-3,tXOz+A9sB52kE6bVbzy46bWGf60=,I2RQL98h6CLYRowR0ccNLQHfrB0=
71,-4,tXOz+A9sB52kE6bVbzy46bWGf60=,I2RQL98h6CLYRowR0ccNLQHfrB0=
70,-4,tXOz+A9sB52kE6bVbzy46bWGf60=,I2RQL98h6CLYRowR0ccNLQHfrB0=
76,-16,tXOz+A9sB52kE6bVbzy46bWGf60=,TkLNRlJdiNiECqERQuzMgwE4AlY=
70,-3,tXOz+A9sB52kE6bVbzy46bWGf60=,I2RQL98h6CLYRowR0ccNLQHfrB0=
76,-15,tXOz+A9sB52kE6bVbzy46bWGf60=,TkLNRlJdiNiECqERQuzMgwE4AlY=
64,-16,tXOz+A9sB52kE6bVbzy46bWGf60=,sfg8AU+OQc3RfXlr0eHsor7WEIc=
