14,6,fsklQ4VyiytEXwbLnYunNSMILus=,6bAj5vtHsC7QFqG1uas3lN5b5MA=
14,5,fsklQ4VyiytEXwbLnYunNSMILus=,6bAj5vtHsC7QFqG1uas3lN5b5MA=
13,5,fsklQ4VyiytEXwbLnYunNSMILus=,6bAj5vtHsC7QFqG1uas3lN5b5MA=
9,5,V+G5bqnxW7LK1vjxjaNTQN3LtEU=,6bAj5vtHsC7QFqG1uas3lN5b5MA=
10,6,V+G5bqnxW7LK1vjxjaNTQN3LtEU=,6bAj5vtHsC7QFqG1uas3lN5b5MA=
11,6,V+G5bqnxW7LK1vjxjaNTQN3LtEU=,6bAj5vtHsC7QFqG1uas3lN5b5MA=
12,5,V+G5bqnxW7LK1vjxjaNTQN3LtEU=,6bAj5vtHsC7QFqG1uas3lN5b5MA=
11,5,V+G5bqnxW7LK1vjxjaNTQN3LtEU=,6bAj5vtHsC7QFqG1uas3lN5b5MA=
10,5,V+G5bqnxW7LK1vjxjaNTQN3LtEU=,6bAj5vtHsC7QFqG1uas3lN5b5MA=
10,1,V+G5bqnxW7LK1vjxjaNTQN3LtEU=,6bAj5vtHsC7QFqG1uas3lN5b5MA=
9,3,V+G5bqnxW7LK1vjxjaNTQN3LtEU=,6bAj5vtHsC7QFqG1uas3lN5b5MA=
9,4,V+G5bqnxW7LK1vjxjaNTQN3LtEU=,6bAj5vtHsC7QFqG1uas3lN5b5MA=
9,2,V+G5bqnxW7LK1vjxjaNTQN3LtEU=,6bAj5vtHsC7QFqG1uas3lN5b5MA=
10,3,V+G5bqnxW7LK1vjxjaNTQN3LtEU=,6bAj5vtHsC7QFqG1uas3lN5b5MA=
10,4,V+G5bqnxW7LK1vjxjaNTQN3LtEU=,6bAj5vtHsC7QFqG1uas3lN5b5MA=
10,2,V+G5bqnxW7LK1vjxjaNTQN3LtEU=,6bAj5vtHsC7QFqG1uas3lN5b5MA=
9,1,V+G5bqnxW7LK1vjxjaNTQN3LtEU=,6bAj5vtHsC7QFqG1uas3lN5b5MA=
6,14,V+G5bqnxW7LK1vjxjaNTQN3LtEU=,6bAj5vtHsC7QFqG1uas3lN5b5MA=
8,14,V+G5bqnxW7LK1vjxjaNTQN3LtEU=,6bAj5vtHsC7QFqG1uas3lN5b5MA=
6,13,V+G5bqnxW7LK1vjxjaNTQN3LtEU=,6bAj5vtHsC7QFqG1uas3lN5b5MA=
7,14,V+G5bqnxW7LK1vjxjaNTQN3LtEU=,6bAj5vtHsC7QFqG1uas3lN5b5MA=
7,13,V+G5bqnxW7LK1vjxjaNTQN3LtEU=,6bAj5vtHsC7QFqG1uas3lN5b5MA=
10,12,V+G5bqnxW7LK1vjxjaNTQN3LtEU=,6bAj5vtHsC7QFqG1uas3lN5b5MA=
12,9,V+G5bqnxW7LK1vjxjaNTQN3LtEU=,6bAj5vtHsC7QFqG1uas3lN5b5MA=
10,11,V+G5bqnxW7LK1vjxjaNTQN3LtEU=,6bAj5vtHsC7QFqG1uas3lN5b5MA=
13,6,V+G5bqnxW7LK1vjxjaNTQN3LtEU=,6bAj5vtHsC7QFqG1uas3lN5b5MA=
12,6,V+G5bqnxW7LK1vjxjaNTQN3LtEU=,6bAj5vtHsC7QFqG1uas3lN5b5MA=
12,10,V+G5bqnxW7LK1vjxjaNTQN3LtEU=,6bAj5vtHsC7QFqG1uas3lN5b5MA=
11,9,V+G5bqnxW7LK1vjxjaNTQN3LtEU=,6bAj5vtHsC7QFqG1uas3lN5b5MA=
13,9,66nEBn4cNbnzwbm+wz24RlLYjls=,6bAj5vtHsC7QFqG1uas3lN5b5MA=
12,7,66nEBn4cNbnzwbm+wz24RlLYjls=,6bAj5vtHsC7QFqG1uas3lN5b5MA=
11,8,66nEBn4cNbnzwbm+wz24RlLYjls=,6bAj5vtHsC7QFqG1uas3lN5b5MA=
10,8,66nEBn4cNbnzwbm+wz24RlLYjls=,6bAj5vtHsC7QFqG1uas3lN5b5MA=
13,7,66nEBn4cNbnzwbm+wz24RlLYjls=,6bAj5vtHsC7QFqG1uas3lN5b5MA=
10,7,66nEBn4cNbnzwbm+wz24RlLYjls=,6bAj5vtHsC7QFqG1uas3lN5b5MA=
12,8,66nEBn4cNbnzwbm+wz24RlLYjls=,6bAj5vtHsC7QFqG1uas3lN5b5MA=
11,7,66nEBn4cNbnzwbm+wz24RlLYjls=,6bAj5vtHsC7QFqG1uas3lN5b5MA=
13,8,66nEBn4cNbnzwbm+wz24RlLYjls=,6bAj5vtHsC7QFqG1uas3lN5b5MA=
10,9,66nEBn4cNbnzwbm+wz24RlLYjls=,6bAj5vtHsC7QFqG1uas3lN5b5MA=
9,11,66nEBn4cNbnzwbm+wz24RlLYjls=,6bAj5vtHsC7QFqG1uas3lN5b5MA=
8,11,66nEBn4cNbnzwbm+wz24RlLYjls=,6bAj5vtHsC7QFqG1uas3lN5b5MA=
6,11,66nEBn4cNbnzwbm+wz24RlLYjls=,6bAj5vtHsC7QFqG1uas3lN5b5MA=
8,12,66nEBn4cNbnzwbm+wz24RlLYjls=,6bAj5vtHsC7QFqG1uas3lN5b5MA=
6,12,66nEBn4cNbnzwbm+wz24RlLYjls=,6bAj5vtHsC7QFqG1uas3lN5b5MA=
6,10,66nEBn4cNbnzwbm+wz24RlLYjls=,6bAj5vtHsC7QFqG1uas3lN5b5MA=
7,11,66nEBn4cNbnzwbm+wz24RlLYjls=,6bAj5vtHsC7QFqG1uas3lN5b5MA=
9,10,66nEBn4cNbnzwbm+wz24RlLYjls=,6bAj5vtHsC7QFqG1uas3lN5b5MA=
9,12,66nEBn4cNbnzwbm+wz24RlLYjls=,6bAj5vtHsC7QFqG1uas3lN5b5MA=
7,12,66nEBn4cNbnzwbm+wz24RlLYjls=,6bAj5vtHsC7QFqG1uas3lN5b5MA=
8,13,66nEBn4cNbnzwbm+wz24RlLYjls=,6bAj5vtHsC7QFqG1uas3lN5b5MA=
8,10,66nEBn4cNbnzwbm+wz24RlLYjls=,6bAj5vtHsC7QFqG1uas3lN5b5MA=
7,10,66nEBn4cNbnzwbm+wz24RlLYjls=,6bAj5vtHsC7QFqG1uas3lN5b5MA=
7,6,66nEBn4cNbnzwbm+wz24RlLYjls=,6bAj5vtHsC7QFqG1uas3lN5b5MA=
9,13,66nEBn4cNbnzwbm+wz24RlLYjls=,6bAj5vtHsC7QFqG1uas3lN5b5MA=
7,5,66nEBn4cNbnzwbm+wz24RlLYjls=,6bAj5vtHsC7QFqG1uas3lN5b5MA=
8,5,66nEBn4cNbnzwbm+wz24RlLYjls=,6bAj5vtHsC7QFqG1uas3lN5b5MA=
8,6,66nEBn4cNbnzwbm+wz24RlLYjls=,6bAj5vtHsC7QFqG1uas3lN5b5MA=
8,8,66nEBn4cNbnzwbm+wz24RlLYjls=,6bAj5vtHsC7QFqG1uas3lN5b5MA=
5,6,66nEBn4cNbnzwbm+wz24RlLYjls=,6bAj5vtHsC7QFqG1uas3lN5b5MA=
9,6,66nEBn4cNbnzwbm+wz24RlLYjls=,6bAj5vtHsC7QFqG1uas3lN5b5MA=
6,6,66nEBn4cNbnzwbm+wz24RlLYjls=,6bAj5vtHsC7QFqG1uas3lN5b5MA=
6,7,66nEBn4cNbnzwbm+wz24RlLYjls=,6bAj5vtHsC7QFqG1uas3lN5b5MA=
9,8,66nEBn4cNbnzwbm+wz24RlLYjls=,6bAj5vtHsC7QFqG1uas3lN5b5MA=
7,8,66nEBn4cNbnzwbm+wz24RlLYjls=,6bAj5vtHsC7QFqG1uas3lN5b5MA=
7,7,66nEBn4cNbnzwbm+wz24RlLYjls=,6bAj5vtHsC7QFqG1uas3lN5b5MA=
6,9,66nEBn4cNbnzwbm+wz24RlLYjls=,6bAj5vtHsC7QFqG1uas3lN5b5MA=
8,9,66nEBn4cNbnzwbm+wz24RlLYjls=,6bAj5vtHsC7QFqG1uas3lN5b5MA=
9,7,66nEBn4cNbnzwbm+wz24RlLYjls=,6bAj5vtHsC7QFqG1uas3lN5b5MA=
7,9,66nEBn4cNbnzwbm+wz24RlLYjls=,6bAj5vtHsC7QFqG1uas3lN5b5MA=
9,9,66nEBn4cNbnzwbm+wz24RlLYjls=,6bAj5vtHsC7QFqG1uas3lN5b5MA=
8,7,wn44Ct9I1l0rcSH2leBqC4OLDvQ=,6bAj5vtHsC7QFqG1uas3lN5b5MA=
6,8,wn44Ct9I1l0rcSH2leBqC4OLDvQ=,6bAj5vtHsC7QFqG1uas3lN5b5MA=
8,2,wn44Ct9I1l0rcSH2leBqC4OLDvQ=,6bAj5vtHsC7QFqG1uas3lN5b5MA=
6,5,wn44Ct9I1l0rcSH2leBqC4OLDvQ=,6bAj5vtHsC7QFqG1uas3lN5b5MA=
8,1,wn44Ct9I1l0rcSH2leBqC4OLDvQ=,6bAj5vtHsC7QFqG1uas3lN5b5MA=
8,3,wn44Ct9I1l0rcSH2leBqC4OLDvQ=,6bAj5vtHsC7QFqG1uas3lN5b5MA=
8,4,wn44Ct9I1l0rcSH2leBqC4OLDvQ=,6bAj5vtHsC7QFqG1uas3lN5b5MA=
7,2,wn44Ct9I1l0rcSH2leBqC4OLDvQ=,6bAj5vtHsC7QFqG1uas3lN5b5MA=
7,4,wn44Ct9I1l0rcSH2leBqC4OLDvQ=,6bAj5vtHsC7QFqG1uas3lN5b5MA=
6,2,wn44Ct9I1l0rcSH2leBqC4OLDvQ=,6bAj5vtHsC7QFqG1uas3lN5b5MA=
7,3,wn44Ct9I1l0rcSH2leBqC4OLDvQ=,6bAj5vtHsC7QFqG1uas3lN5b5MA=
6,4,wn44Ct9I1l0rcSH2leBqC4OLDvQ=,6bAj5vtHsC7QFqG1uas3lN5b5MA=
6,3,wn44Ct9I1l0rcSH2leBqC4OLDvQ=,6bAj5vtHsC7QFqG1uas3lN5b5MA=
4,14,dJ2taZ5I8KZicKFCNaK9nakaQE4=,6bAj5vtHsC7QFqG1uas3lN5b5MA=
4,13,dJ2taZ5I8KZicKFCNaK9nakaQE4=,6bAj5vtHsC7QFqG1uas3lN5b5MA=
3,13,dJ2taZ5I8KZicKFCNaK9nakaQE4=,6bAj5vtHsC7QFqG1uas3lN5b5MA=
5,13,dJ2taZ5I8KZicKFCNaK9nakaQE4=,6bAj5vtHsC7QFqG1uas3lN5b5MA=
4,12,dJ2taZ5I8KZicKFCNaK9nakaQE4=,6bAj5vtHsC7QFqG1uas3lN5b5MA=
2,12,dJ2taZ5I8KZicKFCNaK9nakaQE4=,6bAj5vtHsC7QFqG1uas3lN5b5MA=
5,10,dJ2taZ5I8KZicKFCNaK9nakaQE4=,6bAj5vtHsC7QFqG1uas3lN5b5MA=
2,11,dJ2taZ5I8KZicKFCNaK9nakaQE4=,6bAj5vtHsC7QFqG1uas3lN5b5MA=
3,12,dJ2taZ5I8KZicKFCNaK9nakaQE4=,6bAj5vtHsC7QFqG1uas3lN5b5MA=
5,12,dJ2taZ5I8KZicKFCNaK9nakaQE4=,6bAj5vtHsC7QFqG1uas3lN5b5MA=
4,10,dJ2taZ5I8KZicKFCNaK9nakaQE4=,6bAj5vtHsC7QFqG1uas3lN5b5MA=
4,11,dJ2taZ5I8KZicKFCNaK9nakaQE4=,6bAj5vtHsC7QFqG1uas3lN5b5MA=
3,10,dJ2taZ5I8KZicKFCNaK9nakaQE4=,6bAj5vtHsC7QFqG1uas3lN5b5MA=
2,10,ToKzUaILaCrspE7FqZGmpR2JC28=,6bAj5vtHsC7QFqG1uas3lN5b5MA=
5,11,ToKzUaILaCrspE7FqZGmpR2JC28=,6bAj5vtHsC7QFqG1uas3lN5b5MA=
3,11,ToKzUaILaCrspE7FqZGmpR2JC28=,6bAj5vtHsC7QFqG1uas3lN5b5MA=
2,13,ToKzUaILaCrspE7FqZGmpR2JC28=,6bAj5vtHsC7QFqG1uas3lN5b5MA=
2,7,ToKzUaILaCrspE7FqZGmpR2JC28=,6bAj5vtHsC7QFqG1uas3lN5b5MA=
2,6,ToKzUaILaCrspE7FqZGmpR2JC28=,6bAj5vtHsC7QFqG1uas3lN5b5MA=
3,7,ToKzUaILaCrspE7FqZGmpR2JC28=,6bAj5vtHsC7QFqG1uas3lN5b5MA=
3,6,ToKzUaILaCrspE7FqZGmpR2JC28=,6bAj5vtHsC7QFqG1uas3lN5b5MA=
2,8,ToKzUaILaCrspE7FqZGmpR2JC28=,6bAj5vtHsC7QFqG1uas3lN5b5MA=
3,8,ToKzUaILaCrspE7FqZGmpR2JC28=,6bAj5vtHsC7QFqG1uas3lN5b5MA=
5,7,ToKzUaILaCrspE7FqZGmpR2JC28=,6bAj5vtHsC7QFqG1uas3lN5b5MA=
4,7,ToKzUaILaCrspE7FqZGmpR2JC28=,6bAj5vtHsC7QFqG1uas3lN5b5MA=
4,6,ToKzUaILaCrspE7FqZGmpR2JC28=,6bAj5vtHsC7QFqG1uas3lN5b5MA=
4,8,ToKzUaILaCrspE7FqZGmpR2JC28=,6bAj5vtHsC7QFqG1uas3lN5b5MA=
5,9,ToKzUaILaCrspE7FqZGmpR2JC28=,6bAj5vtHsC7QFqG1uas3lN5b5MA=
5,8,ToKzUaILaCrspE7FqZGmpR2JC28=,6bAj5vtHsC7QFqG1uas3lN5b5MA=
3,9,ToKzUaILaCrspE7FqZGmpR2JC28=,6bAj5vtHsC7QFqG1uas3lN5b5MA=
2,9,ToKzUaILaCrspE7FqZGmpR2JC28=,6bAj5vtHsC7QFqG1uas3lN5b5MA=
4,9,ToKzUaILaCrspE7FqZGmpR2JC28=,6bAj5vtHsC7QFqG1uas3lN5b5MA=
2,4,ToKzUaILaCrspE7FqZGmpR2JC28=,6bAj5vtHsC7QFqG1uas3lN5b5MA=
4,2,ToKzUaILaCrspE7FqZGmpR2JC28=,6bAj5vtHsC7QFqG1uas3lN5b5MA=
3,5,ToKzUaILaCrspE7FqZGmpR2JC28=,6bAj5vtHsC7QFqG1uas3lN5b5MA=
4,3,ToKzUaILaCrspE7FqZGmpR2JC28=,6bAj5vtHsC7QFqG1uas3lN5b5MA=
2,5,ToKzUaILaCrspE7FqZGmpR2JC28=,6bAj5vtHsC7QFqG1uas3lN5b5MA=
5,5,ToKzUaILaCrspE7FqZGmpR2JC28=,6bAj5vtHsC7QFqG1uas3lN5b5MA=
5,3,ToKzUaILaCrspE7FqZGmpR2JC28=,6bAj5vtHsC7QFqG1uas3lN5b5MA=
5,4,ToKzUaILaCrspE7FqZGmpR2JC28=,6bAj5vtHsC7QFqG1uas3lN5b5MA=
3,2,ToKzUaILaCrspE7FqZGmpR2JC28=,6bAj5vtHsC7QFqG1uas3lN5b5MA=
5,2,ToKzUaILaCrspE7FqZGmpR2JC28=,6bAj5vtHsC7QFqG1uas3lN5b5MA=
4,4,ToKzUaILaCrspE7FqZGmpR2JC28=,6bAj5vtHsC7QFqG1uas3lN5b5MA=
2,2,ToKzUaILaCrspE7FqZGmpR2JC28=,6bAj5vtHsC7QFqG1uas3lN5b5MA=
4,5,ToKzUaILaCrspE7FqZGmpR2JC28=,6bAj5vtHsC7QFqG1uas3lN5b5MA=
3,3,ToKzUaILaCrspE7FqZGmpR2JC28=,6bAj5vtHsC7QFqG1uas3lN5b5MA=
3,4,ToKzUaILaCrspE7FqZGmpR2JC28=,6bAj5vtHsC7QFqG1uas3lN5b5MA=
2,3,ToKzUaILaCrspE7FqZGmpR2JC28=,6bAj5vtHsC7QFqG1uas3lN5b5MA=
9,0,ToKzUaILaCrspE7FqZGmpR2JC28=,6bAj5vtHsC7QFqG1uas3lN5b5MA=
6,0,ToKzUaILaCrspE7FqZGmpR2JC28=,6bAj5vtHsC7QFqG1uas3lN5b5MA=
10,0,ToKzUaILaCrspE7FqZGmpR2JC28=,6bAj5vtHsC7QFqG1uas3lN5b5MA=
12,3,ToKzUaILaCrspE7FqZGmpR2JC28=,6bAj5vtHsC7QFqG1uas3lN5b5MA=
11,2,ToKzUaILaCrspE7FqZGmpR2JC28=,6bAj5vtHsC7QFqG1uas3lN5b5MA=
11,4,ToKzUaILaCrspE7FqZGmpR2JC28=,6bAj5vtHsC7QFqG1uas3lN5b5MA=
13,3,ToKzUaILaCrspE7FqZGmpR2JC28=,6bAj5vtHsC7QFqG1uas3lN5b5MA=
14,4,ToKzUaILaCrspE7FqZGmpR2JC28=,6bAj5vtHsC7QFqG1uas3lN5b5MA=
12,2,ToKzUaILaCrspE7FqZGmpR2JC28=,6bAj5vtHsC7QFqG1uas3lN5b5MA=
13,4,ToKzUaILaCrspE7FqZGmpR2JC28=,6bAj5vtHsC7QFqG1uas3lN5b5MA=
11,3,ToKzUaILaCrspE7FqZGmpR2JC28=,6bAj5vtHsC7QFqG1uas3lN5b5MA=
14,1,ToKzUaILaCrspE7FqZGmpR2JC28=,6bAj5vtHsC7QFqG1uas3lN5b5MA=
14,3,ToKzUaILaCrspE7FqZGmpR2JC28=,6bAj5vtHsC7QFqG1uas3lN5b5MA=
12,1,ToKzUaILaCrspE7FqZGmpR2JC28=,6bAj5vtHsC7QFqG1uas3lN5b5MA=
11,1,ToKzUaILaCrspE7FqZGmpR2JC28=,6bAj5vtHsC7QFqG1uas3lN5b5MA=
12,4,ToKzUaILaCrspE7FqZGmpR2JC28=,6bAj5vtHsC7QFqG1uas3lN5b5MA=
13,1,ToKzUaILaCrspE7FqZGmpR2JC28=,6bAj5vtHsC7QFqG1uas3lN5b5MA=
14,2,ToKzUaILaCrspE7FqZGmpR2JC28=,6bAj5vtHsC7QFqG1uas3lN5b5MA=
15,1,ToKzUaILaCrspE7FqZGmpR2JC28=,6bAj5vtHsC7QFqG1uas3lN5b5MA=
15,2,ToKzUaILaCrspE7FqZGmpR2JC28=,6bAj5vtHsC7QFqG1uas3lN5b5MA=
13,2,ToKzUaILaCrspE7FqZGmpR2JC28=,6bAj5vtHsC7QFqG1uas3lN5b5MA=
8,0,ToKzUaILaCrspE7FqZGmpR2JC28=,6bAj5vtHsC7QFqG1uas3lN5b5MA=
7,1,ToKzUaILaCrspE7FqZGmpR2JC28=,6bAj5vtHsC7QFqG1uas3lN5b5MA=
7,0,ToKzUaILaCrspE7FqZGmpR2JC28=,6bAj5vtHsC7QFqG1uas3lN5b5MA=
0,2,ToKzUaILaCrspE7FqZGmpR2JC28=,6bAj5vtHsC7QFqG1uas3lN5b5MA=
0,3,TKSVpaPfsqFD4YmTlLcwa0Pzyzs=,6bAj5vtHsC7QFqG1uas3lN5b5MA=
6,1,TKSVpaPfsqFD4YmTlLcwa0Pzyzs=,6bAj5vtHsC7QFqG1uas3lN5b5MA=
1,3,TKSVpaPfsqFD4YmTlLcwa0Pzyzs=,6bAj5vtHsC7QFqG1uas3lN5b5MA=
0,4,TKSVpaPfsqFD4YmTlLcwa0Pzyzs=,6bAj5vtHsC7QFqG1uas3lN5b5MA=
1,2,TKSVpaPfsqFD4YmTlLcwa0Pzyzs=,6bAj5vtHsC7QFqG1uas3lN5b5MA=
1,4,TKSVpaPfsqFD4YmTlLcwa0Pzyzs=,6bAj5vtHsC7QFqG1uas3lN5b5MA=
5,0,TKSVpaPfsqFD4YmTlLcwa0Pzyzs=,6bAj5vtHsC7QFqG1uas3lN5b5MA=
2,15,TKSVpaPfsqFD4YmTlLcwa0Pzyzs=,6bAj5vtHsC7QFqG1uas3lN5b5MA=
1,5,TKSVpaPfsqFD4YmTlLcwa0Pzyzs=,6bAj5vtHsC7QFqG1uas3lN5b5MA=
2,0,TKSVpaPfsqFD4YmTlLcwa0Pzyzs=,6bAj5vtHsC7QFqG1uas3lN5b5MA=
0,5,TKSVpaPfsqFD4YmTlLcwa0Pzyzs=,6bAj5vtHsC7QFqG1uas3lN5b5MA=
0,7,TKSVpaPfsqFD4YmTlLcwa0Pzyzs=,6bAj5vtHsC7QFqG1uas3lN5b5MA=
3,0,TKSVpaPfsqFD4YmTlLcwa0Pzyzs=,6bAj5vtHsC7QFqG1uas3lN5b5MA=
4,0,TKSVpaPfsqFD4YmTlLcwa0Pzyzs=,6bAj5vtHsC7QFqG1uas3lN5b5MA=
2,1,TKSVpaPfsqFD4YmTlLcwa0Pzyzs=,6bAj5vtHsC7QFqG1uas3lN5b5MA=
5,1,TKSVpaPfsqFD4YmTlLcwa0Pzyzs=,6bAj5vtHsC7QFqG1uas3lN5b5MA=
0,6,TKSVpaPfsqFD4YmTlLcwa0Pzyzs=,6bAj5vtHsC7QFqG1uas3lN5b5MA=
4,1,TKSVpaPfsqFD4YmTlLcwa0Pzyzs=,6bAj5vtHsC7QFqG1uas3lN5b5MA=
11,14,TKSVpaPfsqFD4YmTlLcwa0Pzyzs=,6bAj5vtHsC7QFqG1uas3lN5b5MA=
11,11,TKSVpaPfsqFD4YmTlLcwa0Pzyzs=,6bAj5vtHsC7QFqG1uas3lN5b5MA=
3,1,TKSVpaPfsqFD4YmTlLcwa0Pzyzs=,6bAj5vtHsC7QFqG1uas3lN5b5MA=
11,13,TKSVpaPfsqFD4YmTlLcwa0Pzyzs=,6bAj5vtHsC7QFqG1uas3lN5b5MA=
11,12,TKSVpaPfsqFD4YmTlLcwa0Pzyzs=,6bAj5vtHsC7QFqG1uas3lN5b5MA=
11,15,TKSVpaPfsqFD4YmTlLcwa0Pzyzs=,6bAj5vtHsC7QFqG1uas3lN5b5MA=
12,11,TKSVpaPfsqFD4YmTlLcwa0Pzyzs=,6bAj5vtHsC7QFqG1uas3lN5b5MA=
13,11,TKSVpaPfsqFD4YmTlLcwa0Pzyzs=,6bAj5vtHsC7QFqG1uas3lN5b5MA=
15,3,TKSVpaPfsqFD4YmTlLcwa0Pzyzs=,6bAj5vtHsC7QFqG1uas3lN5b5MA=
14,11,TKSVpaPfsqFD4YmTlLcwa0Pzyzs=,6bAj5vtHsC7QFqG1uas3lN5b5MA=
15,5,TKSVpaPfsqFD4YmTlLcwa0Pzyzs=,6bAj5vtHsC7QFqG1uas3lN5b5MA=
15,4,TKSVpaPfsqFD4YmTlLcwa0Pzyzs=,6bAj5vtHsC7QFqG1uas3lN5b5MA=
15,6,TKSVpaPfsqFD4YmTlLcwa0Pzyzs=,6bAj5vtHsC7QFqG1uas3lN5b5MA=
8,15,TKSVpaPfsqFD4YmTlLcwa0Pzyzs=,6bAj5vtHsC7QFqG1uas3lN5b5MA=
0,9,TKSVpaPfsqFD4YmTlLcwa0Pzyzs=,6bAj5vtHsC7QFqG1uas3lN5b5MA=
1,9,TKSVpaPfsqFD4YmTlLcwa0Pzyzs=,6bAj5vtHsC7QFqG1uas3lN5b5MA=
7,15,TKSVpaPfsqFD4YmTlLcwa0Pzyzs=,6bAj5vtHsC7QFqG1uas3lN5b5MA=
0,8,TKSVpaPfsqFD4YmTlLcwa0Pzyzs=,6bAj5vtHsC7QFqG1uas3lN5b5MA=
11,10,TKSVpaPfsqFD4YmTlLcwa0Pzyzs=,6bAj5vtHsC7QFqG1uas3lN5b5MA=
3,15,TKSVpaPfsqFD4YmTlLcwa0Pzyzs=,6bAj5vtHsC7QFqG1uas3lN5b5MA=
10,14,TKSVpaPfsqFD4YmTlLcwa0Pzyzs=,6bAj5vtHsC7QFqG1uas3lN5b5MA=
10,13,TKSVpaPfsqFD4YmTlLcwa0Pzyzs=,6bAj5vtHsC7QFqG1uas3lN5b5MA=
1,8,TKSVpaPfsqFD4YmTlLcwa0Pzyzs=,6bAj5vtHsC7QFqG1uas3lN5b5MA=
10,15,TKSVpaPfsqFD4YmTlLcwa0Pzyzs=,6bAj5vtHsC7QFqG1uas3lN5b5MA=
5,14,TKSVpaPfsqFD4YmTlLcwa0Pzyzs=,6bAj5vtHsC7QFqG1uas3lN5b5MA=
13,10,TKSVpaPfsqFD4YmTlLcwa0Pzyzs=,6bAj5vtHsC7QFqG1uas3lN5b5MA=
5,15,TKSVpaPfsqFD4YmTlLcwa0Pzyzs=,6bAj5vtHsC7QFqG1uas3lN5b5MA=
4,15,TKSVpaPfsqFD4YmTlLcwa0Pzyzs=,6bAj5vtHsC7QFqG1uas3lN5b5MA=
1,7,TKSVpaPfsqFD4YmTlLcwa0Pzyzs=,6bAj5vtHsC7QFqG1uas3lN5b5MA=
3,14,TKSVpaPfsqFD4YmTlLcwa0Pzyzs=,6bAj5vtHsC7QFqG1uas3lN5b5MA=
2,14,TKSVpaPfsqFD4YmTlLcwa0Pzyzs=,6bAj5vtHsC7QFqG1uas3lN5b5MA=
6,15,TKSVpaPfsqFD4YmTlLcwa0Pzyzs=,6bAj5vtHsC7QFqG1uas3lN5b5MA=
9,15,TKSVpaPfsqFD4YmTlLcwa0Pzyzs=,6bAj5vtHsC7QFqG1uas3lN5b5MA=
9,14,TKSVpaPfsqFD4YmTlLcwa0Pzyzs=,6bAj5vtHsC7QFqG1uas3lN5b5MA=
15,7,TKSVpaPfsqFD4YmTlLcwa0Pzyzs=,6bAj5vtHsC7QFqG1uas3lN5b5MA=
14,7,TKSVpaPfsqFD4YmTlLcwa0Pzyzs=,6bAj5vtHsC7QFqG1uas3lN5b5MA=
11,0,TKSVpaPfsqFD4YmTlLcwa0Pzyzs=,6bAj5vtHsC7QFqG1uas3lN5b5MA=
13,0,TKSVpaPfsqFD4YmTlLcwa0Pzyzs=,6bAj5vtHsC7QFqG1uas3lN5b5MA=
15,8,TKSVpaPfsqFD4YmTlLcwa0Pzyzs=,6bAj5vtHsC7QFqG1uas3lN5b5MA=
12,0,TKSVpaPfsqFD4YmTlLcwa0Pzyzs=,6bAj5vtHsC7QFqG1uas3lN5b5MA=
15,9,TKSVpaPfsqFD4YmTlLcwa0Pzyzs=,6bAj5vtHsC7QFqG1uas3lN5b5MA=
14,0,TKSVpaPfsqFD4YmTlLcwa0Pzyzs=,6bAj5vtHsC7QFqG1uas3lN5b5MA=
1,6,TKSVpaPfsqFD4YmTlLcwa0Pzyzs=,6bAj5vtHsC7QFqG1uas3lN5b5MA=
10,10,TKSVpaPfsqFD4YmTlLcwa0Pzyzs=,6bAj5vtHsC7QFqG1uas3lN5b5MA=
1,14,TKSVpaPfsqFD4YmTlLcwa0Pzyzs=,6bAj5vtHsC7QFqG1uas3lN5b5MA=
1,13,TKSVpaPfsqFD4YmTlLcwa0Pzyzs=,6bAj5vtHsC7QFqG1uas3lN5b5MA=
14,8,TKSVpaPfsqFD4YmTlLcwa0Pzyzs=,6bAj5vtHsC7QFqG1uas3lN5b5MA=
15,11,TKSVpaPfsqFD4YmTlLcwa0Pzyzs=,6bAj5vtHsC7QFqG1uas3lN5b5MA=
15,0,TKSVpaPfsqFD4YmTlLcwa0Pzyzs=,6bAj5vtHsC7QFqG1uas3lN5b5MA=
0,12,TKSVpaPfsqFD4YmTlLcwa0Pzyzs=,6bAj5vtHsC7QFqG1uas3lN5b5MA=
1,15,TKSVpaPfsqFD4YmTlLcwa0Pzyzs=,6bAj5vtHsC7QFqG1uas3lN5b5MA=
1,11,TKSVpaPfsqFD4YmTlLcwa0Pzyzs=,6bAj5vtHsC7QFqG1uas3lN5b5MA=
14,10,TKSVpaPfsqFD4YmTlLcwa0Pzyzs=,6bAj5vtHsC7QFqG1uas3lN5b5MA=
0,14,TKSVpaPfsqFD4YmTlLcwa0Pzyzs=,6bAj5vtHsC7QFqG1uas3lN5b5MA=
0,15,TKSVpaPfsqFD4YmTlLcwa0Pzyzs=,6bAj5vtHsC7QFqG1uas3lN5b5MA=
0,13,TKSVpaPfsqFD4YmTlLcwa0Pzyzs=,6bAj5vtHsC7QFqG1uas3lN5b5MA=
1,12,TKSVpaPfsqFD4YmTlLcwa0Pzyzs=,6bAj5vtHsC7QFqG1uas3lN5b5MA=
1,10,TKSVpaPfsqFD4YmTlLcwa0Pzyzs=,6bAj5vtHsC7QFqG1uas3lN5b5MA=
14,9,TKSVpaPfsqFD4YmTlLcwa0Pzyzs=,6bAj5vtHsC7QFqG1uas3lN5b5MA=
15,10,TKSVpaPfsqFD4YmTlLcwa0Pzyzs=,6bAj5vtHsC7QFqG1uas3lN5b5MA=
0,10,TKSVpaPfsqFD4YmTlLcwa0Pzyzs=,6bAj5vtHsC7QFqG1uas3lN5b5MA=
1,1,TKSVpaPfsqFD4YmTlLcwa0Pzyzs=,6bAj5vtHsC7QFqG1uas3lN5b5MA=
1,0,TKSVpaPfsqFD4YmTlLcwa0Pzyzs=,6bAj5vtHsC7QFqG1uas3lN5b5MA=
0,1,TKSVpaPfsqFD4YmTlLcwa0Pzyzs=,6bAj5vtHsC7QFqG1uas3lN5b5MA=
0,11,TKSVpaPfsqFD4YmTlLcwa0Pzyzs=,6bAj5vtHsC7QFqG1uas3lN5b5MA=
0,0,TKSVpaPfsqFD4YmTlLcwa0Pzyzs=,6bAj5vtHsC7QFqG1uas3lN5b5MA=
6,19,chicaVOxrrDO+CjF1Jv8gE3alMQ=,6bAj5vtHsC7QFqG1uas3lN5b5MA=
5,19,chicaVOxrrDO+CjF1Jv8gE3alMQ=,6bAj5vtHsC7QFqG1uas3lN5b5MA=
2,17,chicaVOxrrDO+CjF1Jv8gE3alMQ=,6bAj5vtHsC7QFqG1uas3lN5b5MA=
4,18,chicaVOxrrDO+CjF1Jv8gE3alMQ=,6bAj5vtHsC7QFqG1uas3lN5b5MA=
3,17,chicaVOxrrDO+CjF1Jv8gE3alMQ=,6bAj5vtHsC7QFqG1uas3lN5b5MA=
3,18,chicaVOxrrDO+CjF1Jv8gE3alMQ=,6bAj5vtHsC7QFqG1uas3lN5b5MA=
2,18,chicaVOxrrDO+CjF1Jv8gE3alMQ=,6bAj5vtHsC7QFqG1uas3lN5b5MA=
4,17,chicaVOxrrDO+CjF1Jv8gE3alMQ=,6bAj5vtHsC7QFqG1uas3lN5b5MA=
5,18,chicaVOxrrDO+CjF1Jv8gE3alMQ=,6bAj5vtHsC7QFqG1uas3lN5b5MA=
4,19,chicaVOxrrDO+CjF1Jv8gE3alMQ=,6bAj5vtHsC7QFqG1uas3lN5b5MA=
3,19,chicaVOxrrDO+CjF1Jv8gE3alMQ=,6bAj5vtHsC7QFqG1uas3lN5b5MA=
2,19,chicaVOxrrDO+CjF1Jv8gE3alMQ=,6bAj5vtHsC7QFqG1uas3lN5b5MA=
2,20,chicaVOxrrDO+CjF1Jv8gE3alMQ=,6bAj5vtHsC7QFqG1uas3lN5b5MA=
3,20,chicaVOxrrDO+CjF1Jv8gE3alMQ=,6bAj5vtHsC7QFqG1uas3lN5b5MA=
3,21,chicaVOxrrDO+CjF1Jv8gE3alMQ=,6bAj5vtHsC7QFqG1uas3lN5b5MA=
2,21,chicaVOxrrDO+CjF1Jv8gE3alMQ=,6bAj5vtHsC7QFqG1uas3lN5b5MA=
14,25,chicaVOxrrDO+CjF1Jv8gE3alMQ=,6bAj5vtHsC7QFqG1uas3lN5b5MA=
13,26,chicaVOxrrDO+CjF1Jv8gE3alMQ=,6bAj5vtHsC7QFqG1uas3lN5b5MA=
14,26,chicaVOxrrDO+CjF1Jv8gE3alMQ=,6bAj5vtHsC7QFqG1uas3lN5b5MA=
13,25,chicaVOxrrDO+CjF1Jv8gE3alMQ=,6bAj5vtHsC7QFqG1uas3lN5b5MA=
13,23,chicaVOxrrDO+CjF1Jv8gE3alMQ=,6bAj5vtHsC7QFqG1uas3lN5b5MA=
14,23,chicaVOxrrDO+CjF1Jv8gE3alMQ=,6bAj5vtHsC7QFqG1uas3lN5b5MA=
13,24,chicaVOxrrDO+CjF1Jv8gE3alMQ=,6bAj5vtHsC7QFqG1uas3lN5b5MA=
14,24,chicaVOxrrDO+CjF1Jv8gE3alMQ=,6bAj5vtHsC7QFqG1uas3lN5b5MA=
14,20,chicaVOxrrDO+CjF1Jv8gE3alMQ=,6bAj5vtHsC7QFqG1uas3lN5b5MA=
12,25,chicaVOxrrDO+CjF1Jv8gE3alMQ=,6bAj5vtHsC7QFqG1uas3lN5b5MA=
8,25,chicaVOxrrDO+CjF1Jv8gE3alMQ=,6bAj5vtHsC7QFqG1uas3lN5b5MA=
10,27,chicaVOxrrDO+CjF1Jv8gE3alMQ=,6bAj5vtHsC7QFqG1uas3lN5b5MA=
9,25,chicaVOxrrDO+CjF1Jv8gE3alMQ=,6bAj5vtHsC7QFqG1uas3lN5b5MA=
10,26,chicaVOxrrDO+CjF1Jv8gE3alMQ=,6bAj5vtHsC7QFqG1uas3lN5b5MA=
9,27,chicaVOxrrDO+CjF1Jv8gE3alMQ=,6bAj5vtHsC7QFqG1uas3lN5b5MA=
9,26,chicaVOxrrDO+CjF1Jv8gE3alMQ=,6bAj5vtHsC7QFqG1uas3lN5b5MA=
12,23,chicaVOxrrDO+CjF1Jv8gE3alMQ=,6bAj5vtHsC7QFqG1uas3lN5b5MA=
7,19,chicaVOxrrDO+CjF1Jv8gE3alMQ=,6bAj5vtHsC7QFqG1uas3lN5b5MA=
12,24,chicaVOxrrDO+CjF1Jv8gE3alMQ=,6bAj5vtHsC7QFqG1uas3lN5b5MA=
8,26,chicaVOxrrDO+CjF1Jv8gE3alMQ=,6bAj5vtHsC7QFqG1uas3lN5b5MA=
8,21,chicaVOxrrDO+CjF1Jv8gE3alMQ=,6bAj5vtHsC7QFqG1uas3lN5b5MA=
12,29,chicaVOxrrDO+CjF1Jv8gE3alMQ=,6bAj5vtHsC7QFqG1uas3lN5b5MA=
14,28,chicaVOxrrDO+CjF1Jv8gE3alMQ=,6bAj5vtHsC7QFqG1uas3lN5b5MA=
14,27,chicaVOxrrDO+CjF1Jv8gE3alMQ=,6bAj5vtHsC7QFqG1uas3lN5b5MA=
11,26,chicaVOxrrDO+CjF1Jv8gE3alMQ=,6bAj5vtHsC7QFqG1uas3lN5b5MA=
15,29,chicaVOxrrDO+CjF1Jv8gE3alMQ=,6bAj5vtHsC7QFqG1uas3lN5b5MA=
15,28,chicaVOxrrDO+CjF1Jv8gE3alMQ=,6bAj5vtHsC7QFqG1uas3lN5b5MA=
15,25,chicaVOxrrDO+CjF1Jv8gE3alMQ=,6bAj5vtHsC7QFqG1uas3lN5b5MA=
15,26,chicaVOxrrDO+CjF1Jv8gE3alMQ=,6bAj5vtHsC7QFqG1uas3lN5b5MA=
11,27,chicaVOxrrDO+CjF1Jv8gE3alMQ=,6bAj5vtHsC7QFqG1uas3lN5b5MA=
12,26,chicaVOxrrDO+CjF1Jv8gE3alMQ=,6bAj5vtHsC7QFqG1uas3lN5b5MA=
15,27,chicaVOxrrDO+CjF1Jv8gE3alMQ=,6bAj5vtHsC7QFqG1uas3lN5b5MA=
13,28,chicaVOxrrDO+CjF1Jv8gE3alMQ=,6bAj5vtHsC7QFqG1uas3lN5b5MA=
8,22,chicaVOxrrDO+CjF1Jv8gE3alMQ=,6bAj5vtHsC7QFqG1uas3lN5b5MA=
15,31,chicaVOxrrDO+CjF1Jv8gE3alMQ=,6bAj5vtHsC7QFqG1uas3lN5b5MA=
13,27,chicaVOxrrDO+CjF1Jv8gE3alMQ=,6bAj5vtHsC7QFqG1uas3lN5b5MA=
8,23,chicaVOxrrDO+CjF1Jv8gE3alMQ=,6bAj5vtHsC7QFqG1uas3lN5b5MA=
14,31,chicaVOxrrDO+CjF1Jv8gE3alMQ=,6bAj5vtHsC7QFqG1uas3lN5b5MA=
15,30,chicaVOxrrDO+CjF1Jv8gE3alMQ=,6bAj5vtHsC7QFqG1uas3lN5b5MA=
12,30,chicaVOxrrDO+CjF1Jv8gE3alMQ=,6bAj5vtHsC7QFqG1uas3lN5b5MA=
14,29,chicaVOxrrDO+CjF1Jv8gE3alMQ=,6bAj5vtHsC7QFqG1uas3lN5b5MA=
13,29,chicaVOxrrDO+CjF1Jv8gE3alMQ=,6bAj5vtHsC7QFqG1uas3lN5b5MA=
12,27,chicaVOxrrDO+CjF1Jv8gE3alMQ=,6bAj5vtHsC7QFqG1uas3lN5b5MA=
9,24,chicaVOxrrDO+CjF1Jv8gE3alMQ=,6bAj5vtHsC7QFqG1uas3lN5b5MA=
10,24,chicaVOxrrDO+CjF1Jv8gE3alMQ=,6bAj5vtHsC7QFqG1uas3lN5b5MA=
7,18,chicaVOxrrDO+CjF1Jv8gE3alMQ=,6bAj5vtHsC7QFqG1uas3lN5b5MA=
10,25,chicaVOxrrDO+CjF1Jv8gE3alMQ=,6bAj5vtHsC7QFqG1uas3lN5b5MA=
12,28,chicaVOxrrDO+CjF1Jv8gE3alMQ=,6bAj5vtHsC7QFqG1uas3lN5b5MA=
6,18,chicaVOxrrDO+CjF1Jv8gE3alMQ=,6bAj5vtHsC7QFqG1uas3lN5b5MA=
1,29,chicaVOxrrDO+CjF1Jv8gE3alMQ=,6bAj5vtHsC7QFqG1uas3lN5b5MA=
2,29,chicaVOxrrDO+CjF1Jv8gE3alMQ=,6bAj5vtHsC7QFqG1uas3lN5b5MA=
1,30,chicaVOxrrDO+CjF1Jv8gE3alMQ=,6bAj5vtHsC7QFqG1uas3lN5b5MA=
14,30,chicaVOxrrDO+CjF1Jv8gE3alMQ=,6bAj5vtHsC7QFqG1uas3lN5b5MA=
2,30,chicaVOxrrDO+CjF1Jv8gE3alMQ=,6bAj5vtHsC7QFqG1uas3lN5b5MA=
3,29,chicaVOxrrDO+CjF1Jv8gE3alMQ=,6bAj5vtHsC7QFqG1uas3lN5b5MA=
3,30,chicaVOxrrDO+CjF1Jv8gE3alMQ=,6bAj5vtHsC7QFqG1uas3lN5b5MA=
8,27,chicaVOxrrDO+CjF1Jv8gE3alMQ=,6bAj5vtHsC7QFqG1uas3lN5b5MA=
11,24,chicaVOxrrDO+CjF1Jv8gE3alMQ=,6bAj5vtHsC7QFqG1uas3lN5b5MA=
1,23,chicaVOxrrDO+CjF1Jv8gE3alMQ=,6bAj5vtHsC7QFqG1uas3lN5b5MA=
2,23,chicaVOxrrDO+CjF1Jv8gE3alMQ=,6bAj5vtHsC7QFqG1uas3lN5b5MA=
0,30,chicaVOxrrDO+CjF1Jv8gE3alMQ=,6bAj5vtHsC7QFqG1uas3lN5b5MA=
0,29,7VaEB6FEwo3dLJSmG4//BpSv4Bk=,6bAj5vtHsC7QFqG1uas3lN5b5MA=
10,21,7VaEB6FEwo3dLJSmG4//BpSv4Bk=,6bAj5vtHsC7QFqG1uas3lN5b5MA=
0,28,7VaEB6FEwo3dLJSmG4//BpSv4Bk=,6bAj5vtHsC7QFqG1uas3lN5b5MA=
3,22,7VaEB6FEwo3dLJSmG4//BpSv4Bk=,6bAj5vtHsC7QFqG1uas3lN5b5MA=
11,19,7VaEB6FEwo3dLJSmG4//BpSv4Bk=,6bAj5vtHsC7QFqG1uas3lN5b5MA=
11,21,7VaEB6FEwo3dLJSmG4//BpSv4Bk=,6bAj5vtHsC7QFqG1uas3lN5b5MA=
9,18,7VaEB6FEwo3dLJSmG4//BpSv4Bk=,6bAj5vtHsC7QFqG1uas3lN5b5MA=
11,25,7VaEB6FEwo3dLJSmG4//BpSv4Bk=,6bAj5vtHsC7QFqG1uas3lN5b5MA=
11,23,7VaEB6FEwo3dLJSmG4//BpSv4Bk=,6bAj5vtHsC7QFqG1uas3lN5b5MA=
8,24,7VaEB6FEwo3dLJSmG4//BpSv4Bk=,6bAj5vtHsC7QFqG1uas3lN5b5MA=
3,28,7VaEB6FEwo3dLJSmG4//BpSv4Bk=,6bAj5vtHsC7QFqG1uas3lN5b5MA=
2,22,7VaEB6FEwo3dLJSmG4//BpSv4Bk=,6bAj5vtHsC7QFqG1uas3lN5b5MA=
2,28,7VaEB6FEwo3dLJSmG4//BpSv4Bk=,6bAj5vtHsC7QFqG1uas3lN5b5MA=
1,28,7VaEB6FEwo3dLJSmG4//BpSv4Bk=,6bAj5vtHsC7QFqG1uas3lN5b5MA=
8,20,7VaEB6FEwo3dLJSmG4//BpSv4Bk=,6bAj5vtHsC7QFqG1uas3lN5b5MA=
3,23,7VaEB6FEwo3dLJSmG4//BpSv4Bk=,6bAj5vtHsC7QFqG1uas3lN5b5MA=
9,21,7VaEB6FEwo3dLJSmG4//BpSv4Bk=,6bAj5vtHsC7QFqG1uas3lN5b5MA=
13,22,7VaEB6FEwo3dLJSmG4//BpSv4Bk=,6bAj5vtHsC7QFqG1uas3lN5b5MA=
13,20,7VaEB6FEwo3dLJSmG4//BpSv4Bk=,6bAj5vtHsC7QFqG1uas3lN5b5MA=
10,23,7VaEB6FEwo3dLJSmG4//BpSv4Bk=,6bAj5vtHsC7QFqG1uas3lN5b5MA=
12,22,7VaEB6FEwo3dLJSmG4//BpSv4Bk=,6bAj5vtHsC7QFqG1uas3lN5b5MA=
15,23,7VaEB6FEwo3dLJSmG4//BpSv4Bk=,6bAj5vtHsC7QFqG1uas3lN5b5MA=
15,20,7VaEB6FEwo3dLJSmG4//BpSv4Bk=,6bAj5vtHsC7QFqG1uas3lN5b5MA=
15,24,7VaEB6FEwo3dLJSmG4//BpSv4Bk=,6bAj5vtHsC7QFqG1uas3lN5b5MA=
13,21,7VaEB6FEwo3dLJSmG4//BpSv4Bk=,6bAj5vtHsC7QFqG1uas3lN5b5MA=
10,18,7VaEB6FEwo3dLJSmG4//BpSv4Bk=,6bAj5vtHsC7QFqG1uas3lN5b5MA=
10,19,7VaEB6FEwo3dLJSmG4//BpSv4Bk=,6bAj5vtHsC7QFqG1uas3lN5b5MA=
9,22,7VaEB6FEwo3dLJSmG4//BpSv4Bk=,6bAj5vtHsC7QFqG1uas3lN5b5MA=
8,18,7VaEB6FEwo3dLJSmG4//BpSv4Bk=,6bAj5vtHsC7QFqG1uas3lN5b5MA=
11,18,7VaEB6FEwo3dLJSmG4//BpSv4Bk=,6bAj5vtHsC7QFqG1uas3lN5b5MA=
0,22,7VaEB6FEwo3dLJSmG4//BpSv4Bk=,6bAj5vtHsC7QFqG1uas3lN5b5MA=
0,23,7VaEB6FEwo3dLJSmG4//BpSv4Bk=,6bAj5vtHsC7QFqG1uas3lN5b5MA=
9,19,7VaEB6FEwo3dLJSmG4//BpSv4Bk=,6bAj5vtHsC7QFqG1uas3lN5b5MA=
12,21,7VaEB6FEwo3dLJSmG4//BpSv4Bk=,6bAj5vtHsC7QFqG1uas3lN5b5MA=
15,21,7VaEB6FEwo3dLJSmG4//BpSv4Bk=,6bAj5vtHsC7QFqG1uas3lN5b5MA=
0,19,7VaEB6FEwo3dLJSmG4//BpSv4Bk=,6bAj5vtHsC7QFqG1uas3lN5b5MA=
10,22,7VaEB6FEwo3dLJSmG4//BpSv4Bk=,6bAj5vtHsC7QFqG1uas3lN5b5MA=
10,20,7VaEB6FEwo3dLJSmG4//BpSv4Bk=,6bAj5vtHsC7QFqG1uas3lN5b5MA=
15,22,7VaEB6FEwo3dLJSmG4//BpSv4Bk=,6bAj5vtHsC7QFqG1uas3lN5b5MA=
11,20,7VaEB6FEwo3dLJSmG4//BpSv4Bk=,6bAj5vtHsC7QFqG1uas3lN5b5MA=
0,20,7VaEB6FEwo3dLJSmG4//BpSv4Bk=,6bAj5vtHsC7QFqG1uas3lN5b5MA=
0,18,7VaEB6FEwo3dLJSmG4//BpSv4Bk=,6bAj5vtHsC7QFqG1uas3lN5b5MA=
14,22,7VaEB6FEwo3dLJSmG4//BpSv4Bk=,6bAj5vtHsC7QFqG1uas3lN5b5MA=
14,21,7VaEB6FEwo3dLJSmG4//BpSv4Bk=,6bAj5vtHsC7QFqG1uas3lN5b5MA=
8,19,7VaEB6FEwo3dLJSmG4//BpSv4Bk=,6bAj5vtHsC7QFqG1uas3lN5b5MA=
11,22,7VaEB6FEwo3dLJSmG4//BpSv4Bk=,6bAj5vtHsC7QFqG1uas3lN5b5MA=
1,21,7VaEB6FEwo3dLJSmG4//BpSv4Bk=,6bAj5vtHsC7QFqG1uas3lN5b5MA=
11,16,7VaEB6FEwo3dLJSmG4//BpSv4Bk=,6bAj5vtHsC7QFqG1uas3lN5b5MA=
0,21,7VaEB6FEwo3dLJSmG4//BpSv4Bk=,6bAj5vtHsC7QFqG1uas3lN5b5MA=
12,20,7VaEB6FEwo3dLJSmG4//BpSv4Bk=,6bAj5vtHsC7QFqG1uas3lN5b5MA=
1,19,7VaEB6FEwo3dLJSmG4//BpSv4Bk=,6bAj5vtHsC7QFqG1uas3lN5b5MA=
9,20,7VaEB6FEwo3dLJSmG4//BpSv4Bk=,6bAj5vtHsC7QFqG1uas3lN5b5MA=
1,31,7VaEB6FEwo3dLJSmG4//BpSv4Bk=,6bAj5vtHsC7QFqG1uas3lN5b5MA=
1,18,7VaEB6FEwo3dLJSmG4//BpSv4Bk=,6bAj5vtHsC7QFqG1uas3lN5b5MA=
9,23,7VaEB6FEwo3dLJSmG4//BpSv4Bk=,6bAj5vtHsC7QFqG1uas3lN5b5MA=
2,31,7VaEB6FEwo3dLJSmG4//BpSv4Bk=,6bAj5vtHsC7QFqG1uas3lN5b5MA=
3,31,7VaEB6FEwo3dLJSmG4//BpSv4Bk=,6bAj5vtHsC7QFqG1uas3lN5b5MA=
8,16,7VaEB6FEwo3dLJSmG4//BpSv4Bk=,6bAj5vtHsC7QFqG1uas3lN5b5MA=
2,16,7VaEB6FEwo3dLJSmG4//BpSv4Bk=,6bAj5vtHsC7QFqG1uas3lN5b5MA=
12,31,7VaEB6FEwo3dLJSmG4//BpSv4Bk=,6bAj5vtHsC7QFqG1uas3lN5b5MA=
1,22,7VaEB6FEwo3dLJSmG4//BpSv4Bk=,6bAj5vtHsC7QFqG1uas3lN5b5MA=
5,16,7VaEB6FEwo3dLJSmG4//BpSv4Bk=,6bAj5vtHsC7QFqG1uas3lN5b5MA=
0,31,7VaEB6FEwo3dLJSmG4//BpSv4Bk=,6bAj5vtHsC7QFqG1uas3lN5b5MA=
7,16,7VaEB6FEwo3dLJSmG4//BpSv4Bk=,6bAj5vtHsC7QFqG1uas3lN5b5MA=
6,16,7VaEB6FEwo3dLJSmG4//BpSv4Bk=,6bAj5vtHsC7QFqG1uas3lN5b5MA=
5,17,7VaEB6FEwo3dLJSmG4//BpSv4Bk=,6bAj5vtHsC7QFqG1uas3lN5b5MA=
1,16,7VaEB6FEwo3dLJSmG4//BpSv4Bk=,6bAj5vtHsC7QFqG1uas3lN5b5MA=
8,17,7VaEB6FEwo3dLJSmG4//BpSv4Bk=,6bAj5vtHsC7QFqG1uas3lN5b5MA=
3,16,7VaEB6FEwo3dLJSmG4//BpSv4Bk=,6bAj5vtHsC7QFqG1uas3lN5b5MA=
1,20,7VaEB6FEwo3dLJSmG4//BpSv4Bk=,6bAj5vtHsC7QFqG1uas3lN5b5MA=
13,30,7VaEB6FEwo3dLJSmG4//BpSv4Bk=,6bAj5vtHsC7QFqG1uas3lN5b5MA=
4,16,7VaEB6FEwo3dLJSmG4//BpSv4Bk=,6bAj5vtHsC7QFqG1uas3lN5b5MA=
13,31,7VaEB6FEwo3dLJSmG4//BpSv4Bk=,6bAj5vtHsC7QFqG1uas3lN5b5MA=
9,16,7VaEB6FEwo3dLJSmG4//BpSv4Bk=,6bAj5vtHsC7QFqG1uas3lN5b5MA=
11,17,7VaEB6FEwo3dLJSmG4//BpSv4Bk=,6bAj5vtHsC7QFqG1uas3lN5b5MA=
7,17,7VaEB6FEwo3dLJSmG4//BpSv4Bk=,6bAj5vtHsC7QFqG1uas3lN5b5MA=
1,17,7VaEB6FEwo3dLJSmG4//BpSv4Bk=,6bAj5vtHsC7QFqG1uas3lN5b5MA=
9,17,7VaEB6FEwo3dLJSmG4//BpSv4Bk=,6bAj5vtHsC7QFqG1uas3lN5b5MA=
10,16,7VaEB6FEwo3dLJSmG4//BpSv4Bk=,6bAj5vtHsC7QFqG1uas3lN5b5MA=
0,17,7VaEB6FEwo3dLJSmG4//BpSv4Bk=,6bAj5vtHsC7QFqG1uas3lN5b5MA=
0,16,7VaEB6FEwo3dLJSmG4//BpSv4Bk=,6bAj5vtHsC7QFqG1uas3lN5b5MA=
10,17,7VaEB6FEwo3dLJSmG4//BpSv4Bk=,6bAj5vtHsC7QFqG1uas3lN5b5MA=
6,17,7VaEB6FEwo3dLJSmG4//BpSv4Bk=,6bAj5vtHsC7QFqG1uas3lN5b5MA=
30,21,02qfaW5tTm4tqBasnS95Qc7uZHs=,6bAj5vtHsC7QFqG1uas3lN5b5MA=
30,22,02qfaW5tTm4tqBasnS95Qc7uZHs=,6bAj5vtHsC7QFqG1uas3lN5b5MA=
29,21,02qfaW5tTm4tqBasnS95Qc7uZHs=,6bAj5vtHsC7QFqG1uas3lN5b5MA=
30,23,02qfaW5tTm4tqBasnS95Qc7uZHs=,6bAj5vtHsC7QFqG1uas3lN5b5MA=
30,26,02qfaW5tTm4tqBasnS95Qc7uZHs=,6bAj5vtHsC7QFqG1uas3lN5b5MA=
25,25,02qfaW5tTm4tqBasnS95Qc7uZHs=,6bAj5vtHsC7QFqG1uas3lN5b5MA=
25,26,02qfaW5tTm4tqBasnS95Qc7uZHs=,6bAj5vtHsC7QFqG1uas3lN5b5MA=
30,25,02qfaW5tTm4tqBasnS95Qc7uZHs=,6bAj5vtHsC7QFqG1uas3lN5b5MA=
30,24,02qfaW5tTm4tqBasnS95Qc7uZHs=,6bAj5vtHsC7QFqG1uas3lN5b5MA=
25,18,02qfaW5tTm4tqBasnS95Qc7uZHs=,6bAj5vtHsC7QFqG1uas3lN5b5MA=
26,18,02qfaW5tTm4tqBasnS95Qc7uZHs=,6bAj5vtHsC7QFqG1uas3lN5b5MA=
26,17,02qfaW5tTm4tqBasnS95Qc7uZHs=,6bAj5vtHsC7QFqG1uas3lN5b5MA=
25,17,02qfaW5tTm4tqBasnS95Qc7uZHs=,6bAj5vtHsC7QFqG1uas3lN5b5MA=
27,22,02qfaW5tTm4tqBasnS95Qc7uZHs=,6bAj5vtHsC7QFqG1uas3lN5b5MA=
26,21,02qfaW5tTm4tqBasnS95Qc7uZHs=,6bAj5vtHsC7QFqG1uas3lN5b5MA=
26,20,02qfaW5tTm4tqBasnS95Qc7uZHs=,6bAj5vtHsC7QFqG1uas3lN5b5MA=
27,21,02qfaW5tTm4tqBasnS95Qc7uZHs=,6bAj5vtHsC7QFqG1uas3lN5b5MA=
28,22,02qfaW5tTm4tqBasnS95Qc7uZHs=,6bAj5vtHsC7QFqG1uas3lN5b5MA=
26,25,02qfaW5tTm4tqBasnS95Qc7uZHs=,6bAj5vtHsC7QFqG1uas3lN5b5MA=
25,19,02qfaW5tTm4tqBasnS95Qc7uZHs=,6bAj5vtHsC7QFqG1uas3lN5b5MA=
21,22,02qfaW5tTm4tqBasnS95Qc7uZHs=,6bAj5vtHsC7QFqG1uas3lN5b5MA=
22,22,02qfaW5tTm4tqBasnS95Qc7uZHs=,6bAj5vtHsC7QFqG1uas3lN5b5MA=
23,22,02qfaW5tTm4tqBasnS95Qc7uZHs=,6bAj5vtHsC7QFqG1uas3lN5b5MA=
28,25,02qfaW5tTm4tqBasnS95Qc7uZHs=,6bAj5vtHsC7QFqG1uas3lN5b5MA=
28,21,4eZlCQtpWK4nXoSBZwTSp7efp8U=,6bAj5vtHsC7QFqG1uas3lN5b5MA=
26,22,4eZlCQtpWK4nXoSBZwTSp7efp8U=,6bAj5vtHsC7QFqG1uas3lN5b5MA=
29,24,4eZlCQtpWK4nXoSBZwTSp7efp8U=,6bAj5vtHsC7QFqG1uas3lN5b5MA=
29,22,4eZlCQtpWK4nXoSBZwTSp7efp8U=,6bAj5vtHsC7QFqG1uas3lN5b5MA=
22,21,4eZlCQtpWK4nXoSBZwTSp7efp8U=,6bAj5vtHsC7QFqG1uas3lN5b5MA=
25,24,4eZlCQtpWK4nXoSBZwTSp7efp8U=,6bAj5vtHsC7QFqG1uas3lN5b5MA=
21,21,4eZlCQtpWK4nXoSBZwTSp7efp8U=,6bAj5vtHsC7QFqG1uas3lN5b5MA=
26,19,4eZlCQtpWK4nXoSBZwTSp7efp8U=,6bAj5vtHsC7QFqG1uas3lN5b5MA=
29,25,4eZlCQtpWK4nXoSBZwTSp7efp8U=,6bAj5vtHsC7QFqG1uas3lN5b5MA=
27,25,4eZlCQtpWK4nXoSBZwTSp7efp8U=,6bAj5vtHsC7QFqG1uas3lN5b5MA=
29,23,4eZlCQtpWK4nXoSBZwTSp7efp8U=,6bAj5vtHsC7QFqG1uas3lN5b5MA=
28,24,4eZlCQtpWK4nXoSBZwTSp7efp8U=,6bAj5vtHsC7QFqG1uas3lN5b5MA=
17,18,4eZlCQtpWK4nXoSBZwTSp7efp8U=,6bAj5vtHsC7QFqG1uas3lN5b5MA=
18,18,4eZlCQtpWK4nXoSBZwTSp7efp8U=,6bAj5vtHsC7QFqG1uas3lN5b5MA=
18,17,4eZlCQtpWK4nXoSBZwTSp7efp8U=,6bAj5vtHsC7QFqG1uas3lN5b5MA=
26,24,4eZlCQtpWK4nXoSBZwTSp7efp8U=,6bAj5vtHsC7QFqG1uas3lN5b5MA=
17,17,Aq3RGFjG7lH80UNyjXZT4SqDUQ8=,6bAj5vtHsC7QFqG1uas3lN5b5MA=
27,23,Aq3RGFjG7lH80UNyjXZT4SqDUQ8=,6bAj5vtHsC7QFqG1uas3lN5b5MA=
28,23,Aq3RGFjG7lH80UNyjXZT4SqDUQ8=,6bAj5vtHsC7QFqG1uas3lN5b5MA=
27,24,Aq3RGFjG7lH80UNyjXZT4SqDUQ8=,6bAj5vtHsC7QFqG1uas3lN5b5MA=
26,23,Aq3RGFjG7lH80UNyjXZT4SqDUQ8=,6bAj5vtHsC7QFqG1uas3lN5b5MA=
30,27,uXACdEqOZLsS2+tedgzKONp7Rdk=,6bAj5vtHsC7QFqG1uas3lN5b5MA=
30,29,uXACdEqOZLsS2+tedgzKONp7Rdk=,6bAj5vtHsC7QFqG1uas3lN5b5MA=
30,28,uXACdEqOZLsS2+tedgzKONp7Rdk=,6bAj5vtHsC7QFqG1uas3lN5b5MA=
30,30,uXACdEqOZLsS2+tedgzKONp7Rdk=,6bAj5vtHsC7QFqG1uas3lN5b5MA=
29,28,uXACdEqOZLsS2+tedgzKONp7Rdk=,6bAj5vtHsC7QFqG1uas3lN5b5MA=
29,27,uXACdEqOZLsS2+tedgzKONp7Rdk=,6bAj5vtHsC7QFqG1uas3lN5b5MA=
18,19,uXACdEqOZLsS2+tedgzKONp7Rdk=,6bAj5vtHsC7QFqG1uas3lN5b5MA=
18,22,uXACdEqOZLsS2+tedgzKONp7Rdk=,6bAj5vtHsC7QFqG1uas3lN5b5MA=
18,20,uXACdEqOZLsS2+tedgzKONp7Rdk=,6bAj5vtHsC7QFqG1uas3lN5b5MA=
18,21,uXACdEqOZLsS2+tedgzKONp7Rdk=,6bAj5vtHsC7QFqG1uas3lN5b5MA=
19,21,uXACdEqOZLsS2+tedgzKONp7Rdk=,6bAj5vtHsC7QFqG1uas3lN5b5MA=
19,22,uXACdEqOZLsS2+tedgzKONp7Rdk=,6bAj5vtHsC7QFqG1uas3lN5b5MA=
17,19,uXACdEqOZLsS2+tedgzKONp7Rdk=,6bAj5vtHsC7QFqG1uas3lN5b5MA=
20,21,uXACdEqOZLsS2+tedgzKONp7Rdk=,6bAj5vtHsC7QFqG1uas3lN5b5MA=
17,20,uXACdEqOZLsS2+tedgzKONp7Rdk=,6bAj5vtHsC7QFqG1uas3lN5b5MA=
20,22,uXACdEqOZLsS2+tedgzKONp7Rdk=,6bAj5vtHsC7QFqG1uas3lN5b5MA=
24,18,wHRlHxXPO4wzAQbMggbVEcV69Q0=,6bAj5vtHsC7QFqG1uas3lN5b5MA=
19,17,wHRlHxXPO4wzAQbMggbVEcV69Q0=,6bAj5vtHsC7QFqG1uas3lN5b5MA=
19,19,wHRlHxXPO4wzAQbMggbVEcV69Q0=,6bAj5vtHsC7QFqG1uas3lN5b5MA=
24,17,wHRlHxXPO4wzAQbMggbVEcV69Q0=,6bAj5vtHsC7QFqG1uas3lN5b5MA=
25,20,wHRlHxXPO4wzAQbMggbVEcV69Q0=,6bAj5vtHsC7QFqG1uas3lN5b5MA=
25,21,wHRlHxXPO4wzAQbMggbVEcV69Q0=,6bAj5vtHsC7QFqG1uas3lN5b5MA=
22,20,wHRlHxXPO4wzAQbMggbVEcV69Q0=,6bAj5vtHsC7QFqG1uas3lN5b5MA=
19,18,wHRlHxXPO4wzAQbMggbVEcV69Q0=,6bAj5vtHsC7QFqG1uas3lN5b5MA=
19,20,wHRlHxXPO4wzAQbMggbVEcV69Q0=,6bAj5vtHsC7QFqG1uas3lN5b5MA=
21,19,wHRlHxXPO4wzAQbMggbVEcV69Q0=,6bAj5vtHsC7QFqG1uas3lN5b5MA=
23,17,wHRlHxXPO4wzAQbMggbVEcV69Q0=,6bAj5vtHsC7QFqG1uas3lN5b5MA=
20,18,wHRlHxXPO4wzAQbMggbVEcV69Q0=,6bAj5vtHsC7QFqG1uas3lN5b5MA=
24,21,wHRlHxXPO4wzAQbMggbVEcV69Q0=,6bAj5vtHsC7QFqG1uas3lN5b5MA=
20,19,wHRlHxXPO4wzAQbMggbVEcV69Q0=,6bAj5vtHsC7QFqG1uas3lN5b5MA=
21,20,wHRlHxXPO4wzAQbMggbVEcV69Q0=,6bAj5vtHsC7QFqG1uas3lN5b5MA=
20,20,wHRlHxXPO4wzAQbMggbVEcV69Q0=,6bAj5vtHsC7QFqG1uas3lN5b5MA=
24,20,wHRlHxXPO4wzAQbMggbVEcV69Q0=,6bAj5vtHsC7QFqG1uas3lN5b5MA=
23,21,wHRlHxXPO4wzAQbMggbVEcV69Q0=,6bAj5vtHsC7QFqG1uas3lN5b5MA=
23,20,wHRlHxXPO4wzAQbMggbVEcV69Q0=,6bAj5vtHsC7QFqG1uas3lN5b5MA=
21,18,wHRlHxXPO4wzAQbMggbVEcV69Q0=,6bAj5vtHsC7QFqG1uas3lN5b5MA=
23,18,wHRlHxXPO4wzAQbMggbVEcV69Q0=,6bAj5vtHsC7QFqG1uas3lN5b5MA=
24,19,wHRlHxXPO4wzAQbMggbVEcV69Q0=,6bAj5vtHsC7QFqG1uas3lN5b5MA=
22,19,wHRlHxXPO4wzAQbMggbVEcV69Q0=,6bAj5vtHsC7QFqG1uas3lN5b5MA=
24,26,wHRlHxXPO4wzAQbMggbVEcV69Q0=,6bAj5vtHsC7QFqG1uas3lN5b5MA=
25,28,wHRlHxXPO4wzAQbMggbVEcV69Q0=,6bAj5vtHsC7QFqG1uas3lN5b5MA=
25,27,wHRlHxXPO4wzAQbMggbVEcV69Q0=,6bAj5vtHsC7QFqG1uas3lN5b5MA=
29,26,wHRlHxXPO4wzAQbMggbVEcV69Q0=,6bAj5vtHsC7QFqG1uas3lN5b5MA=
26,27,wHRlHxXPO4wzAQbMggbVEcV69Q0=,6bAj5vtHsC7QFqG1uas3lN5b5MA=
24,24,wHRlHxXPO4wzAQbMggbVEcV69Q0=,6bAj5vtHsC7QFqG1uas3lN5b5MA=
21,23,wHRlHxXPO4wzAQbMggbVEcV69Q0=,6bAj5vtHsC7QFqG1uas3lN5b5MA=
24,23,JmhZDIdbyYNZDvkR3qKQqKaAnuk=,6bAj5vtHsC7QFqG1uas3lN5b5MA=
23,19,JmhZDIdbyYNZDvkR3qKQqKaAnuk=,6bAj5vtHsC7QFqG1uas3lN5b5MA=
22,18,JmhZDIdbyYNZDvkR3qKQqKaAnuk=,6bAj5vtHsC7QFqG1uas3lN5b5MA=
23,23,JmhZDIdbyYNZDvkR3qKQqKaAnuk=,6bAj5vtHsC7QFqG1uas3lN5b5MA=
22,23,JmhZDIdbyYNZDvkR3qKQqKaAnuk=,6bAj5vtHsC7QFqG1uas3lN5b5MA=
24,25,JmhZDIdbyYNZDvkR3qKQqKaAnuk=,6bAj5vtHsC7QFqG1uas3lN5b5MA=
29,29,JmhZDIdbyYNZDvkR3qKQqKaAnuk=,6bAj5vtHsC7QFqG1uas3lN5b5MA=
24,22,JmhZDIdbyYNZDvkR3qKQqKaAnuk=,6bAj5vtHsC7QFqG1uas3lN5b5MA=
26,26,JmhZDIdbyYNZDvkR3qKQqKaAnuk=,6bAj5vtHsC7QFqG1uas3lN5b5MA=
25,23,JmhZDIdbyYNZDvkR3qKQqKaAnuk=,6bAj5vtHsC7QFqG1uas3lN5b5MA=
26,28,JmhZDIdbyYNZDvkR3qKQqKaAnuk=,6bAj5vtHsC7QFqG1uas3lN5b5MA=
25,22,JmhZDIdbyYNZDvkR3qKQqKaAnuk=,6bAj5vtHsC7QFqG1uas3lN5b5MA=
28,27,JmhZDIdbyYNZDvkR3qKQqKaAnuk=,6bAj5vtHsC7QFqG1uas3lN5b5MA=
27,27,JmhZDIdbyYNZDvkR3qKQqKaAnuk=,6bAj5vtHsC7QFqG1uas3lN5b5MA=
28,26,JmhZDIdbyYNZDvkR3qKQqKaAnuk=,6bAj5vtHsC7QFqG1uas3lN5b5MA=
27,26,JmhZDIdbyYNZDvkR3qKQqKaAnuk=,6bAj5vtHsC7QFqG1uas3lN5b5MA=
28,28,JmhZDIdbyYNZDvkR3qKQqKaAnuk=,6bAj5vtHsC7QFqG1uas3lN5b5MA=
26,29,JmhZDIdbyYNZDvkR3qKQqKaAnuk=,6bAj5vtHsC7QFqG1uas3lN5b5MA=
20,23,JmhZDIdbyYNZDvkR3qKQqKaAnuk=,6bAj5vtHsC7QFqG1uas3lN5b5MA=
19,23,JmhZDIdbyYNZDvkR3qKQqKaAnuk=,6bAj5vtHsC7QFqG1uas3lN5b5MA=
19,26,JmhZDIdbyYNZDvkR3qKQqKaAnuk=,6bAj5vtHsC7QFqG1uas3lN5b5MA=
17,26,JmhZDIdbyYNZDvkR3qKQqKaAnuk=,6bAj5vtHsC7QFqG1uas3lN5b5MA=
27,29,JmhZDIdbyYNZDvkR3qKQqKaAnuk=,6bAj5vtHsC7QFqG1uas3lN5b5MA=
19,25,JmhZDIdbyYNZDvkR3qKQqKaAnuk=,6bAj5vtHsC7QFqG1uas3lN5b5MA=
16,26,JmhZDIdbyYNZDvkR3qKQqKaAnuk=,6bAj5vtHsC7QFqG1uas3lN5b5MA=
19,24,JmhZDIdbyYNZDvkR3qKQqKaAnuk=,6bAj5vtHsC7QFqG1uas3lN5b5MA=
16,25,JmhZDIdbyYNZDvkR3qKQqKaAnuk=,6bAj5vtHsC7QFqG1uas3lN5b5MA=
18,24,4DiYtaZiaw+wEXKaXN8SRGC25mk=,6bAj5vtHsC7QFqG1uas3lN5b5MA=
18,23,4DiYtaZiaw+wEXKaXN8SRGC25mk=,6bAj5vtHsC7QFqG1uas3lN5b5MA=
28,29,4DiYtaZiaw+wEXKaXN8SRGC25mk=,6bAj5vtHsC7QFqG1uas3lN5b5MA=
18,25,4DiYtaZiaw+wEXKaXN8SRGC25mk=,6bAj5vtHsC7QFqG1uas3lN5b5MA=
27,28,4DiYtaZiaw+wEXKaXN8SRGC25mk=,6bAj5vtHsC7QFqG1uas3lN5b5MA=
24,28,4DiYtaZiaw+wEXKaXN8SRGC25mk=,6bAj5vtHsC7QFqG1uas3lN5b5MA=
21,28,4DiYtaZiaw+wEXKaXN8SRGC25mk=,6bAj5vtHsC7QFqG1uas3lN5b5MA=
23,29,4DiYtaZiaw+wEXKaXN8SRGC25mk=,6bAj5vtHsC7QFqG1uas3lN5b5MA=
23,28,4DiYtaZiaw+wEXKaXN8SRGC25mk=,6bAj5vtHsC7QFqG1uas3lN5b5MA=
22,29,4DiYtaZiaw+wEXKaXN8SRGC25mk=,6bAj5vtHsC7QFqG1uas3lN5b5MA=
24,27,4DiYtaZiaw+wEXKaXN8SRGC25mk=,6bAj5vtHsC7QFqG1uas3lN5b5MA=
27,20,4DiYtaZiaw+wEXKaXN8SRGC25mk=,6bAj5vtHsC7QFqG1uas3lN5b5MA=
30,20,4DiYtaZiaw+wEXKaXN8SRGC25mk=,6bAj5vtHsC7QFqG1uas3lN5b5MA=
31,22,4DiYtaZiaw+wEXKaXN8SRGC25mk=,6bAj5vtHsC7QFqG1uas3lN5b5MA=
29,20,4DiYtaZiaw+wEXKaXN8SRGC25mk=,6bAj5vtHsC7QFqG1uas3lN5b5MA=
31,21,4DiYtaZiaw+wEXKaXN8SRGC25mk=,6bAj5vtHsC7QFqG1uas3lN5b5MA=
27,17,4DiYtaZiaw+wEXKaXN8SRGC25mk=,6bAj5vtHsC7QFqG1uas3lN5b5MA=
31,25,4DiYtaZiaw+wEXKaXN8SRGC25mk=,6bAj5vtHsC7QFqG1uas3lN5b5MA=
31,23,4DiYtaZiaw+wEXKaXN8SRGC25mk=,6bAj5vtHsC7QFqG1uas3lN5b5MA=
31,29,4DiYtaZiaw+wEXKaXN8SRGC25mk=,6bAj5vtHsC7QFqG1uas3lN5b5MA=
28,20,4DiYtaZiaw+wEXKaXN8SRGC25mk=,6bAj5vtHsC7QFqG1uas3lN5b5MA=
27,18,4DiYtaZiaw+wEXKaXN8SRGC25mk=,6bAj5vtHsC7QFqG1uas3lN5b5MA=
31,26,4DiYtaZiaw+wEXKaXN8SRGC25mk=,6bAj5vtHsC7QFqG1uas3lN5b5MA=
31,27,4DiYtaZiaw+wEXKaXN8SRGC25mk=,6bAj5vtHsC7QFqG1uas3lN5b5MA=
31,30,4DiYtaZiaw+wEXKaXN8SRGC25mk=,6bAj5vtHsC7QFqG1uas3lN5b5MA=
31,24,4DiYtaZiaw+wEXKaXN8SRGC25mk=,6bAj5vtHsC7QFqG1uas3lN5b5MA=
22,28,4DiYtaZiaw+wEXKaXN8SRGC25mk=,6bAj5vtHsC7QFqG1uas3lN5b5MA=
31,28,4DiYtaZiaw+wEXKaXN8SRGC25mk=,6bAj5vtHsC7QFqG1uas3lN5b5MA=
27,19,4DiYtaZiaw+wEXKaXN8SRGC25mk=,6bAj5vtHsC7QFqG1uas3lN5b5MA=
25,29,4DiYtaZiaw+wEXKaXN8SRGC25mk=,6bAj5vtHsC7QFqG1uas3lN5b5MA=
24,29,4DiYtaZiaw+wEXKaXN8SRGC25mk=,6bAj5vtHsC7QFqG1uas3lN5b5MA=
26,16,Z5Dtwguxa49IzhgxvohJFoi6fUw=,6bAj5vtHsC7QFqG1uas3lN5b5MA=
23,16,Z5Dtwguxa49IzhgxvohJFoi6fUw=,6bAj5vtHsC7QFqG1uas3lN5b5MA=
24,16,Z5Dtwguxa49IzhgxvohJFoi6fUw=,6bAj5vtHsC7QFqG1uas3lN5b5MA=
25,16,Z5Dtwguxa49IzhgxvohJFoi6fUw=,6bAj5vtHsC7QFqG1uas3lN5b5MA=
22,16,Z5Dtwguxa49IzhgxvohJFoi6fUw=,6bAj5vtHsC7QFqG1uas3lN5b5MA=
20,28,Z5Dtwguxa49IzhgxvohJFoi6fUw=,6bAj5vtHsC7QFqG1uas3lN5b5MA=
17,27,Z5Dtwguxa49IzhgxvohJFoi6fUw=,6bAj5vtHsC7QFqG1uas3lN5b5MA=
16,28,Z5Dtwguxa49IzhgxvohJFoi6fUw=,6bAj5vtHsC7QFqG1uas3lN5b5MA=
22,17,Z5Dtwguxa49IzhgxvohJFoi6fUw=,6bAj5vtHsC7QFqG1uas3lN5b5MA=
16,29,Z5Dtwguxa49IzhgxvohJFoi6fUw=,6bAj5vtHsC7QFqG1uas3lN5b5MA=
17,29,Z5Dtwguxa49IzhgxvohJFoi6fUw=,6bAj5vtHsC7QFqG1uas3lN5b5MA=
16,31,Z5Dtwguxa49IzhgxvohJFoi6fUw=,6bAj5vtHsC7QFqG1uas3lN5b5MA=
16,27,Z5Dtwguxa49IzhgxvohJFoi6fUw=,6bAj5vtHsC7QFqG1uas3lN5b5MA=
18,26,Z5Dtwguxa49IzhgxvohJFoi6fUw=,6bAj5vtHsC7QFqG1uas3lN5b5MA=
17,31,Z5Dtwguxa49IzhgxvohJFoi6fUw=,6bAj5vtHsC7QFqG1uas3lN5b5MA=
17,28,Z5Dtwguxa49IzhgxvohJFoi6fUw=,6bAj5vtHsC7QFqG1uas3lN5b5MA=
17,30,Z5Dtwguxa49IzhgxvohJFoi6fUw=,6bAj5vtHsC7QFqG1uas3lN5b5MA=
21,29,Z5Dtwguxa49IzhgxvohJFoi6fUw=,6bAj5vtHsC7QFqG1uas3lN5b5MA=
16,30,Z5Dtwguxa49IzhgxvohJFoi6fUw=,6bAj5vtHsC7QFqG1uas3lN5b5MA=
19,28,Z5Dtwguxa49IzhgxvohJFoi6fUw=,6bAj5vtHsC7QFqG1uas3lN5b5MA=
16,18,Z5Dtwguxa49IzhgxvohJFoi6fUw=,6bAj5vtHsC7QFqG1uas3lN5b5MA=
20,29,Z5Dtwguxa49IzhgxvohJFoi6fUw=,6bAj5vtHsC7QFqG1uas3lN5b5MA=
19,27,Z5Dtwguxa49IzhgxvohJFoi6fUw=,6bAj5vtHsC7QFqG1uas3lN5b5MA=
16,17,Z5Dtwguxa49IzhgxvohJFoi6fUw=,6bAj5vtHsC7QFqG1uas3lN5b5MA=
27,16,Z5Dtwguxa49IzhgxvohJFoi6fUw=,6bAj5vtHsC7QFqG1uas3lN5b5MA=
18,29,Z5Dtwguxa49IzhgxvohJFoi6fUw=,6bAj5vtHsC7QFqG1uas3lN5b5MA=
19,29,Z5Dtwguxa49IzhgxvohJFoi6fUw=,6bAj5vtHsC7QFqG1uas3lN5b5MA=
18,31,Z5Dtwguxa49IzhgxvohJFoi6fUw=,6bAj5vtHsC7QFqG1uas3lN5b5MA=
18,27,LXBl+6+F+VRoy+LsSIk3Ac47BlY=,6bAj5vtHsC7QFqG1uas3lN5b5MA=
18,28,LXBl+6+F+VRoy+LsSIk3Ac47BlY=,6bAj5vtHsC7QFqG1uas3lN5b5MA=
19,31,LXBl+6+F+VRoy+LsSIk3Ac47BlY=,6bAj5vtHsC7QFqG1uas3lN5b5MA=
18,30,LXBl+6+F+VRoy+LsSIk3Ac47BlY=,6bAj5vtHsC7QFqG1uas3lN5b5MA=
19,30,LXBl+6+F+VRoy+LsSIk3Ac47BlY=,6bAj5vtHsC7QFqG1uas3lN5b5MA=
21,31,LXBl+6+F+VRoy+LsSIk3Ac47BlY=,6bAj5vtHsC7QFqG1uas3lN5b5MA=
20,31,LXBl+6+F+VRoy+LsSIk3Ac47BlY=,6bAj5vtHsC7QFqG1uas3lN5b5MA=
20,30,LXBl+6+F+VRoy+LsSIk3Ac47BlY=,6bAj5vtHsC7QFqG1uas3lN5b5MA=
21,30,LXBl+6+F+VRoy+LsSIk3Ac47BlY=,6bAj5vtHsC7QFqG1uas3lN5b5MA=
31,20,LXBl+6+F+VRoy+LsSIk3Ac47BlY=,6bAj5vtHsC7QFqG1uas3lN5b5MA=
30,31,LXBl+6+F+VRoy+LsSIk3Ac47BlY=,6bAj5vtHsC7QFqG1uas3lN5b5MA=
31,31,LXBl+6+F+VRoy+LsSIk3Ac47BlY=,6bAj5vtHsC7QFqG1uas3lN5b5MA=
16,16,LXBl+6+F+VRoy+LsSIk3Ac47BlY=,6bAj5vtHsC7QFqG1uas3lN5b5MA=
18,16,LXBl+6+F+VRoy+LsSIk3Ac47BlY=,6bAj5vtHsC7QFqG1uas3lN5b5MA=
19,16,LXBl+6+F+VRoy+LsSIk3Ac47BlY=,6bAj5vtHsC7QFqG1uas3lN5b5MA=
20,17,LXBl+6+F+VRoy+LsSIk3Ac47BlY=,6bAj5vtHsC7QFqG1uas3lN5b5MA=
16,20,LXBl+6+F+VRoy+LsSIk3Ac47BlY=,6bAj5vtHsC7QFqG1uas3lN5b5MA=
17,16,0MxPPjykXZPCGc/EsJw5+L12NHY=,6bAj5vtHsC7QFqG1uas3lN5b5MA=
21,16,0MxPPjykXZPCGc/EsJw5+L12NHY=,6bAj5vtHsC7QFqG1uas3lN5b5MA=
16,24,0MxPPjykXZPCGc/EsJw5+L12NHY=,6bAj5vtHsC7QFqG1uas3lN5b5MA=
16,19,0MxPPjykXZPCGc/EsJw5+L12NHY=,6bAj5vtHsC7QFqG1uas3lN5b5MA=
17,25,0MxPPjykXZPCGc/EsJw5+L12NHY=,6bAj5vtHsC7QFqG1uas3lN5b5MA=
17,21,0MxPPjykXZPCGc/EsJw5+L12NHY=,6bAj5vtHsC7QFqG1uas3lN5b5MA=
21,17,0MxPPjykXZPCGc/EsJw5+L12NHY=,6bAj5vtHsC7QFqG1uas3lN5b5MA=
16,23,0MxPPjykXZPCGc/EsJw5+L12NHY=,6bAj5vtHsC7QFqG1uas3lN5b5MA=
20,16,0MxPPjykXZPCGc/EsJw5+L12NHY=,6bAj5vtHsC7QFqG1uas3lN5b5MA=
17,24,0MxPPjykXZPCGc/EsJw5+L12NHY=,6bAj5vtHsC7QFqG1uas3lN5b5MA=
27,31,0MxPPjykXZPCGc/EsJw5+L12NHY=,6bAj5vtHsC7QFqG1uas3lN5b5MA=
29,30,0MxPPjykXZPCGc/EsJw5+L12NHY=,6bAj5vtHsC7QFqG1uas3lN5b5MA=
22,30,0MxPPjykXZPCGc/EsJw5+L12NHY=,6bAj5vtHsC7QFqG1uas3lN5b5MA=
17,22,0MxPPjykXZPCGc/EsJw5+L12NHY=,6bAj5vtHsC7QFqG1uas3lN5b5MA=
17,23,0MxPPjykXZPCGc/EsJw5+L12NHY=,6bAj5vtHsC7QFqG1uas3lN5b5MA=
16,22,0MxPPjykXZPCGc/EsJw5+L12NHY=,6bAj5vtHsC7QFqG1uas3lN5b5MA=
16,21,0MxPPjykXZPCGc/EsJw5+L12NHY=,6bAj5vtHsC7QFqG1uas3lN5b5MA=
23,31,0MxPPjykXZPCGc/EsJw5+L12NHY=,6bAj5vtHsC7QFqG1uas3lN5b5MA=
25,31,0MxPPjykXZPCGc/EsJw5+L12NHY=,6bAj5vtHsC7QFqG1uas3lN5b5MA=
22,31,0MxPPjykXZPCGc/EsJw5+L12NHY=,6bAj5vtHsC7QFqG1uas3lN5b5MA=
24,31,0MxPPjykXZPCGc/EsJw5+L12NHY=,6bAj5vtHsC7QFqG1uas3lN5b5MA=
23,30,0MxPPjykXZPCGc/EsJw5+L12NHY=,6bAj5vtHsC7QFqG1uas3lN5b5MA=
26,31,0MxPPjykXZPCGc/EsJw5+L12NHY=,6bAj5vtHsC7QFqG1uas3lN5b5MA=
27,30,0MxPPjykXZPCGc/EsJw5+L12NHY=,6bAj5vtHsC7QFqG1uas3lN5b5MA=
26,30,0MxPPjykXZPCGc/EsJw5+L12NHY=,6bAj5vtHsC7QFqG1uas3lN5b5MA=
29,31,0MxPPjykXZPCGc/EsJw5+L12NHY=,6bAj5vtHsC7QFqG1uas3lN5b5MA=
25,30,0MxPPjykXZPCGc/EsJw5+L12NHY=,6bAj5vtHsC7QFqG1uas3lN5b5MA=
28,30,0MxPPjykXZPCGc/EsJw5+L12NHY=,6bAj5vtHsC7QFqG1uas3lN5b5MA=
24,30,0MxPPjykXZPCGc/EsJw5+L12NHY=,6bAj5vtHsC7QFqG1uas3lN5b5MA=
28,31,0MxPPjykXZPCGc/EsJw5+L12NHY=,6bAj5vtHsC7QFqG1uas3lN5b5MA=
22,12,mWcUlXtMbGIloW+IdAbrhfry29o=,6bAj5vtHsC7QFqG1uas3lN5b5MA=
21,12,mWcUlXtMbGIloW+IdAbrhfry29o=,6bAj5vtHsC7QFqG1uas3lN5b5MA=
22,13,mWcUlXtMbGIloW+IdAbrhfry29o=,6bAj5vtHsC7QFqG1uas3lN5b5MA=
22,14,mWcUlXtMbGIloW+IdAbrhfry29o=,6bAj5vtHsC7QFqG1uas3lN5b5MA=
21,13,mWcUlXtMbGIloW+IdAbrhfry29o=,6bAj5vtHsC7QFqG1uas3lN5b5MA=
21,14,mWcUlXtMbGIloW+IdAbrhfry29o=,6bAj5vtHsC7QFqG1uas3lN5b5MA=
19,9,hpvyEx7L8KVWW0HOdLbr7E36bCc=,6bAj5vtHsC7QFqG1uas3lN5b5MA=
18,10,hpvyEx7L8KVWW0HOdLbr7E36bCc=,6bAj5vtHsC7QFqG1uas3lN5b5MA=
19,10,hpvyEx7L8KVWW0HOdLbr7E36bCc=,6bAj5vtHsC7QFqG1uas3lN5b5MA=
17,10,hpvyEx7L8KVWW0HOdLbr7E36bCc=,6bAj5vtHsC7QFqG1uas3lN5b5MA=
18,8,bjiYfx0C4Dz+UQNuu5gOthozl5Y=,6bAj5vtHsC7QFqG1uas3lN5b5MA=
17,9,bjiYfx0C4Dz+UQNuu5gOthozl5Y=,6bAj5vtHsC7QFqG1uas3lN5b5MA=
18,9,bjiYfx0C4Dz+UQNuu5gOthozl5Y=,6bAj5vtHsC7QFqG1uas3lN5b5MA=
23,13,bjiYfx0C4Dz+UQNuu5gOthozl5Y=,6bAj5vtHsC7QFqG1uas3lN5b5MA=
17,8,+VSOIGhvjF477YI09YR61X+CGVA=,6bAj5vtHsC7QFqG1uas3lN5b5MA=
23,14,+VSOIGhvjF477YI09YR61X+CGVA=,6bAj5vtHsC7QFqG1uas3lN5b5MA=
19,8,+VSOIGhvjF477YI09YR61X+CGVA=,6bAj5vtHsC7QFqG1uas3lN5b5MA=
23,12,+VSOIGhvjF477YI09YR61X+CGVA=,6bAj5vtHsC7QFqG1uas3lN5b5MA=
23,15,3YQUpMYjVlKXGXqZavzTyDBb8cI=,6bAj5vtHsC7QFqG1uas3lN5b5MA=
22,15,3YQUpMYjVlKXGXqZavzTyDBb8cI=,6bAj5vtHsC7QFqG1uas3lN5b5MA=
16,9,9AS2JrYAfKkJXEgGj2DMVu5cAWA=,6bAj5vtHsC7QFqG1uas3lN5b5MA=
16,8,9AS2JrYAfKkJXEgGj2DMVu5cAWA=,6bAj5vtHsC7QFqG1uas3lN5b5MA=
20,14,DziPswgMcHrBKjHnfB4542gmRjw=,6bAj5vtHsC7QFqG1uas3lN5b5MA=
19,12,DziPswgMcHrBKjHnfB4542gmRjw=,6bAj5vtHsC7QFqG1uas3lN5b5MA=
17,14,DziPswgMcHrBKjHnfB4542gmRjw=,6bAj5vtHsC7QFqG1uas3lN5b5MA=
16,13,DziPswgMcHrBKjHnfB4542gmRjw=,6bAj5vtHsC7QFqG1uas3lN5b5MA=
17,15,DziPswgMcHrBKjHnfB4542gmRjw=,6bAj5vtHsC7QFqG1uas3lN5b5MA=
18,11,DziPswgMcHrBKjHnfB4542gmRjw=,6bAj5vtHsC7QFqG1uas3lN5b5MA=
16,14,DziPswgMcHrBKjHnfB4542gmRjw=,6bAj5vtHsC7QFqG1uas3lN5b5MA=
20,13,DziPswgMcHrBKjHnfB4542gmRjw=,6bAj5vtHsC7QFqG1uas3lN5b5MA=
16,15,DziPswgMcHrBKjHnfB4542gmRjw=,6bAj5vtHsC7QFqG1uas3lN5b5MA=
21,15,DziPswgMcHrBKjHnfB4542gmRjw=,6bAj5vtHsC7QFqG1uas3lN5b5MA=
19,13,DziPswgMcHrBKjHnfB4542gmRjw=,6bAj5vtHsC7QFqG1uas3lN5b5MA=
19,11,DziPswgMcHrBKjHnfB4542gmRjw=,6bAj5vtHsC7QFqG1uas3lN5b5MA=
20,12,DziPswgMcHrBKjHnfB4542gmRjw=,6bAj5vtHsC7QFqG1uas3lN5b5MA=
18,15,DziPswgMcHrBKjHnfB4542gmRjw=,6bAj5vtHsC7QFqG1uas3lN5b5MA=
17,13,DziPswgMcHrBKjHnfB4542gmRjw=,6bAj5vtHsC7QFqG1uas3lN5b5MA=
17,11,DziPswgMcHrBKjHnfB4542gmRjw=,6bAj5vtHsC7QFqG1uas3lN5b5MA=
16,10,DziPswgMcHrBKjHnfB4542gmRjw=,6bAj5vtHsC7QFqG1uas3lN5b5MA=
19,14,DziPswgMcHrBKjHnfB4542gmRjw=,6bAj5vtHsC7QFqG1uas3lN5b5MA=
20,15,DziPswgMcHrBKjHnfB4542gmRjw=,6bAj5vtHsC7QFqG1uas3lN5b5MA=
16,12,DziPswgMcHrBKjHnfB4542gmRjw=,6bAj5vtHsC7QFqG1uas3lN5b5MA=
19,15,DziPswgMcHrBKjHnfB4542gmRjw=,6bAj5vtHsC7QFqG1uas3lN5b5MA=
18,13,DziPswgMcHrBKjHnfB4542gmRjw=,6bAj5vtHsC7QFqG1uas3lN5b5MA=
16,11,DziPswgMcHrBKjHnfB4542gmRjw=,6bAj5vtHsC7QFqG1uas3lN5b5MA=
18,12,DziPswgMcHrBKjHnfB4542gmRjw=,6bAj5vtHsC7QFqG1uas3lN5b5MA=
18,14,DziPswgMcHrBKjHnfB4542gmRjw=,6bAj5vtHsC7QFqG1uas3lN5b5MA=
17,12,DziPswgMcHrBKjHnfB4542gmRjw=,6bAj5vtHsC7QFqG1uas3lN5b5MA=
