73,-3,6bZD7flp8fLfvU7r3SlHHejxF3o=,fszq7GAK61ad6s1HvNgRuIsd29w=
66,-2,6bZD7flp8fLfvU7r3SlHHejxF3o=,fszq7GAK61ad6s1HvNgRuIsd29w=
74,-3,6bZD7flp8fLfvU7r3SlHHejxF3o=,fszq7GAK61ad6s1HvNgRuIsd29w=
65,-3,6bZD7flp8fLfvU7r3SlHHejxF3o=,fszq7GAK61ad6s1HvNgRuIsd29w=
73,-2,6bZD7flp8fLfvU7r3SlHHejxF3o=,fszq7GAK61ad6s1HvNgRuIsd29w=
72,-3,6bZD7flp8fLfvU7r3SlHHejxF3o=,fszq7GAK61ad6s1HvNgRuIsd29w=
71,-3,6bZD7flp8fLfvU7r3SlHHejxF3o=,fszq7GAK61ad6s1HvNgRuIsd29w=
74,-2,6bZD7flp8fLfvU7r3SlHHejxF3o=,fszq7GAK61ad6s1HvNgRuIsd29w=
70,-3,6bZD7flp8fLfvU7r3SlHHejxF3o=,fszq7GAK61ad6s1HvNgRuIsd29w=
66,-3,6bZD7flp8fLfvU7r3SlHHejxF3o=,fszq7GAK61ad6s1HvNgRuIsd29w=
68,-3,6bZD7flp8fLfvU7r3SlHHejxF3o=,fszq7GAK61ad6s1HvNgRuIsd29w=
67,-3,6bZD7flp8fLfvU7r3SlHHejxF3o=,fszq7GAK61ad6s1HvNgRuIsd29w=
72,-2,6bZD7flp8fLfvU7r3SlHHejxF3o=,fszq7GAK61ad6s1HvNgRuIsd29w=
77,-4,6bZD7flp8fLfvU7r3SlHHejxF3o=,fszq7GAK61ad6s1HvNgRuIsd29w=
69,-3,6bZD7flp8fLfvU7r3SlHHejxF3o=,fszq7GAK61ad6s1HvNgRuIsd29w=
77,-1,6bZD7flp8fLfvU7r3SlHHejxF3o=,fszq7GAK61ad6s1HvNgRuIsd29w=
78,-4,6bZD7flp8fLfvU7r3SlHHejxF3o=,fszq7GAK61ad6s1HvNgRuIsd29w=
78,-3,6bZD7flp8fLfvU7r3SlHHejxF3o=,fszq7GAK61ad6s1HvNgRuIsd29w=
78,-2,6bZD7flp8fLfvU7r3SlHHejxF3o=,fszq7GAK61ad6s1HvNgRuIsd29w=
69,-1,6bZD7flp8fLfvU7r3SlHHejxF3o=,fszq7GAK61ad6s1HvNgRuIsd29w=
76,-3,6bZD7flp8fLfvU7r3SlHHejxF3o=,fszq7GAK61ad6s1HvNgRuIsd29w=
77,-2,6bZD7flp8fLfvU7r3SlHHejxF3o=,fszq7GAK61ad6s1HvNgRuIsd29w=
75,-3,6bZD7flp8fLfvU7r3SlHHejxF3o=,fszq7GAK61ad6s1HvNgRuIsd29w=
77,-3,6bZD7flp8fLfvU7r3SlHHejxF3o=,fszq7GAK61ad6s1HvNgRuIsd29w=
66,-4,6bZD7flp8fLfvU7r3SlHHejxF3o=,fszq7GAK61ad6s1HvNgRuIsd29w=
65,-4,6bZD7flp8fLfvU7r3SlHHejxF3o=,fszq7GAK61ad6s1HvNgRuIsd29w=
76,-1,6bZD7flp8fLfvU7r3SlHHejxF3o=,fszq7GAK61ad6s1HvNgRuIsd29w=
76,-2,6bZD7flp8fLfvU7r3SlHHejxF3o=,fszq7GAK61ad6s1HvNgRuIsd29w=
75,-1,6bZD7flp8fLfvU7r3SlHHejxF3o=,fszq7GAK61ad6s1HvNgRuIsd29w=
71,-1,6bZD7flp8fLfvU7r3SlHHejxF3o=,fszq7GAK61ad6s1HvNgRuIsd29w=
72,-1,6bZD7flp8fLfvU7r3SlHHejxF3o=,fszq7GAK61ad6s1HvNgRuIsd29w=
71,-2,6bZD7flp8fLfvU7r3SlHHejxF3o=,fszq7GAK61ad6s1HvNgRuIsd29w=
74,-1,6bZD7flp8fLfvU7r3SlHHejxF3o=,fszq7GAK61ad6s1HvNgRuIsd29w=
74,-4,6bZD7flp8fLfvU7r3SlHHejxF3o=,fszq7GAK61ad6s1HvNgRuIsd29w=
73,-1,6bZD7flp8fLfvU7r3SlHHejxF3o=,fszq7GAK61ad6s1HvNgRuIsd29w=
75,-4,6bZD7flp8fLfvU7r3SlHHejxF3o=,fszq7GAK61ad6s1HvNgRuIsd29w=
76,-4,6bZD7flp8fLfvU7r3SlHHejxF3o=,fszq7GAK61ad6s1HvNgRuIsd29w=
75,-2,6bZD7flp8fLfvU7r3SlHHejxF3o=,fszq7GAK61ad6s1HvNgRuIsd29w=
73,-4,6bZD7flp8fLfvU7r3SlHHejxF3o=,fszq7GAK61ad6s1HvNgRuIsd29w=
68,-4,6bZD7flp8fLfvU7r3SlHHejxF3o=,fszq7GAK61ad6s1HvNgRuIsd29w=
70,-2,6bZD7flp8fLfvU7r3SlHHejxF3o=,fszq7GAK61ad6s1HvNgRuIsd29w=
70,-1,6bZD7flp8fLfvU7r3SlHHejxF3o=,fszq7GAK61ad6s1HvNgRuIsd29w=
72,-4,6bZD7flp8fLfvU7r3SlHHejxF3o=,fszq7GAK61ad6s1HvNgRuIsd29w=
68,-1,6bZD7flp8fLfvU7r3SlHHejxF3o=,fszq7GAK61ad6s1HvNgRuIsd29w=
67,-4,6bZD7flp8fLfvU7r3SlHHejxF3o=,fszq7GAK61ad6s1HvNgRuIsd29w=
70,-4,6bZD7flp8fLfvU7r3SlHHejxF3o=,fszq7GAK61ad6s1HvNgRuIsd29w=
69,-2,6bZD7flp8fLfvU7r3SlHHejxF3o=,fszq7GAK61ad6s1HvNgRuIsd29w=
67,-2,6bZD7flp8fLfvU7r3SlHHejxF3o=,fszq7GAK61ad6s1HvNgRuIsd29w=
68,-2,6bZD7flp8fLfvU7r3SlHHejxF3o=,fszq7GAK61ad6s1HvNgRuIsd29w=
69,-4,6bZD7flp8fLfvU7r3SlHHejxF3o=,fszq7GAK61ad6s1HvNgRuIsd29w=
71,-4,6bZD7flp8fLfvU7r3SlHHejxF3o=,fszq7GAK61ad6s1HvNgRuIsd29w=
67,-1,6bZD7flp8fLfvU7r3SlHHejxF3o=,fszq7GAK61ad6s1HvNgRuIsd29w=
66,-1,6bZD7flp8fLfvU7r3SlHHejxF3o=,fszq7GAK61ad6s1HvNgRuIsd29w=
79,-3,6bZD7flp8fLfvU7r3SlHHejxF3o=,fszq7GAK61ad6s1HvNgRuIsd29w=
79,-2,6bZD7flp8fLfvU7r3SlHHejxF3o=,fszq7GAK61ad6s1HvNgRuIsd29w=
79,-4,6bZD7flp8fLfvU7r3SlHHejxF3o=,fszq7GAK61ad6s1HvNgRuIsd29w=
78,-1,6bZD7flp8fLfvU7r3SlHHejxF3o=,fszq7GAK61ad6s1HvNgRuIsd29w=
79,-1,6bZD7flp8fLfvU7r3SlHHejxF3o=,fszq7GAK61ad6s1HvNgRuIsd29w=
64,-4,6bZD7flp8fLfvU7r3SlHHejxF3o=,fszq7GAK61ad6s1HvNgRuIsd29w=
65,-1,6bZD7flp8fLfvU7r3SlHHejxF3o=,fszq7GAK61ad6s1HvNgRuIsd29w=
64,-3,6bZD7flp8fLfvU7r3SlHHejxF3o=,fszq7GAK61ad6s1HvNgRuIsd29w=
64,-1,6bZD7flp8fLfvU7r3SlHHejxF3o=,fszq7GAK61ad6s1HvNgRuIsd29w=
64,-2,6bZD7flp8fLfvU7r3SlHHejxF3o=,fszq7GAK61ad6s1HvNgRuIsd29w=
65,-2,6bZD7flp8fLfvU7r3SlHHejxF3o=,fszq7GAK61ad6s1HvNgRuIsd29w=
81,-3,g0TueasqPx3kFap3fA58aFHQwnw=,fszq7GAK61ad6s1HvNgRuIsd29w=
88,-3,g0TueasqPx3kFap3fA58aFHQwnw=,fszq7GAK61ad6s1HvNgRuIsd29w=
82,-2,g0TueasqPx3kFap3fA58aFHQwnw=,fszq7GAK61ad6s1HvNgRuIsd29w=
81,-2,g0TueasqPx3kFap3fA58aFHQwnw=,fszq7GAK61ad6s1HvNgRuIsd29w=
89,-1,g0TueasqPx3kFap3fA58aFHQwnw=,fszq7GAK61ad6s1HvNgRuIsd29w=
82,-4,g0TueasqPx3kFap3fA58aFHQwnw=,fszq7GAK61ad6s1HvNgRuIsd29w=
82,-3,g0TueasqPx3kFap3fA58aFHQwnw=,fszq7GAK61ad6s1HvNgRuIsd29w=
87,-2,g0TueasqPx3kFap3fA58aFHQwnw=,fszq7GAK61ad6s1HvNgRuIsd29w=
90,-4,g0TueasqPx3kFap3fA58aFHQwnw=,fszq7GAK61ad6s1HvNgRuIsd29w=
90,-1,g0TueasqPx3kFap3fA58aFHQwnw=,fszq7GAK61ad6s1HvNgRuIsd29w=
89,-4,g0TueasqPx3kFap3fA58aFHQwnw=,fszq7GAK61ad6s1HvNgRuIsd29w=
84,-3,g0TueasqPx3kFap3fA58aFHQwnw=,fszq7GAK61ad6s1HvNgRuIsd29w=
81,-4,g0TueasqPx3kFap3fA58aFHQwnw=,fszq7GAK61ad6s1HvNgRuIsd29w=
89,-3,g0TueasqPx3kFap3fA58aFHQwnw=,fszq7GAK61ad6s1HvNgRuIsd29w=
83,-2,g0TueasqPx3kFap3fA58aFHQwnw=,fszq7GAK61ad6s1HvNgRuIsd29w=
84,-1,g0TueasqPx3kFap3fA58aFHQwnw=,fszq7GAK61ad6s1HvNgRuIsd29w=
86,-1,g0TueasqPx3kFap3fA58aFHQwnw=,fszq7GAK61ad6s1HvNgRuIsd29w=
90,-3,g0TueasqPx3kFap3fA58aFHQwnw=,fszq7GAK61ad6s1HvNgRuIsd29w=
83,-4,g0TueasqPx3kFap3fA58aFHQwnw=,fszq7GAK61ad6s1HvNgRuIsd29w=
86,-3,g0TueasqPx3kFap3fA58aFHQwnw=,fszq7GAK61ad6s1HvNgRuIsd29w=
89,-2,g0TueasqPx3kFap3fA58aFHQwnw=,fszq7GAK61ad6s1HvNgRuIsd29w=
86,-2,g0TueasqPx3kFap3fA58aFHQwnw=,fszq7GAK61ad6s1HvNgRuIsd29w=
85,-4,g0TueasqPx3kFap3fA58aFHQwnw=,fszq7GAK61ad6s1HvNgRuIsd29w=
90,-2,g0TueasqPx3kFap3fA58aFHQwnw=,fszq7GAK61ad6s1HvNgRuIsd29w=
85,-3,g0TueasqPx3kFap3fA58aFHQwnw=,fszq7GAK61ad6s1HvNgRuIsd29w=
83,-1,g0TueasqPx3kFap3fA58aFHQwnw=,fszq7GAK61ad6s1HvNgRuIsd29w=
80,-4,g0TueasqPx3kFap3fA58aFHQwnw=,fszq7GAK61ad6s1HvNgRuIsd29w=
85,-2,g0TueasqPx3kFap3fA58aFHQwnw=,fszq7GAK61ad6s1HvNgRuIsd29w=
87,-4,g0TueasqPx3kFap3fA58aFHQwnw=,fszq7GAK61ad6s1HvNgRuIsd29w=
80,-2,g0TueasqPx3kFap3fA58aFHQwnw=,fszq7GAK61ad6s1HvNgRuIsd29w=
85,-1,g0TueasqPx3kFap3fA58aFHQwnw=,fszq7GAK61ad6s1HvNgRuIsd29w=
88,-4,g0TueasqPx3kFap3fA58aFHQwnw=,fszq7GAK61ad6s1HvNgRuIsd29w=
91,-2,g0TueasqPx3kFap3fA58aFHQwnw=,fszq7GAK61ad6s1HvNgRuIsd29w=
84,-4,g0TueasqPx3kFap3fA58aFHQwnw=,fszq7GAK61ad6s1HvNgRuIsd29w=
88,-2,g0TueasqPx3kFap3fA58aFHQwnw=,fszq7GAK61ad6s1HvNgRuIsd29w=
87,-1,g0TueasqPx3kFap3fA58aFHQwnw=,fszq7GAK61ad6s1HvNgRuIsd29w=
83,-3,g0TueasqPx3kFap3fA58aFHQwnw=,fszq7GAK61ad6s1HvNgRuIsd29w=
91,-1,g0TueasqPx3kFap3fA58aFHQwnw=,fszq7GAK61ad6s1HvNgRuIsd29w=
84,-2,g0TueasqPx3kFap3fA58aFHQwnw=,fszq7GAK61ad6s1HvNgRuIsd29w=
91,-3,g0TueasqPx3kFap3fA58aFHQwnw=,fszq7GAK61ad6s1HvNgRuIsd29w=
88,-1,g0TueasqPx3kFap3fA58aFHQwnw=,fszq7GAK61ad6s1HvNgRuIsd29w=
87,-3,g0TueasqPx3kFap3fA58aFHQwnw=,fszq7GAK61ad6s1HvNgRuIsd29w=
80,-3,g0TueasqPx3kFap3fA58aFHQwnw=,fszq7GAK61ad6s1HvNgRuIsd29w=
82,-1,g0TueasqPx3kFap3fA58aFHQwnw=,fszq7GAK61ad6s1HvNgRuIsd29w=
86,-4,g0TueasqPx3kFap3fA58aFHQwnw=,fszq7GAK61ad6s1HvNgRuIsd29w=
81,-1,g0TueasqPx3kFap3fA58aFHQwnw=,fszq7GAK61ad6s1HvNgRuIsd29w=
91,-4,g0TueasqPx3kFap3fA58aFHQwnw=,fszq7GAK61ad6s1HvNgRuIsd29w=
80,-1,g0TueasqPx3kFap3fA58aFHQwnw=,fszq7GAK61ad6s1HvNgRuIsd29w=
