-32,238,pF9yIvJNNof0B0Tzaac9L5/tY90=,fszq7GAK61ad6s1HvNgRuIsd29w=
-25,237,pF9yIvJNNof0B0Tzaac9L5/tY90=,fszq7GAK61ad6s1HvNgRuIsd29w=
-26,237,pF9yIvJNNof0B0Tzaac9L5/tY90=,fszq7GAK61ad6s1HvNgRuIsd29w=
-27,237,pF9yIvJNNof0B0Tzaac9L5/tY90=,fszq7GAK61ad6s1HvNgRuIsd29w=
-28,237,pF9yIvJNNof0B0Tzaac9L5/tY90=,fszq7GAK61ad6s1HvNgRuIsd29w=
-29,237,pF9yIvJNNof0B0Tzaac9L5/tY90=,fszq7GAK61ad6s1HvNgRuIsd29w=
-30,237,pF9yIvJNNof0B0Tzaac9L5/tY90=,fszq7GAK61ad6s1HvNgRuIsd29w=
-31,237,pF9yIvJNNof0B0Tzaac9L5/tY90=,fszq7GAK61ad6s1HvNgRuIsd29w=
-32,237,pF9yIvJNNof0B0Tzaac9L5/tY90=,fszq7GAK61ad6s1HvNgRuIsd29w=
-25,236,pF9yIvJNNof0B0Tzaac9L5/tY90=,fszq7GAK61ad6s1HvNgRuIsd29w=
-26,236,pF9yIvJNNof0B0Tzaac9L5/tY90=,fszq7GAK61ad6s1HvNgRuIsd29w=
-27,236,pF9yIvJNNof0B0Tzaac9L5/tY90=,fszq7GAK61ad6s1HvNgRuIsd29w=
-28,236,pF9yIvJNNof0B0Tzaac9L5/tY90=,fszq7GAK61ad6s1HvNgRuIsd29w=
-29,236,pF9yIvJNNof0B0Tzaac9L5/tY90=,fszq7GAK61ad6s1HvNgRuIsd29w=
-30,236,pF9yIvJNNof0B0Tzaac9L5/tY90=,fszq7GAK61ad6s1HvNgRuIsd29w=
-31,236,pF9yIvJNNof0B0Tzaac9L5/tY90=,fszq7GAK61ad6s1HvNgRuIsd29w=
-32,236,pF9yIvJNNof0B0Tzaac9L5/tY90=,fszq7GAK61ad6s1HvNgRuIsd29w=
-26,235,pF9yIvJNNof0B0Tzaac9L5/tY90=,fszq7GAK61ad6s1HvNgRuIsd29w=
-27,235,pF9yIvJNNof0B0Tzaac9L5/tY90=,fszq7GAK61ad6s1HvNgRuIsd29w=
-25,235,pF9yIvJNNof0B0Tzaac9L5/tY90=,fszq7GAK61ad6s1HvNgRuIsd29w=
-28,235,pF9yIvJNNof0B0Tzaac9L5/tY90=,fszq7GAK61ad6s1HvNgRuIsd29w=
-29,235,pF9yIvJNNof0B0Tzaac9L5/tY90=,fszq7GAK61ad6s1HvNgRuIsd29w=
-30,235,pF9yIvJNNof0B0Tzaac9L5/tY90=,fszq7GAK61ad6s1HvNgRuIsd29w=
-31,235,pF9yIvJNNof0B0Tzaac9L5/tY90=,fszq7GAK61ad6s1HvNgRuIsd29w=
-32,235,pF9yIvJNNof0B0Tzaac9L5/tY90=,fszq7GAK61ad6s1HvNgRuIsd29w=
-26,234,pF9yIvJNNof0B0Tzaac9L5/tY90=,fszq7GAK61ad6s1HvNgRuIsd29w=
-27,234,pF9yIvJNNof0B0Tzaac9L5/tY90=,fszq7GAK61ad6s1HvNgRuIsd29w=
-28,234,pF9yIvJNNof0B0Tzaac9L5/tY90=,fszq7GAK61ad6s1HvNgRuIsd29w=
-29,234,pF9yIvJNNof0B0Tzaac9L5/tY90=,fszq7GAK61ad6s1HvNgRuIsd29w=
-25,234,pF9yIvJNNof0B0Tzaac9L5/tY90=,fszq7GAK61ad6s1HvNgRuIsd29w=
-30,234,pF9yIvJNNof0B0Tzaac9L5/tY90=,fszq7GAK61ad6s1HvNgRuIsd29w=
-31,234,pF9yIvJNNof0B0Tzaac9L5/tY90=,fszq7GAK61ad6s1HvNgRuIsd29w=
-25,233,pF9yIvJNNof0B0Tzaac9L5/tY90=,fszq7GAK61ad6s1HvNgRuIsd29w=
-26,233,pF9yIvJNNof0B0Tzaac9L5/tY90=,fszq7GAK61ad6s1HvNgRuIsd29w=
-27,233,pF9yIvJNNof0B0Tzaac9L5/tY90=,fszq7GAK61ad6s1HvNgRuIsd29w=
-28,233,pF9yIvJNNof0B0Tzaac9L5/tY90=,fszq7GAK61ad6s1HvNgRuIsd29w=
-29,233,pF9yIvJNNof0B0Tzaac9L5/tY90=,fszq7GAK61ad6s1HvNgRuIsd29w=
-30,233,pF9yIvJNNof0B0Tzaac9L5/tY90=,fszq7GAK61ad6s1HvNgRuIsd29w=
-31,233,pF9yIvJNNof0B0Tzaac9L5/tY90=,fszq7GAK61ad6s1HvNgRuIsd29w=
-32,233,pF9yIvJNNof0B0Tzaac9L5/tY90=,fszq7GAK61ad6s1HvNgRuIsd29w=
-25,238,pF9yIvJNNof0B0Tzaac9L5/tY90=,fszq7GAK61ad6s1HvNgRuIsd29w=
-26,238,pF9yIvJNNof0B0Tzaac9L5/tY90=,fszq7GAK61ad6s1HvNgRuIsd29w=
-27,238,pF9yIvJNNof0B0Tzaac9L5/tY90=,fszq7GAK61ad6s1HvNgRuIsd29w=
-28,238,pF9yIvJNNof0B0Tzaac9L5/tY90=,fszq7GAK61ad6s1HvNgRuIsd29w=
-29,238,pF9yIvJNNof0B0Tzaac9L5/tY90=,fszq7GAK61ad6s1HvNgRuIsd29w=
-30,238,pF9yIvJNNof0B0Tzaac9L5/tY90=,fszq7GAK61ad6s1HvNgRuIsd29w=
-31,238,pF9yIvJNNof0B0Tzaac9L5/tY90=,fszq7GAK61ad6s1HvNgRuIsd29w=
-30,239,pF9yIvJNNof0B0Tzaac9L5/tY90=,fszq7GAK61ad6s1HvNgRuIsd29w=
-29,239,pF9yIvJNNof0B0Tzaac9L5/tY90=,fszq7GAK61ad6s1HvNgRuIsd29w=
-28,239,pF9yIvJNNof0B0Tzaac9L5/tY90=,fszq7GAK61ad6s1HvNgRuIsd29w=
-27,239,pF9yIvJNNof0B0Tzaac9L5/tY90=,fszq7GAK61ad6s1HvNgRuIsd29w=
-26,239,pF9yIvJNNof0B0Tzaac9L5/tY90=,fszq7GAK61ad6s1HvNgRuIsd29w=
-25,239,pF9yIvJNNof0B0Tzaac9L5/tY90=,fszq7GAK61ad6s1HvNgRuIsd29w=
-32,239,pF9yIvJNNof0B0Tzaac9L5/tY90=,fszq7GAK61ad6s1HvNgRuIsd29w=
-31,239,pF9yIvJNNof0B0Tzaac9L5/tY90=,fszq7GAK61ad6s1HvNgRuIsd29w=
-28,231,pF9yIvJNNof0B0Tzaac9L5/tY90=,fszq7GAK61ad6s1HvNgRuIsd29w=
-31,227,pF9yIvJNNof0B0Tzaac9L5/tY90=,fszq7GAK61ad6s1HvNgRuIsd29w=
-27,231,pF9yIvJNNof0B0Tzaac9L5/tY90=,fszq7GAK61ad6s1HvNgRuIsd29w=
-30,228,pF9yIvJNNof0B0Tzaac9L5/tY90=,fszq7GAK61ad6s1HvNgRuIsd29w=
-26,231,pF9yIvJNNof0B0Tzaac9L5/tY90=,fszq7GAK61ad6s1HvNgRuIsd29w=
-25,231,pF9yIvJNNof0B0Tzaac9L5/tY90=,fszq7GAK61ad6s1HvNgRuIsd29w=
-30,227,pF9yIvJNNof0B0Tzaac9L5/tY90=,fszq7GAK61ad6s1HvNgRuIsd29w=
-30,229,pF9yIvJNNof0B0Tzaac9L5/tY90=,fszq7GAK61ad6s1HvNgRuIsd29w=
-29,227,pF9yIvJNNof0B0Tzaac9L5/tY90=,fszq7GAK61ad6s1HvNgRuIsd29w=
-30,232,pF9yIvJNNof0B0Tzaac9L5/tY90=,fszq7GAK61ad6s1HvNgRuIsd29w=
-29,232,pF9yIvJNNof0B0Tzaac9L5/tY90=,fszq7GAK61ad6s1HvNgRuIsd29w=
-28,232,pF9yIvJNNof0B0Tzaac9L5/tY90=,fszq7GAK61ad6s1HvNgRuIsd29w=
-29,229,pF9yIvJNNof0B0Tzaac9L5/tY90=,fszq7GAK61ad6s1HvNgRuIsd29w=
-27,232,pF9yIvJNNof0B0Tzaac9L5/tY90=,fszq7GAK61ad6s1HvNgRuIsd29w=
-26,232,pF9yIvJNNof0B0Tzaac9L5/tY90=,fszq7GAK61ad6s1HvNgRuIsd29w=
-25,232,pF9yIvJNNof0B0Tzaac9L5/tY90=,fszq7GAK61ad6s1HvNgRuIsd29w=
-30,226,pF9yIvJNNof0B0Tzaac9L5/tY90=,fszq7GAK61ad6s1HvNgRuIsd29w=
-28,229,pF9yIvJNNof0B0Tzaac9L5/tY90=,fszq7GAK61ad6s1HvNgRuIsd29w=
-29,228,pF9yIvJNNof0B0Tzaac9L5/tY90=,fszq7GAK61ad6s1HvNgRuIsd29w=
-29,226,pF9yIvJNNof0B0Tzaac9L5/tY90=,fszq7GAK61ad6s1HvNgRuIsd29w=
-27,229,pF9yIvJNNof0B0Tzaac9L5/tY90=,fszq7GAK61ad6s1HvNgRuIsd29w=
-28,228,pF9yIvJNNof0B0Tzaac9L5/tY90=,fszq7GAK61ad6s1HvNgRuIsd29w=
-28,226,pF9yIvJNNof0B0Tzaac9L5/tY90=,fszq7GAK61ad6s1HvNgRuIsd29w=
-27,226,pF9yIvJNNof0B0Tzaac9L5/tY90=,fszq7GAK61ad6s1HvNgRuIsd29w=
-26,224,pF9yIvJNNof0B0Tzaac9L5/tY90=,fszq7GAK61ad6s1HvNgRuIsd29w=
-28,227,pF9yIvJNNof0B0Tzaac9L5/tY90=,fszq7GAK61ad6s1HvNgRuIsd29w=
-27,227,pF9yIvJNNof0B0Tzaac9L5/tY90=,fszq7GAK61ad6s1HvNgRuIsd29w=
-26,229,pF9yIvJNNof0B0Tzaac9L5/tY90=,fszq7GAK61ad6s1HvNgRuIsd29w=
-27,228,pF9yIvJNNof0B0Tzaac9L5/tY90=,fszq7GAK61ad6s1HvNgRuIsd29w=
-29,225,pF9yIvJNNof0B0Tzaac9L5/tY90=,fszq7GAK61ad6s1HvNgRuIsd29w=
-28,230,pF9yIvJNNof0B0Tzaac9L5/tY90=,fszq7GAK61ad6s1HvNgRuIsd29w=
-25,229,pF9yIvJNNof0B0Tzaac9L5/tY90=,fszq7GAK61ad6s1HvNgRuIsd29w=
-28,224,pF9yIvJNNof0B0Tzaac9L5/tY90=,fszq7GAK61ad6s1HvNgRuIsd29w=
-27,230,pF9yIvJNNof0B0Tzaac9L5/tY90=,fszq7GAK61ad6s1HvNgRuIsd29w=
-28,225,pF9yIvJNNof0B0Tzaac9L5/tY90=,fszq7GAK61ad6s1HvNgRuIsd29w=
-26,228,pF9yIvJNNof0B0Tzaac9L5/tY90=,fszq7GAK61ad6s1HvNgRuIsd29w=
-26,227,pF9yIvJNNof0B0Tzaac9L5/tY90=,fszq7GAK61ad6s1HvNgRuIsd29w=
-27,225,pF9yIvJNNof0B0Tzaac9L5/tY90=,fszq7GAK61ad6s1HvNgRuIsd29w=
-26,230,pF9yIvJNNof0B0Tzaac9L5/tY90=,fszq7GAK61ad6s1HvNgRuIsd29w=
-25,230,pF9yIvJNNof0B0Tzaac9L5/tY90=,fszq7GAK61ad6s1HvNgRuIsd29w=
-25,227,pF9yIvJNNof0B0Tzaac9L5/tY90=,fszq7GAK61ad6s1HvNgRuIsd29w=
-26,225,pF9yIvJNNof0B0Tzaac9L5/tY90=,fszq7GAK61ad6s1HvNgRuIsd29w=
-31,231,pF9yIvJNNof0B0Tzaac9L5/tY90=,fszq7GAK61ad6s1HvNgRuIsd29w=
-25,225,pF9yIvJNNof0B0Tzaac9L5/tY90=,fszq7GAK61ad6s1HvNgRuIsd29w=
-25,228,pF9yIvJNNof0B0Tzaac9L5/tY90=,fszq7GAK61ad6s1HvNgRuIsd29w=
-31,228,pF9yIvJNNof0B0Tzaac9L5/tY90=,fszq7GAK61ad6s1HvNgRuIsd29w=
-31,230,pF9yIvJNNof0B0Tzaac9L5/tY90=,fszq7GAK61ad6s1HvNgRuIsd29w=
-31,229,pF9yIvJNNof0B0Tzaac9L5/tY90=,fszq7GAK61ad6s1HvNgRuIsd29w=
-30,231,pF9yIvJNNof0B0Tzaac9L5/tY90=,fszq7GAK61ad6s1HvNgRuIsd29w=
-30,230,pF9yIvJNNof0B0Tzaac9L5/tY90=,fszq7GAK61ad6s1HvNgRuIsd29w=
-29,224,pF9yIvJNNof0B0Tzaac9L5/tY90=,fszq7GAK61ad6s1HvNgRuIsd29w=
-26,226,pF9yIvJNNof0B0Tzaac9L5/tY90=,fszq7GAK61ad6s1HvNgRuIsd29w=
-27,224,pF9yIvJNNof0B0Tzaac9L5/tY90=,fszq7GAK61ad6s1HvNgRuIsd29w=
-25,224,pF9yIvJNNof0B0Tzaac9L5/tY90=,fszq7GAK61ad6s1HvNgRuIsd29w=
-25,226,pF9yIvJNNof0B0Tzaac9L5/tY90=,fszq7GAK61ad6s1HvNgRuIsd29w=
-29,230,pF9yIvJNNof0B0Tzaac9L5/tY90=,fszq7GAK61ad6s1HvNgRuIsd29w=
-29,231,pF9yIvJNNof0B0Tzaac9L5/tY90=,fszq7GAK61ad6s1HvNgRuIsd29w=
-32,229,pF9yIvJNNof0B0Tzaac9L5/tY90=,fszq7GAK61ad6s1HvNgRuIsd29w=
-32,227,pF9yIvJNNof0B0Tzaac9L5/tY90=,fszq7GAK61ad6s1HvNgRuIsd29w=
-32,230,pF9yIvJNNof0B0Tzaac9L5/tY90=,fszq7GAK61ad6s1HvNgRuIsd29w=
-32,228,pF9yIvJNNof0B0Tzaac9L5/tY90=,fszq7GAK61ad6s1HvNgRuIsd29w=
-32,232,pF9yIvJNNof0B0Tzaac9L5/tY90=,fszq7GAK61ad6s1HvNgRuIsd29w=
-32,226,pF9yIvJNNof0B0Tzaac9L5/tY90=,fszq7GAK61ad6s1HvNgRuIsd29w=
-32,234,pF9yIvJNNof0B0Tzaac9L5/tY90=,fszq7GAK61ad6s1HvNgRuIsd29w=
-31,232,pF9yIvJNNof0B0Tzaac9L5/tY90=,fszq7GAK61ad6s1HvNgRuIsd29w=
-30,224,pF9yIvJNNof0B0Tzaac9L5/tY90=,fszq7GAK61ad6s1HvNgRuIsd29w=
-31,225,pF9yIvJNNof0B0Tzaac9L5/tY90=,fszq7GAK61ad6s1HvNgRuIsd29w=
-31,226,pF9yIvJNNof0B0Tzaac9L5/tY90=,fszq7GAK61ad6s1HvNgRuIsd29w=
-30,225,pF9yIvJNNof0B0Tzaac9L5/tY90=,fszq7GAK61ad6s1HvNgRuIsd29w=
-32,231,pF9yIvJNNof0B0Tzaac9L5/tY90=,fszq7GAK61ad6s1HvNgRuIsd29w=
-32,225,pF9yIvJNNof0B0Tzaac9L5/tY90=,fszq7GAK61ad6s1HvNgRuIsd29w=
-31,224,pF9yIvJNNof0B0Tzaac9L5/tY90=,fszq7GAK61ad6s1HvNgRuIsd29w=
-32,224,pF9yIvJNNof0B0Tzaac9L5/tY90=,fszq7GAK61ad6s1HvNgRuIsd29w=
-30,244,pF9yIvJNNof0B0Tzaac9L5/tY90=,fszq7GAK61ad6s1HvNgRuIsd29w=
-30,242,pF9yIvJNNof0B0Tzaac9L5/tY90=,fszq7GAK61ad6s1HvNgRuIsd29w=
-31,243,pF9yIvJNNof0B0Tzaac9L5/tY90=,fszq7GAK61ad6s1HvNgRuIsd29w=
-32,243,pF9yIvJNNof0B0Tzaac9L5/tY90=,fszq7GAK61ad6s1HvNgRuIsd29w=
-32,242,pF9yIvJNNof0B0Tzaac9L5/tY90=,fszq7GAK61ad6s1HvNgRuIsd29w=
-32,241,pF9yIvJNNof0B0Tzaac9L5/tY90=,fszq7GAK61ad6s1HvNgRuIsd29w=
-32,244,pF9yIvJNNof0B0Tzaac9L5/tY90=,fszq7GAK61ad6s1HvNgRuIsd29w=
-32,246,pF9yIvJNNof0B0Tzaac9L5/tY90=,fszq7GAK61ad6s1HvNgRuIsd29w=
-32,245,pF9yIvJNNof0B0Tzaac9L5/tY90=,fszq7GAK61ad6s1HvNgRuIsd29w=
-25,242,pF9yIvJNNof0B0Tzaac9L5/tY90=,fszq7GAK61ad6s1HvNgRuIsd29w=
-29,246,pF9yIvJNNof0B0Tzaac9L5/tY90=,fszq7GAK61ad6s1HvNgRuIsd29w=
-25,241,pF9yIvJNNof0B0Tzaac9L5/tY90=,fszq7GAK61ad6s1HvNgRuIsd29w=
-31,246,pF9yIvJNNof0B0Tzaac9L5/tY90=,fszq7GAK61ad6s1HvNgRuIsd29w=
-30,246,pF9yIvJNNof0B0Tzaac9L5/tY90=,fszq7GAK61ad6s1HvNgRuIsd29w=
-26,241,pF9yIvJNNof0B0Tzaac9L5/tY90=,fszq7GAK61ad6s1HvNgRuIsd29w=
-26,242,pF9yIvJNNof0B0Tzaac9L5/tY90=,fszq7GAK61ad6s1HvNgRuIsd29w=
-31,245,pF9yIvJNNof0B0Tzaac9L5/tY90=,fszq7GAK61ad6s1HvNgRuIsd29w=
-27,242,pF9yIvJNNof0B0Tzaac9L5/tY90=,fszq7GAK61ad6s1HvNgRuIsd29w=
-28,242,pF9yIvJNNof0B0Tzaac9L5/tY90=,fszq7GAK61ad6s1HvNgRuIsd29w=
-31,244,pF9yIvJNNof0B0Tzaac9L5/tY90=,fszq7GAK61ad6s1HvNgRuIsd29w=
-29,242,pF9yIvJNNof0B0Tzaac9L5/tY90=,fszq7GAK61ad6s1HvNgRuIsd29w=
-25,245,pF9yIvJNNof0B0Tzaac9L5/tY90=,fszq7GAK61ad6s1HvNgRuIsd29w=
-26,245,pF9yIvJNNof0B0Tzaac9L5/tY90=,fszq7GAK61ad6s1HvNgRuIsd29w=
-27,245,pF9yIvJNNof0B0Tzaac9L5/tY90=,fszq7GAK61ad6s1HvNgRuIsd29w=
-28,245,pF9yIvJNNof0B0Tzaac9L5/tY90=,fszq7GAK61ad6s1HvNgRuIsd29w=
-25,243,pF9yIvJNNof0B0Tzaac9L5/tY90=,fszq7GAK61ad6s1HvNgRuIsd29w=
-29,245,pF9yIvJNNof0B0Tzaac9L5/tY90=,fszq7GAK61ad6s1HvNgRuIsd29w=
-25,244,pF9yIvJNNof0B0Tzaac9L5/tY90=,fszq7GAK61ad6s1HvNgRuIsd29w=
-25,246,pF9yIvJNNof0B0Tzaac9L5/tY90=,fszq7GAK61ad6s1HvNgRuIsd29w=
-26,243,pF9yIvJNNof0B0Tzaac9L5/tY90=,fszq7GAK61ad6s1HvNgRuIsd29w=
-26,244,pF9yIvJNNof0B0Tzaac9L5/tY90=,fszq7GAK61ad6s1HvNgRuIsd29w=
-27,243,pF9yIvJNNof0B0Tzaac9L5/tY90=,fszq7GAK61ad6s1HvNgRuIsd29w=
-26,246,pF9yIvJNNof0B0Tzaac9L5/tY90=,fszq7GAK61ad6s1HvNgRuIsd29w=
-27,244,pF9yIvJNNof0B0Tzaac9L5/tY90=,fszq7GAK61ad6s1HvNgRuIsd29w=
-30,245,pF9yIvJNNof0B0Tzaac9L5/tY90=,fszq7GAK61ad6s1HvNgRuIsd29w=
-28,244,pF9yIvJNNof0B0Tzaac9L5/tY90=,fszq7GAK61ad6s1HvNgRuIsd29w=
-28,243,pF9yIvJNNof0B0Tzaac9L5/tY90=,fszq7GAK61ad6s1HvNgRuIsd29w=
-27,246,pF9yIvJNNof0B0Tzaac9L5/tY90=,fszq7GAK61ad6s1HvNgRuIsd29w=
-28,246,pF9yIvJNNof0B0Tzaac9L5/tY90=,fszq7GAK61ad6s1HvNgRuIsd29w=
-29,243,pF9yIvJNNof0B0Tzaac9L5/tY90=,fszq7GAK61ad6s1HvNgRuIsd29w=
-30,243,pF9yIvJNNof0B0Tzaac9L5/tY90=,fszq7GAK61ad6s1HvNgRuIsd29w=
-29,244,pF9yIvJNNof0B0Tzaac9L5/tY90=,fszq7GAK61ad6s1HvNgRuIsd29w=
-28,241,pF9yIvJNNof0B0Tzaac9L5/tY90=,fszq7GAK61ad6s1HvNgRuIsd29w=
-27,241,pF9yIvJNNof0B0Tzaac9L5/tY90=,fszq7GAK61ad6s1HvNgRuIsd29w=
-29,241,pF9yIvJNNof0B0Tzaac9L5/tY90=,fszq7GAK61ad6s1HvNgRuIsd29w=
-30,241,pF9yIvJNNof0B0Tzaac9L5/tY90=,fszq7GAK61ad6s1HvNgRuIsd29w=
-31,241,pF9yIvJNNof0B0Tzaac9L5/tY90=,fszq7GAK61ad6s1HvNgRuIsd29w=
-25,253,pF9yIvJNNof0B0Tzaac9L5/tY90=,fszq7GAK61ad6s1HvNgRuIsd29w=
-29,247,pF9yIvJNNof0B0Tzaac9L5/tY90=,fszq7GAK61ad6s1HvNgRuIsd29w=
-30,247,pF9yIvJNNof0B0Tzaac9L5/tY90=,fszq7GAK61ad6s1HvNgRuIsd29w=
-26,253,pF9yIvJNNof0B0Tzaac9L5/tY90=,fszq7GAK61ad6s1HvNgRuIsd29w=
-27,253,pF9yIvJNNof0B0Tzaac9L5/tY90=,fszq7GAK61ad6s1HvNgRuIsd29w=
-28,253,pF9yIvJNNof0B0Tzaac9L5/tY90=,fszq7GAK61ad6s1HvNgRuIsd29w=
-29,253,pF9yIvJNNof0B0Tzaac9L5/tY90=,fszq7GAK61ad6s1HvNgRuIsd29w=
-30,253,pF9yIvJNNof0B0Tzaac9L5/tY90=,fszq7GAK61ad6s1HvNgRuIsd29w=
-31,253,pF9yIvJNNof0B0Tzaac9L5/tY90=,fszq7GAK61ad6s1HvNgRuIsd29w=
-32,253,pF9yIvJNNof0B0Tzaac9L5/tY90=,fszq7GAK61ad6s1HvNgRuIsd29w=
-28,247,pF9yIvJNNof0B0Tzaac9L5/tY90=,fszq7GAK61ad6s1HvNgRuIsd29w=
-25,252,pF9yIvJNNof0B0Tzaac9L5/tY90=,fszq7GAK61ad6s1HvNgRuIsd29w=
-26,252,pF9yIvJNNof0B0Tzaac9L5/tY90=,fszq7GAK61ad6s1HvNgRuIsd29w=
-31,254,pF9yIvJNNof0B0Tzaac9L5/tY90=,fszq7GAK61ad6s1HvNgRuIsd29w=
-30,254,pF9yIvJNNof0B0Tzaac9L5/tY90=,fszq7GAK61ad6s1HvNgRuIsd29w=
-27,252,pF9yIvJNNof0B0Tzaac9L5/tY90=,fszq7GAK61ad6s1HvNgRuIsd29w=
-28,252,pF9yIvJNNof0B0Tzaac9L5/tY90=,fszq7GAK61ad6s1HvNgRuIsd29w=
-27,247,pF9yIvJNNof0B0Tzaac9L5/tY90=,fszq7GAK61ad6s1HvNgRuIsd29w=
-26,247,pF9yIvJNNof0B0Tzaac9L5/tY90=,fszq7GAK61ad6s1HvNgRuIsd29w=
-32,247,pF9yIvJNNof0B0Tzaac9L5/tY90=,fszq7GAK61ad6s1HvNgRuIsd29w=
-29,252,pF9yIvJNNof0B0Tzaac9L5/tY90=,fszq7GAK61ad6s1HvNgRuIsd29w=
-25,247,pF9yIvJNNof0B0Tzaac9L5/tY90=,fszq7GAK61ad6s1HvNgRuIsd29w=
-30,252,pF9yIvJNNof0B0Tzaac9L5/tY90=,fszq7GAK61ad6s1HvNgRuIsd29w=
-31,252,pF9yIvJNNof0B0Tzaac9L5/tY90=,fszq7GAK61ad6s1HvNgRuIsd29w=
-32,252,pF9yIvJNNof0B0Tzaac9L5/tY90=,fszq7GAK61ad6s1HvNgRuIsd29w=
-25,251,pF9yIvJNNof0B0Tzaac9L5/tY90=,fszq7GAK61ad6s1HvNgRuIsd29w=
-29,254,pF9yIvJNNof0B0Tzaac9L5/tY90=,fszq7GAK61ad6s1HvNgRuIsd29w=
-26,251,pF9yIvJNNof0B0Tzaac9L5/tY90=,fszq7GAK61ad6s1HvNgRuIsd29w=
-28,254,pF9yIvJNNof0B0Tzaac9L5/tY90=,fszq7GAK61ad6s1HvNgRuIsd29w=
-27,251,pF9yIvJNNof0B0Tzaac9L5/tY90=,fszq7GAK61ad6s1HvNgRuIsd29w=
-28,251,pF9yIvJNNof0B0Tzaac9L5/tY90=,fszq7GAK61ad6s1HvNgRuIsd29w=
-29,251,pF9yIvJNNof0B0Tzaac9L5/tY90=,fszq7GAK61ad6s1HvNgRuIsd29w=
-30,251,pF9yIvJNNof0B0Tzaac9L5/tY90=,fszq7GAK61ad6s1HvNgRuIsd29w=
-31,251,pF9yIvJNNof0B0Tzaac9L5/tY90=,fszq7GAK61ad6s1HvNgRuIsd29w=
-32,248,pF9yIvJNNof0B0Tzaac9L5/tY90=,fszq7GAK61ad6s1HvNgRuIsd29w=
-31,248,pF9yIvJNNof0B0Tzaac9L5/tY90=,fszq7GAK61ad6s1HvNgRuIsd29w=
-30,248,pF9yIvJNNof0B0Tzaac9L5/tY90=,fszq7GAK61ad6s1HvNgRuIsd29w=
-32,254,pF9yIvJNNof0B0Tzaac9L5/tY90=,fszq7GAK61ad6s1HvNgRuIsd29w=
-29,248,pF9yIvJNNof0B0Tzaac9L5/tY90=,fszq7GAK61ad6s1HvNgRuIsd29w=
-27,254,pF9yIvJNNof0B0Tzaac9L5/tY90=,fszq7GAK61ad6s1HvNgRuIsd29w=
-28,248,pF9yIvJNNof0B0Tzaac9L5/tY90=,fszq7GAK61ad6s1HvNgRuIsd29w=
-27,248,pF9yIvJNNof0B0Tzaac9L5/tY90=,fszq7GAK61ad6s1HvNgRuIsd29w=
-26,254,pF9yIvJNNof0B0Tzaac9L5/tY90=,fszq7GAK61ad6s1HvNgRuIsd29w=
-26,248,pF9yIvJNNof0B0Tzaac9L5/tY90=,fszq7GAK61ad6s1HvNgRuIsd29w=
-25,254,pF9yIvJNNof0B0Tzaac9L5/tY90=,fszq7GAK61ad6s1HvNgRuIsd29w=
-32,255,pF9yIvJNNof0B0Tzaac9L5/tY90=,fszq7GAK61ad6s1HvNgRuIsd29w=
-31,255,pF9yIvJNNof0B0Tzaac9L5/tY90=,fszq7GAK61ad6s1HvNgRuIsd29w=
-30,255,pF9yIvJNNof0B0Tzaac9L5/tY90=,fszq7GAK61ad6s1HvNgRuIsd29w=
-25,248,pF9yIvJNNof0B0Tzaac9L5/tY90=,fszq7GAK61ad6s1HvNgRuIsd29w=
-32,249,pF9yIvJNNof0B0Tzaac9L5/tY90=,fszq7GAK61ad6s1HvNgRuIsd29w=
-32,251,pF9yIvJNNof0B0Tzaac9L5/tY90=,fszq7GAK61ad6s1HvNgRuIsd29w=
-25,250,pF9yIvJNNof0B0Tzaac9L5/tY90=,fszq7GAK61ad6s1HvNgRuIsd29w=
-26,250,pF9yIvJNNof0B0Tzaac9L5/tY90=,fszq7GAK61ad6s1HvNgRuIsd29w=
-27,250,pF9yIvJNNof0B0Tzaac9L5/tY90=,fszq7GAK61ad6s1HvNgRuIsd29w=
-28,250,pF9yIvJNNof0B0Tzaac9L5/tY90=,fszq7GAK61ad6s1HvNgRuIsd29w=
-29,250,pF9yIvJNNof0B0Tzaac9L5/tY90=,fszq7GAK61ad6s1HvNgRuIsd29w=
-30,250,pF9yIvJNNof0B0Tzaac9L5/tY90=,fszq7GAK61ad6s1HvNgRuIsd29w=
-25,255,pF9yIvJNNof0B0Tzaac9L5/tY90=,fszq7GAK61ad6s1HvNgRuIsd29w=
-31,250,pF9yIvJNNof0B0Tzaac9L5/tY90=,fszq7GAK61ad6s1HvNgRuIsd29w=
-26,255,pF9yIvJNNof0B0Tzaac9L5/tY90=,fszq7GAK61ad6s1HvNgRuIsd29w=
-32,250,pF9yIvJNNof0B0Tzaac9L5/tY90=,fszq7GAK61ad6s1HvNgRuIsd29w=
-25,249,pF9yIvJNNof0B0Tzaac9L5/tY90=,fszq7GAK61ad6s1HvNgRuIsd29w=
-26,249,pF9yIvJNNof0B0Tzaac9L5/tY90=,fszq7GAK61ad6s1HvNgRuIsd29w=
-31,249,pF9yIvJNNof0B0Tzaac9L5/tY90=,fszq7GAK61ad6s1HvNgRuIsd29w=
-27,255,pF9yIvJNNof0B0Tzaac9L5/tY90=,fszq7GAK61ad6s1HvNgRuIsd29w=
-30,249,pF9yIvJNNof0B0Tzaac9L5/tY90=,fszq7GAK61ad6s1HvNgRuIsd29w=
-27,249,pF9yIvJNNof0B0Tzaac9L5/tY90=,fszq7GAK61ad6s1HvNgRuIsd29w=
-29,249,pF9yIvJNNof0B0Tzaac9L5/tY90=,fszq7GAK61ad6s1HvNgRuIsd29w=
-29,255,pF9yIvJNNof0B0Tzaac9L5/tY90=,fszq7GAK61ad6s1HvNgRuIsd29w=
-28,249,pF9yIvJNNof0B0Tzaac9L5/tY90=,fszq7GAK61ad6s1HvNgRuIsd29w=
-28,255,pF9yIvJNNof0B0Tzaac9L5/tY90=,fszq7GAK61ad6s1HvNgRuIsd29w=
-31,247,pF9yIvJNNof0B0Tzaac9L5/tY90=,fszq7GAK61ad6s1HvNgRuIsd29w=
-30,240,pF9yIvJNNof0B0Tzaac9L5/tY90=,fszq7GAK61ad6s1HvNgRuIsd29w=
-28,240,pF9yIvJNNof0B0Tzaac9L5/tY90=,fszq7GAK61ad6s1HvNgRuIsd29w=
-26,240,pF9yIvJNNof0B0Tzaac9L5/tY90=,fszq7GAK61ad6s1HvNgRuIsd29w=
-31,242,pF9yIvJNNof0B0Tzaac9L5/tY90=,fszq7GAK61ad6s1HvNgRuIsd29w=
-25,240,pF9yIvJNNof0B0Tzaac9L5/tY90=,fszq7GAK61ad6s1HvNgRuIsd29w=
-32,240,pF9yIvJNNof0B0Tzaac9L5/tY90=,fszq7GAK61ad6s1HvNgRuIsd29w=
-27,240,pF9yIvJNNof0B0Tzaac9L5/tY90=,fszq7GAK61ad6s1HvNgRuIsd29w=
-31,240,pF9yIvJNNof0B0Tzaac9L5/tY90=,fszq7GAK61ad6s1HvNgRuIsd29w=
-29,240,pF9yIvJNNof0B0Tzaac9L5/tY90=,fszq7GAK61ad6s1HvNgRuIsd29w=
