38,68,kNeQjI77t5JGOrj5TvYjpgX6MTg=,6bAj5vtHsC7QFqG1uas3lN5b5MA=
33,69,kNeQjI77t5JGOrj5TvYjpgX6MTg=,6bAj5vtHsC7QFqG1uas3lN5b5MA=
34,69,kNeQjI77t5JGOrj5TvYjpgX6MTg=,6bAj5vtHsC7QFqG1uas3lN5b5MA=
35,69,kNeQjI77t5JGOrj5TvYjpgX6MTg=,6bAj5vtHsC7QFqG1uas3lN5b5MA=
36,69,kNeQjI77t5JGOrj5TvYjpgX6MTg=,6bAj5vtHsC7QFqG1uas3lN5b5MA=
37,69,kNeQjI77t5JGOrj5TvYjpgX6MTg=,6bAj5vtHsC7QFqG1uas3lN5b5MA=
38,69,kNeQjI77t5JGOrj5TvYjpgX6MTg=,6bAj5vtHsC7QFqG1uas3lN5b5MA=
33,70,kNeQjI77t5JGOrj5TvYjpgX6MTg=,6bAj5vtHsC7QFqG1uas3lN5b5MA=
34,70,kNeQjI77t5JGOrj5TvYjpgX6MTg=,6bAj5vtHsC7QFqG1uas3lN5b5MA=
33,65,kNeQjI77t5JGOrj5TvYjpgX6MTg=,6bAj5vtHsC7QFqG1uas3lN5b5MA=
34,65,kNeQjI77t5JGOrj5TvYjpgX6MTg=,6bAj5vtHsC7QFqG1uas3lN5b5MA=
35,70,kNeQjI77t5JGOrj5TvYjpgX6MTg=,6bAj5vtHsC7QFqG1uas3lN5b5MA=
35,65,kNeQjI77t5JGOrj5TvYjpgX6MTg=,6bAj5vtHsC7QFqG1uas3lN5b5MA=
33,66,kNeQjI77t5JGOrj5TvYjpgX6MTg=,6bAj5vtHsC7QFqG1uas3lN5b5MA=
36,70,kNeQjI77t5JGOrj5TvYjpgX6MTg=,6bAj5vtHsC7QFqG1uas3lN5b5MA=
37,70,kNeQjI77t5JGOrj5TvYjpgX6MTg=,6bAj5vtHsC7QFqG1uas3lN5b5MA=
38,70,kNeQjI77t5JGOrj5TvYjpgX6MTg=,6bAj5vtHsC7QFqG1uas3lN5b5MA=
36,65,kNeQjI77t5JGOrj5TvYjpgX6MTg=,6bAj5vtHsC7QFqG1uas3lN5b5MA=
33,71,kNeQjI77t5JGOrj5TvYjpgX6MTg=,6bAj5vtHsC7QFqG1uas3lN5b5MA=
34,71,kNeQjI77t5JGOrj5TvYjpgX6MTg=,6bAj5vtHsC7QFqG1uas3lN5b5MA=
35,71,kNeQjI77t5JGOrj5TvYjpgX6MTg=,6bAj5vtHsC7QFqG1uas3lN5b5MA=
36,71,kNeQjI77t5JGOrj5TvYjpgX6MTg=,6bAj5vtHsC7QFqG1uas3lN5b5MA=
34,66,kNeQjI77t5JGOrj5TvYjpgX6MTg=,6bAj5vtHsC7QFqG1uas3lN5b5MA=
37,71,kNeQjI77t5JGOrj5TvYjpgX6MTg=,6bAj5vtHsC7QFqG1uas3lN5b5MA=
33,68,kNeQjI77t5JGOrj5TvYjpgX6MTg=,6bAj5vtHsC7QFqG1uas3lN5b5MA=
38,71,kNeQjI77t5JGOrj5TvYjpgX6MTg=,6bAj5vtHsC7QFqG1uas3lN5b5MA=
37,65,kNeQjI77t5JGOrj5TvYjpgX6MTg=,6bAj5vtHsC7QFqG1uas3lN5b5MA=
35,66,kNeQjI77t5JGOrj5TvYjpgX6MTg=,6bAj5vtHsC7QFqG1uas3lN5b5MA=
34,68,kNeQjI77t5JGOrj5TvYjpgX6MTg=,6bAj5vtHsC7QFqG1uas3lN5b5MA=
35,68,kNeQjI77t5JGOrj5TvYjpgX6MTg=,6bAj5vtHsC7QFqG1uas3lN5b5MA=
36,68,kNeQjI77t5JGOrj5TvYjpgX6MTg=,6bAj5vtHsC7QFqG1uas3lN5b5MA=
36,66,kNeQjI77t5JGOrj5TvYjpgX6MTg=,6bAj5vtHsC7QFqG1uas3lN5b5MA=
37,66,kNeQjI77t5JGOrj5TvYjpgX6MTg=,6bAj5vtHsC7QFqG1uas3lN5b5MA=
33,67,kNeQjI77t5JGOrj5TvYjpgX6MTg=,6bAj5vtHsC7QFqG1uas3lN5b5MA=
34,67,kNeQjI77t5JGOrj5TvYjpgX6MTg=,6bAj5vtHsC7QFqG1uas3lN5b5MA=
35,67,kNeQjI77t5JGOrj5TvYjpgX6MTg=,6bAj5vtHsC7QFqG1uas3lN5b5MA=
36,67,kNeQjI77t5JGOrj5TvYjpgX6MTg=,6bAj5vtHsC7QFqG1uas3lN5b5MA=
37,68,kNeQjI77t5JGOrj5TvYjpgX6MTg=,6bAj5vtHsC7QFqG1uas3lN5b5MA=
37,67,kNeQjI77t5JGOrj5TvYjpgX6MTg=,6bAj5vtHsC7QFqG1uas3lN5b5MA=
38,67,kNeQjI77t5JGOrj5TvYjpgX6MTg=,6bAj5vtHsC7QFqG1uas3lN5b5MA=
34,64,kNeQjI77t5JGOrj5TvYjpgX6MTg=,6bAj5vtHsC7QFqG1uas3lN5b5MA=
33,64,kNeQjI77t5JGOrj5TvYjpgX6MTg=,6bAj5vtHsC7QFqG1uas3lN5b5MA=
36,64,kNeQjI77t5JGOrj5TvYjpgX6MTg=,6bAj5vtHsC7QFqG1uas3lN5b5MA=
35,64,kNeQjI77t5JGOrj5TvYjpgX6MTg=,6bAj5vtHsC7QFqG1uas3lN5b5MA=
44,66,kNeQjI77t5JGOrj5TvYjpgX6MTg=,6bAj5vtHsC7QFqG1uas3lN5b5MA=
45,66,kNeQjI77t5JGOrj5TvYjpgX6MTg=,6bAj5vtHsC7QFqG1uas3lN5b5MA=
43,66,kNeQjI77t5JGOrj5TvYjpgX6MTg=,6bAj5vtHsC7QFqG1uas3lN5b5MA=
46,65,kNeQjI77t5JGOrj5TvYjpgX6MTg=,6bAj5vtHsC7QFqG1uas3lN5b5MA=
45,65,kNeQjI77t5JGOrj5TvYjpgX6MTg=,6bAj5vtHsC7QFqG1uas3lN5b5MA=
44,65,kNeQjI77t5JGOrj5TvYjpgX6MTg=,6bAj5vtHsC7QFqG1uas3lN5b5MA=
46,70,kNeQjI77t5JGOrj5TvYjpgX6MTg=,6bAj5vtHsC7QFqG1uas3lN5b5MA=
45,70,kNeQjI77t5JGOrj5TvYjpgX6MTg=,6bAj5vtHsC7QFqG1uas3lN5b5MA=
44,70,kNeQjI77t5JGOrj5TvYjpgX6MTg=,6bAj5vtHsC7QFqG1uas3lN5b5MA=
43,70,kNeQjI77t5JGOrj5TvYjpgX6MTg=,6bAj5vtHsC7QFqG1uas3lN5b5MA=
46,69,kNeQjI77t5JGOrj5TvYjpgX6MTg=,6bAj5vtHsC7QFqG1uas3lN5b5MA=
45,69,kNeQjI77t5JGOrj5TvYjpgX6MTg=,6bAj5vtHsC7QFqG1uas3lN5b5MA=
44,69,kNeQjI77t5JGOrj5TvYjpgX6MTg=,6bAj5vtHsC7QFqG1uas3lN5b5MA=
43,69,kNeQjI77t5JGOrj5TvYjpgX6MTg=,6bAj5vtHsC7QFqG1uas3lN5b5MA=
39,70,kNeQjI77t5JGOrj5TvYjpgX6MTg=,6bAj5vtHsC7QFqG1uas3lN5b5MA=
46,68,kNeQjI77t5JGOrj5TvYjpgX6MTg=,6bAj5vtHsC7QFqG1uas3lN5b5MA=
45,68,kNeQjI77t5JGOrj5TvYjpgX6MTg=,6bAj5vtHsC7QFqG1uas3lN5b5MA=
44,68,kNeQjI77t5JGOrj5TvYjpgX6MTg=,6bAj5vtHsC7QFqG1uas3lN5b5MA=
43,68,kNeQjI77t5JGOrj5TvYjpgX6MTg=,6bAj5vtHsC7QFqG1uas3lN5b5MA=
39,69,kNeQjI77t5JGOrj5TvYjpgX6MTg=,6bAj5vtHsC7QFqG1uas3lN5b5MA=
46,67,kNeQjI77t5JGOrj5TvYjpgX6MTg=,6bAj5vtHsC7QFqG1uas3lN5b5MA=
45,67,kNeQjI77t5JGOrj5TvYjpgX6MTg=,6bAj5vtHsC7QFqG1uas3lN5b5MA=
44,67,kNeQjI77t5JGOrj5TvYjpgX6MTg=,6bAj5vtHsC7QFqG1uas3lN5b5MA=
43,67,kNeQjI77t5JGOrj5TvYjpgX6MTg=,6bAj5vtHsC7QFqG1uas3lN5b5MA=
39,68,kNeQjI77t5JGOrj5TvYjpgX6MTg=,6bAj5vtHsC7QFqG1uas3lN5b5MA=
46,66,kNeQjI77t5JGOrj5TvYjpgX6MTg=,6bAj5vtHsC7QFqG1uas3lN5b5MA=
47,69,kNeQjI77t5JGOrj5TvYjpgX6MTg=,6bAj5vtHsC7QFqG1uas3lN5b5MA=
47,70,kNeQjI77t5JGOrj5TvYjpgX6MTg=,6bAj5vtHsC7QFqG1uas3lN5b5MA=
40,74,kNeQjI77t5JGOrj5TvYjpgX6MTg=,6bAj5vtHsC7QFqG1uas3lN5b5MA=
45,74,kNeQjI77t5JGOrj5TvYjpgX6MTg=,6bAj5vtHsC7QFqG1uas3lN5b5MA=
46,74,kNeQjI77t5JGOrj5TvYjpgX6MTg=,6bAj5vtHsC7QFqG1uas3lN5b5MA=
47,74,kNeQjI77t5JGOrj5TvYjpgX6MTg=,6bAj5vtHsC7QFqG1uas3lN5b5MA=
40,75,kNeQjI77t5JGOrj5TvYjpgX6MTg=,6bAj5vtHsC7QFqG1uas3lN5b5MA=
40,76,kNeQjI77t5JGOrj5TvYjpgX6MTg=,6bAj5vtHsC7QFqG1uas3lN5b5MA=
47,68,kNeQjI77t5JGOrj5TvYjpgX6MTg=,6bAj5vtHsC7QFqG1uas3lN5b5MA=
40,68,kNeQjI77t5JGOrj5TvYjpgX6MTg=,6bAj5vtHsC7QFqG1uas3lN5b5MA=
41,68,kNeQjI77t5JGOrj5TvYjpgX6MTg=,6bAj5vtHsC7QFqG1uas3lN5b5MA=
47,73,kNeQjI77t5JGOrj5TvYjpgX6MTg=,6bAj5vtHsC7QFqG1uas3lN5b5MA=
46,73,kNeQjI77t5JGOrj5TvYjpgX6MTg=,6bAj5vtHsC7QFqG1uas3lN5b5MA=
45,73,kNeQjI77t5JGOrj5TvYjpgX6MTg=,6bAj5vtHsC7QFqG1uas3lN5b5MA=
44,73,kNeQjI77t5JGOrj5TvYjpgX6MTg=,6bAj5vtHsC7QFqG1uas3lN5b5MA=
47,71,kNeQjI77t5JGOrj5TvYjpgX6MTg=,6bAj5vtHsC7QFqG1uas3lN5b5MA=
47,72,kNeQjI77t5JGOrj5TvYjpgX6MTg=,6bAj5vtHsC7QFqG1uas3lN5b5MA=
46,71,kNeQjI77t5JGOrj5TvYjpgX6MTg=,6bAj5vtHsC7QFqG1uas3lN5b5MA=
45,71,kNeQjI77t5JGOrj5TvYjpgX6MTg=,6bAj5vtHsC7QFqG1uas3lN5b5MA=
44,71,kNeQjI77t5JGOrj5TvYjpgX6MTg=,6bAj5vtHsC7QFqG1uas3lN5b5MA=
43,71,kNeQjI77t5JGOrj5TvYjpgX6MTg=,6bAj5vtHsC7QFqG1uas3lN5b5MA=
46,72,kNeQjI77t5JGOrj5TvYjpgX6MTg=,6bAj5vtHsC7QFqG1uas3lN5b5MA=
45,72,kNeQjI77t5JGOrj5TvYjpgX6MTg=,6bAj5vtHsC7QFqG1uas3lN5b5MA=
44,72,kNeQjI77t5JGOrj5TvYjpgX6MTg=,6bAj5vtHsC7QFqG1uas3lN5b5MA=
42,68,kNeQjI77t5JGOrj5TvYjpgX6MTg=,6bAj5vtHsC7QFqG1uas3lN5b5MA=
40,69,kNeQjI77t5JGOrj5TvYjpgX6MTg=,6bAj5vtHsC7QFqG1uas3lN5b5MA=
41,69,kNeQjI77t5JGOrj5TvYjpgX6MTg=,6bAj5vtHsC7QFqG1uas3lN5b5MA=
42,69,kNeQjI77t5JGOrj5TvYjpgX6MTg=,6bAj5vtHsC7QFqG1uas3lN5b5MA=
41,71,kNeQjI77t5JGOrj5TvYjpgX6MTg=,6bAj5vtHsC7QFqG1uas3lN5b5MA=
40,70,kNeQjI77t5JGOrj5TvYjpgX6MTg=,6bAj5vtHsC7QFqG1uas3lN5b5MA=
40,71,kNeQjI77t5JGOrj5TvYjpgX6MTg=,6bAj5vtHsC7QFqG1uas3lN5b5MA=
41,70,kNeQjI77t5JGOrj5TvYjpgX6MTg=,6bAj5vtHsC7QFqG1uas3lN5b5MA=
42,70,kNeQjI77t5JGOrj5TvYjpgX6MTg=,6bAj5vtHsC7QFqG1uas3lN5b5MA=
42,71,kNeQjI77t5JGOrj5TvYjpgX6MTg=,6bAj5vtHsC7QFqG1uas3lN5b5MA=
40,72,kNeQjI77t5JGOrj5TvYjpgX6MTg=,6bAj5vtHsC7QFqG1uas3lN5b5MA=
39,71,kNeQjI77t5JGOrj5TvYjpgX6MTg=,6bAj5vtHsC7QFqG1uas3lN5b5MA=
43,78,kNeQjI77t5JGOrj5TvYjpgX6MTg=,6bAj5vtHsC7QFqG1uas3lN5b5MA=
42,78,kNeQjI77t5JGOrj5TvYjpgX6MTg=,6bAj5vtHsC7QFqG1uas3lN5b5MA=
41,78,kNeQjI77t5JGOrj5TvYjpgX6MTg=,6bAj5vtHsC7QFqG1uas3lN5b5MA=
40,78,kNeQjI77t5JGOrj5TvYjpgX6MTg=,6bAj5vtHsC7QFqG1uas3lN5b5MA=
42,77,kNeQjI77t5JGOrj5TvYjpgX6MTg=,6bAj5vtHsC7QFqG1uas3lN5b5MA=
41,77,kNeQjI77t5JGOrj5TvYjpgX6MTg=,6bAj5vtHsC7QFqG1uas3lN5b5MA=
40,77,kNeQjI77t5JGOrj5TvYjpgX6MTg=,6bAj5vtHsC7QFqG1uas3lN5b5MA=
41,76,kNeQjI77t5JGOrj5TvYjpgX6MTg=,6bAj5vtHsC7QFqG1uas3lN5b5MA=
41,72,kNeQjI77t5JGOrj5TvYjpgX6MTg=,6bAj5vtHsC7QFqG1uas3lN5b5MA=
42,72,kNeQjI77t5JGOrj5TvYjpgX6MTg=,6bAj5vtHsC7QFqG1uas3lN5b5MA=
43,72,kNeQjI77t5JGOrj5TvYjpgX6MTg=,6bAj5vtHsC7QFqG1uas3lN5b5MA=
42,74,kNeQjI77t5JGOrj5TvYjpgX6MTg=,6bAj5vtHsC7QFqG1uas3lN5b5MA=
40,73,kNeQjI77t5JGOrj5TvYjpgX6MTg=,6bAj5vtHsC7QFqG1uas3lN5b5MA=
43,74,kNeQjI77t5JGOrj5TvYjpgX6MTg=,6bAj5vtHsC7QFqG1uas3lN5b5MA=
41,75,kNeQjI77t5JGOrj5TvYjpgX6MTg=,6bAj5vtHsC7QFqG1uas3lN5b5MA=
44,74,kNeQjI77t5JGOrj5TvYjpgX6MTg=,6bAj5vtHsC7QFqG1uas3lN5b5MA=
42,75,kNeQjI77t5JGOrj5TvYjpgX6MTg=,6bAj5vtHsC7QFqG1uas3lN5b5MA=
45,75,kNeQjI77t5JGOrj5TvYjpgX6MTg=,6bAj5vtHsC7QFqG1uas3lN5b5MA=
41,74,kNeQjI77t5JGOrj5TvYjpgX6MTg=,6bAj5vtHsC7QFqG1uas3lN5b5MA=
46,75,kNeQjI77t5JGOrj5TvYjpgX6MTg=,6bAj5vtHsC7QFqG1uas3lN5b5MA=
41,79,kNeQjI77t5JGOrj5TvYjpgX6MTg=,6bAj5vtHsC7QFqG1uas3lN5b5MA=
42,79,kNeQjI77t5JGOrj5TvYjpgX6MTg=,6bAj5vtHsC7QFqG1uas3lN5b5MA=
43,79,kNeQjI77t5JGOrj5TvYjpgX6MTg=,6bAj5vtHsC7QFqG1uas3lN5b5MA=
42,76,kNeQjI77t5JGOrj5TvYjpgX6MTg=,6bAj5vtHsC7QFqG1uas3lN5b5MA=
43,75,kNeQjI77t5JGOrj5TvYjpgX6MTg=,6bAj5vtHsC7QFqG1uas3lN5b5MA=
41,73,kNeQjI77t5JGOrj5TvYjpgX6MTg=,6bAj5vtHsC7QFqG1uas3lN5b5MA=
40,79,kNeQjI77t5JGOrj5TvYjpgX6MTg=,6bAj5vtHsC7QFqG1uas3lN5b5MA=
43,76,kNeQjI77t5JGOrj5TvYjpgX6MTg=,6bAj5vtHsC7QFqG1uas3lN5b5MA=
43,77,kNeQjI77t5JGOrj5TvYjpgX6MTg=,6bAj5vtHsC7QFqG1uas3lN5b5MA=
32,69,kNeQjI77t5JGOrj5TvYjpgX6MTg=,6bAj5vtHsC7QFqG1uas3lN5b5MA=
32,65,kNeQjI77t5JGOrj5TvYjpgX6MTg=,6bAj5vtHsC7QFqG1uas3lN5b5MA=
32,70,kNeQjI77t5JGOrj5TvYjpgX6MTg=,6bAj5vtHsC7QFqG1uas3lN5b5MA=
32,66,kNeQjI77t5JGOrj5TvYjpgX6MTg=,6bAj5vtHsC7QFqG1uas3lN5b5MA=
32,68,kNeQjI77t5JGOrj5TvYjpgX6MTg=,6bAj5vtHsC7QFqG1uas3lN5b5MA=
32,67,kNeQjI77t5JGOrj5TvYjpgX6MTg=,6bAj5vtHsC7QFqG1uas3lN5b5MA=
42,73,kNeQjI77t5JGOrj5TvYjpgX6MTg=,6bAj5vtHsC7QFqG1uas3lN5b5MA=
43,73,kNeQjI77t5JGOrj5TvYjpgX6MTg=,6bAj5vtHsC7QFqG1uas3lN5b5MA=
44,75,kNeQjI77t5JGOrj5TvYjpgX6MTg=,6bAj5vtHsC7QFqG1uas3lN5b5MA=
47,75,kNeQjI77t5JGOrj5TvYjpgX6MTg=,6bAj5vtHsC7QFqG1uas3lN5b5MA=
32,64,kNeQjI77t5JGOrj5TvYjpgX6MTg=,6bAj5vtHsC7QFqG1uas3lN5b5MA=
32,71,kNeQjI77t5JGOrj5TvYjpgX6MTg=,6bAj5vtHsC7QFqG1uas3lN5b5MA=
46,64,dnL7tpw5/Kq9Dhm5ne1St7w7Jas=,6bAj5vtHsC7QFqG1uas3lN5b5MA=
45,64,dnL7tpw5/Kq9Dhm5ne1St7w7Jas=,6bAj5vtHsC7QFqG1uas3lN5b5MA=
44,64,dnL7tpw5/Kq9Dhm5ne1St7w7Jas=,6bAj5vtHsC7QFqG1uas3lN5b5MA=
39,67,dnL7tpw5/Kq9Dhm5ne1St7w7Jas=,6bAj5vtHsC7QFqG1uas3lN5b5MA=
43,65,dnL7tpw5/Kq9Dhm5ne1St7w7Jas=,6bAj5vtHsC7QFqG1uas3lN5b5MA=
40,66,dnL7tpw5/Kq9Dhm5ne1St7w7Jas=,6bAj5vtHsC7QFqG1uas3lN5b5MA=
41,65,dnL7tpw5/Kq9Dhm5ne1St7w7Jas=,6bAj5vtHsC7QFqG1uas3lN5b5MA=
39,65,dnL7tpw5/Kq9Dhm5ne1St7w7Jas=,6bAj5vtHsC7QFqG1uas3lN5b5MA=
40,64,dnL7tpw5/Kq9Dhm5ne1St7w7Jas=,6bAj5vtHsC7QFqG1uas3lN5b5MA=
42,67,dnL7tpw5/Kq9Dhm5ne1St7w7Jas=,6bAj5vtHsC7QFqG1uas3lN5b5MA=
41,66,dnL7tpw5/Kq9Dhm5ne1St7w7Jas=,6bAj5vtHsC7QFqG1uas3lN5b5MA=
42,66,dnL7tpw5/Kq9Dhm5ne1St7w7Jas=,6bAj5vtHsC7QFqG1uas3lN5b5MA=
39,66,dnL7tpw5/Kq9Dhm5ne1St7w7Jas=,6bAj5vtHsC7QFqG1uas3lN5b5MA=
42,65,dnL7tpw5/Kq9Dhm5ne1St7w7Jas=,6bAj5vtHsC7QFqG1uas3lN5b5MA=
47,66,dnL7tpw5/Kq9Dhm5ne1St7w7Jas=,6bAj5vtHsC7QFqG1uas3lN5b5MA=
37,64,dnL7tpw5/Kq9Dhm5ne1St7w7Jas=,6bAj5vtHsC7QFqG1uas3lN5b5MA=
47,65,dnL7tpw5/Kq9Dhm5ne1St7w7Jas=,6bAj5vtHsC7QFqG1uas3lN5b5MA=
41,67,dnL7tpw5/Kq9Dhm5ne1St7w7Jas=,6bAj5vtHsC7QFqG1uas3lN5b5MA=
39,64,dnL7tpw5/Kq9Dhm5ne1St7w7Jas=,6bAj5vtHsC7QFqG1uas3lN5b5MA=
38,64,dnL7tpw5/Kq9Dhm5ne1St7w7Jas=,6bAj5vtHsC7QFqG1uas3lN5b5MA=
38,66,dnL7tpw5/Kq9Dhm5ne1St7w7Jas=,6bAj5vtHsC7QFqG1uas3lN5b5MA=
47,64,dnL7tpw5/Kq9Dhm5ne1St7w7Jas=,6bAj5vtHsC7QFqG1uas3lN5b5MA=
43,64,dnL7tpw5/Kq9Dhm5ne1St7w7Jas=,6bAj5vtHsC7QFqG1uas3lN5b5MA=
40,67,dnL7tpw5/Kq9Dhm5ne1St7w7Jas=,6bAj5vtHsC7QFqG1uas3lN5b5MA=
47,67,dnL7tpw5/Kq9Dhm5ne1St7w7Jas=,6bAj5vtHsC7QFqG1uas3lN5b5MA=
47,78,dnL7tpw5/Kq9Dhm5ne1St7w7Jas=,6bAj5vtHsC7QFqG1uas3lN5b5MA=
42,64,dnL7tpw5/Kq9Dhm5ne1St7w7Jas=,6bAj5vtHsC7QFqG1uas3lN5b5MA=
46,78,dnL7tpw5/Kq9Dhm5ne1St7w7Jas=,6bAj5vtHsC7QFqG1uas3lN5b5MA=
45,78,dnL7tpw5/Kq9Dhm5ne1St7w7Jas=,6bAj5vtHsC7QFqG1uas3lN5b5MA=
46,79,dnL7tpw5/Kq9Dhm5ne1St7w7Jas=,6bAj5vtHsC7QFqG1uas3lN5b5MA=
44,78,dnL7tpw5/Kq9Dhm5ne1St7w7Jas=,6bAj5vtHsC7QFqG1uas3lN5b5MA=
47,77,dnL7tpw5/Kq9Dhm5ne1St7w7Jas=,6bAj5vtHsC7QFqG1uas3lN5b5MA=
47,79,dnL7tpw5/Kq9Dhm5ne1St7w7Jas=,6bAj5vtHsC7QFqG1uas3lN5b5MA=
45,76,dnL7tpw5/Kq9Dhm5ne1St7w7Jas=,6bAj5vtHsC7QFqG1uas3lN5b5MA=
46,77,dnL7tpw5/Kq9Dhm5ne1St7w7Jas=,6bAj5vtHsC7QFqG1uas3lN5b5MA=
44,77,dnL7tpw5/Kq9Dhm5ne1St7w7Jas=,6bAj5vtHsC7QFqG1uas3lN5b5MA=
47,76,dnL7tpw5/Kq9Dhm5ne1St7w7Jas=,6bAj5vtHsC7QFqG1uas3lN5b5MA=
38,65,dnL7tpw5/Kq9Dhm5ne1St7w7Jas=,6bAj5vtHsC7QFqG1uas3lN5b5MA=
45,79,dnL7tpw5/Kq9Dhm5ne1St7w7Jas=,6bAj5vtHsC7QFqG1uas3lN5b5MA=
44,76,dnL7tpw5/Kq9Dhm5ne1St7w7Jas=,6bAj5vtHsC7QFqG1uas3lN5b5MA=
44,79,dnL7tpw5/Kq9Dhm5ne1St7w7Jas=,6bAj5vtHsC7QFqG1uas3lN5b5MA=
40,65,dnL7tpw5/Kq9Dhm5ne1St7w7Jas=,6bAj5vtHsC7QFqG1uas3lN5b5MA=
45,77,dnL7tpw5/Kq9Dhm5ne1St7w7Jas=,6bAj5vtHsC7QFqG1uas3lN5b5MA=
46,76,dnL7tpw5/Kq9Dhm5ne1St7w7Jas=,6bAj5vtHsC7QFqG1uas3lN5b5MA=
41,64,dnL7tpw5/Kq9Dhm5ne1St7w7Jas=,6bAj5vtHsC7QFqG1uas3lN5b5MA=
41,93,dnL7tpw5/Kq9Dhm5ne1St7w7Jas=,6bAj5vtHsC7QFqG1uas3lN5b5MA=
46,90,dnL7tpw5/Kq9Dhm5ne1St7w7Jas=,6bAj5vtHsC7QFqG1uas3lN5b5MA=
41,92,dnL7tpw5/Kq9Dhm5ne1St7w7Jas=,6bAj5vtHsC7QFqG1uas3lN5b5MA=
45,90,dnL7tpw5/Kq9Dhm5ne1St7w7Jas=,6bAj5vtHsC7QFqG1uas3lN5b5MA=
46,92,dnL7tpw5/Kq9Dhm5ne1St7w7Jas=,6bAj5vtHsC7QFqG1uas3lN5b5MA=
45,92,dnL7tpw5/Kq9Dhm5ne1St7w7Jas=,6bAj5vtHsC7QFqG1uas3lN5b5MA=
46,91,dnL7tpw5/Kq9Dhm5ne1St7w7Jas=,6bAj5vtHsC7QFqG1uas3lN5b5MA=
44,90,dnL7tpw5/Kq9Dhm5ne1St7w7Jas=,6bAj5vtHsC7QFqG1uas3lN5b5MA=
43,90,dnL7tpw5/Kq9Dhm5ne1St7w7Jas=,6bAj5vtHsC7QFqG1uas3lN5b5MA=
44,92,dnL7tpw5/Kq9Dhm5ne1St7w7Jas=,6bAj5vtHsC7QFqG1uas3lN5b5MA=
43,92,dnL7tpw5/Kq9Dhm5ne1St7w7Jas=,6bAj5vtHsC7QFqG1uas3lN5b5MA=
46,89,dnL7tpw5/Kq9Dhm5ne1St7w7Jas=,6bAj5vtHsC7QFqG1uas3lN5b5MA=
42,90,dnL7tpw5/Kq9Dhm5ne1St7w7Jas=,6bAj5vtHsC7QFqG1uas3lN5b5MA=
41,90,dnL7tpw5/Kq9Dhm5ne1St7w7Jas=,6bAj5vtHsC7QFqG1uas3lN5b5MA=
45,89,dnL7tpw5/Kq9Dhm5ne1St7w7Jas=,6bAj5vtHsC7QFqG1uas3lN5b5MA=
44,89,dnL7tpw5/Kq9Dhm5ne1St7w7Jas=,6bAj5vtHsC7QFqG1uas3lN5b5MA=
46,94,dnL7tpw5/Kq9Dhm5ne1St7w7Jas=,6bAj5vtHsC7QFqG1uas3lN5b5MA=
45,91,dnL7tpw5/Kq9Dhm5ne1St7w7Jas=,6bAj5vtHsC7QFqG1uas3lN5b5MA=
45,94,dnL7tpw5/Kq9Dhm5ne1St7w7Jas=,6bAj5vtHsC7QFqG1uas3lN5b5MA=
43,89,dnL7tpw5/Kq9Dhm5ne1St7w7Jas=,6bAj5vtHsC7QFqG1uas3lN5b5MA=
43,94,dnL7tpw5/Kq9Dhm5ne1St7w7Jas=,6bAj5vtHsC7QFqG1uas3lN5b5MA=
42,94,dnL7tpw5/Kq9Dhm5ne1St7w7Jas=,6bAj5vtHsC7QFqG1uas3lN5b5MA=
42,89,dnL7tpw5/Kq9Dhm5ne1St7w7Jas=,6bAj5vtHsC7QFqG1uas3lN5b5MA=
41,94,dnL7tpw5/Kq9Dhm5ne1St7w7Jas=,6bAj5vtHsC7QFqG1uas3lN5b5MA=
44,91,dnL7tpw5/Kq9Dhm5ne1St7w7Jas=,6bAj5vtHsC7QFqG1uas3lN5b5MA=
46,93,dnL7tpw5/Kq9Dhm5ne1St7w7Jas=,6bAj5vtHsC7QFqG1uas3lN5b5MA=
45,93,dnL7tpw5/Kq9Dhm5ne1St7w7Jas=,6bAj5vtHsC7QFqG1uas3lN5b5MA=
43,91,dnL7tpw5/Kq9Dhm5ne1St7w7Jas=,6bAj5vtHsC7QFqG1uas3lN5b5MA=
42,91,dnL7tpw5/Kq9Dhm5ne1St7w7Jas=,6bAj5vtHsC7QFqG1uas3lN5b5MA=
44,93,dnL7tpw5/Kq9Dhm5ne1St7w7Jas=,6bAj5vtHsC7QFqG1uas3lN5b5MA=
41,91,dnL7tpw5/Kq9Dhm5ne1St7w7Jas=,6bAj5vtHsC7QFqG1uas3lN5b5MA=
41,89,dnL7tpw5/Kq9Dhm5ne1St7w7Jas=,6bAj5vtHsC7QFqG1uas3lN5b5MA=
43,93,dnL7tpw5/Kq9Dhm5ne1St7w7Jas=,6bAj5vtHsC7QFqG1uas3lN5b5MA=
42,92,dnL7tpw5/Kq9Dhm5ne1St7w7Jas=,6bAj5vtHsC7QFqG1uas3lN5b5MA=
42,93,dnL7tpw5/Kq9Dhm5ne1St7w7Jas=,6bAj5vtHsC7QFqG1uas3lN5b5MA=
44,94,dnL7tpw5/Kq9Dhm5ne1St7w7Jas=,6bAj5vtHsC7QFqG1uas3lN5b5MA=
40,93,dnL7tpw5/Kq9Dhm5ne1St7w7Jas=,6bAj5vtHsC7QFqG1uas3lN5b5MA=
40,91,dnL7tpw5/Kq9Dhm5ne1St7w7Jas=,6bAj5vtHsC7QFqG1uas3lN5b5MA=
40,90,dnL7tpw5/Kq9Dhm5ne1St7w7Jas=,6bAj5vtHsC7QFqG1uas3lN5b5MA=
40,94,dnL7tpw5/Kq9Dhm5ne1St7w7Jas=,6bAj5vtHsC7QFqG1uas3lN5b5MA=
40,89,dnL7tpw5/Kq9Dhm5ne1St7w7Jas=,6bAj5vtHsC7QFqG1uas3lN5b5MA=
40,92,dnL7tpw5/Kq9Dhm5ne1St7w7Jas=,6bAj5vtHsC7QFqG1uas3lN5b5MA=
40,86,dnL7tpw5/Kq9Dhm5ne1St7w7Jas=,6bAj5vtHsC7QFqG1uas3lN5b5MA=
44,81,dnL7tpw5/Kq9Dhm5ne1St7w7Jas=,6bAj5vtHsC7QFqG1uas3lN5b5MA=
43,81,dnL7tpw5/Kq9Dhm5ne1St7w7Jas=,6bAj5vtHsC7QFqG1uas3lN5b5MA=
42,81,dnL7tpw5/Kq9Dhm5ne1St7w7Jas=,6bAj5vtHsC7QFqG1uas3lN5b5MA=
41,81,dnL7tpw5/Kq9Dhm5ne1St7w7Jas=,6bAj5vtHsC7QFqG1uas3lN5b5MA=
40,81,dnL7tpw5/Kq9Dhm5ne1St7w7Jas=,6bAj5vtHsC7QFqG1uas3lN5b5MA=
44,85,dnL7tpw5/Kq9Dhm5ne1St7w7Jas=,6bAj5vtHsC7QFqG1uas3lN5b5MA=
43,85,dnL7tpw5/Kq9Dhm5ne1St7w7Jas=,6bAj5vtHsC7QFqG1uas3lN5b5MA=
42,85,dnL7tpw5/Kq9Dhm5ne1St7w7Jas=,6bAj5vtHsC7QFqG1uas3lN5b5MA=
41,85,dnL7tpw5/Kq9Dhm5ne1St7w7Jas=,6bAj5vtHsC7QFqG1uas3lN5b5MA=
40,85,dnL7tpw5/Kq9Dhm5ne1St7w7Jas=,6bAj5vtHsC7QFqG1uas3lN5b5MA=
44,84,dnL7tpw5/Kq9Dhm5ne1St7w7Jas=,6bAj5vtHsC7QFqG1uas3lN5b5MA=
43,84,dnL7tpw5/Kq9Dhm5ne1St7w7Jas=,6bAj5vtHsC7QFqG1uas3lN5b5MA=
42,84,dnL7tpw5/Kq9Dhm5ne1St7w7Jas=,6bAj5vtHsC7QFqG1uas3lN5b5MA=
41,84,dnL7tpw5/Kq9Dhm5ne1St7w7Jas=,6bAj5vtHsC7QFqG1uas3lN5b5MA=
40,84,dnL7tpw5/Kq9Dhm5ne1St7w7Jas=,6bAj5vtHsC7QFqG1uas3lN5b5MA=
44,83,dnL7tpw5/Kq9Dhm5ne1St7w7Jas=,6bAj5vtHsC7QFqG1uas3lN5b5MA=
43,83,dnL7tpw5/Kq9Dhm5ne1St7w7Jas=,6bAj5vtHsC7QFqG1uas3lN5b5MA=
42,83,dnL7tpw5/Kq9Dhm5ne1St7w7Jas=,6bAj5vtHsC7QFqG1uas3lN5b5MA=
41,83,dnL7tpw5/Kq9Dhm5ne1St7w7Jas=,6bAj5vtHsC7QFqG1uas3lN5b5MA=
40,83,dnL7tpw5/Kq9Dhm5ne1St7w7Jas=,6bAj5vtHsC7QFqG1uas3lN5b5MA=
45,87,dnL7tpw5/Kq9Dhm5ne1St7w7Jas=,6bAj5vtHsC7QFqG1uas3lN5b5MA=
44,87,dnL7tpw5/Kq9Dhm5ne1St7w7Jas=,6bAj5vtHsC7QFqG1uas3lN5b5MA=
45,88,dnL7tpw5/Kq9Dhm5ne1St7w7Jas=,6bAj5vtHsC7QFqG1uas3lN5b5MA=
43,87,dnL7tpw5/Kq9Dhm5ne1St7w7Jas=,6bAj5vtHsC7QFqG1uas3lN5b5MA=
42,87,dnL7tpw5/Kq9Dhm5ne1St7w7Jas=,6bAj5vtHsC7QFqG1uas3lN5b5MA=
44,82,dnL7tpw5/Kq9Dhm5ne1St7w7Jas=,6bAj5vtHsC7QFqG1uas3lN5b5MA=
43,82,dnL7tpw5/Kq9Dhm5ne1St7w7Jas=,6bAj5vtHsC7QFqG1uas3lN5b5MA=
42,82,dnL7tpw5/Kq9Dhm5ne1St7w7Jas=,6bAj5vtHsC7QFqG1uas3lN5b5MA=
41,82,dnL7tpw5/Kq9Dhm5ne1St7w7Jas=,6bAj5vtHsC7QFqG1uas3lN5b5MA=
40,82,dnL7tpw5/Kq9Dhm5ne1St7w7Jas=,6bAj5vtHsC7QFqG1uas3lN5b5MA=
43,88,dnL7tpw5/Kq9Dhm5ne1St7w7Jas=,6bAj5vtHsC7QFqG1uas3lN5b5MA=
44,88,dnL7tpw5/Kq9Dhm5ne1St7w7Jas=,6bAj5vtHsC7QFqG1uas3lN5b5MA=
46,88,dnL7tpw5/Kq9Dhm5ne1St7w7Jas=,6bAj5vtHsC7QFqG1uas3lN5b5MA=
41,87,dnL7tpw5/Kq9Dhm5ne1St7w7Jas=,6bAj5vtHsC7QFqG1uas3lN5b5MA=
40,87,dnL7tpw5/Kq9Dhm5ne1St7w7Jas=,6bAj5vtHsC7QFqG1uas3lN5b5MA=
41,88,dnL7tpw5/Kq9Dhm5ne1St7w7Jas=,6bAj5vtHsC7QFqG1uas3lN5b5MA=
42,88,dnL7tpw5/Kq9Dhm5ne1St7w7Jas=,6bAj5vtHsC7QFqG1uas3lN5b5MA=
40,88,dnL7tpw5/Kq9Dhm5ne1St7w7Jas=,6bAj5vtHsC7QFqG1uas3lN5b5MA=
45,86,dnL7tpw5/Kq9Dhm5ne1St7w7Jas=,6bAj5vtHsC7QFqG1uas3lN5b5MA=
44,86,dnL7tpw5/Kq9Dhm5ne1St7w7Jas=,6bAj5vtHsC7QFqG1uas3lN5b5MA=
43,86,dnL7tpw5/Kq9Dhm5ne1St7w7Jas=,6bAj5vtHsC7QFqG1uas3lN5b5MA=
42,86,dnL7tpw5/Kq9Dhm5ne1St7w7Jas=,6bAj5vtHsC7QFqG1uas3lN5b5MA=
41,86,dnL7tpw5/Kq9Dhm5ne1St7w7Jas=,6bAj5vtHsC7QFqG1uas3lN5b5MA=
40,80,dnL7tpw5/Kq9Dhm5ne1St7w7Jas=,6bAj5vtHsC7QFqG1uas3lN5b5MA=
41,80,dnL7tpw5/Kq9Dhm5ne1St7w7Jas=,6bAj5vtHsC7QFqG1uas3lN5b5MA=
42,80,dnL7tpw5/Kq9Dhm5ne1St7w7Jas=,6bAj5vtHsC7QFqG1uas3lN5b5MA=
43,80,dnL7tpw5/Kq9Dhm5ne1St7w7Jas=,6bAj5vtHsC7QFqG1uas3lN5b5MA=
47,92,dnL7tpw5/Kq9Dhm5ne1St7w7Jas=,6bAj5vtHsC7QFqG1uas3lN5b5MA=
47,91,dnL7tpw5/Kq9Dhm5ne1St7w7Jas=,6bAj5vtHsC7QFqG1uas3lN5b5MA=
47,89,dnL7tpw5/Kq9Dhm5ne1St7w7Jas=,6bAj5vtHsC7QFqG1uas3lN5b5MA=
47,94,dnL7tpw5/Kq9Dhm5ne1St7w7Jas=,6bAj5vtHsC7QFqG1uas3lN5b5MA=
47,88,dnL7tpw5/Kq9Dhm5ne1St7w7Jas=,6bAj5vtHsC7QFqG1uas3lN5b5MA=
47,87,dnL7tpw5/Kq9Dhm5ne1St7w7Jas=,6bAj5vtHsC7QFqG1uas3lN5b5MA=
47,93,dnL7tpw5/Kq9Dhm5ne1St7w7Jas=,6bAj5vtHsC7QFqG1uas3lN5b5MA=
45,85,dnL7tpw5/Kq9Dhm5ne1St7w7Jas=,6bAj5vtHsC7QFqG1uas3lN5b5MA=
45,84,dnL7tpw5/Kq9Dhm5ne1St7w7Jas=,6bAj5vtHsC7QFqG1uas3lN5b5MA=
46,85,dnL7tpw5/Kq9Dhm5ne1St7w7Jas=,6bAj5vtHsC7QFqG1uas3lN5b5MA=
46,84,dnL7tpw5/Kq9Dhm5ne1St7w7Jas=,6bAj5vtHsC7QFqG1uas3lN5b5MA=
47,90,dnL7tpw5/Kq9Dhm5ne1St7w7Jas=,6bAj5vtHsC7QFqG1uas3lN5b5MA=
47,85,dnL7tpw5/Kq9Dhm5ne1St7w7Jas=,6bAj5vtHsC7QFqG1uas3lN5b5MA=
46,86,dnL7tpw5/Kq9Dhm5ne1St7w7Jas=,6bAj5vtHsC7QFqG1uas3lN5b5MA=
47,86,dnL7tpw5/Kq9Dhm5ne1St7w7Jas=,6bAj5vtHsC7QFqG1uas3lN5b5MA=
46,87,dnL7tpw5/Kq9Dhm5ne1St7w7Jas=,6bAj5vtHsC7QFqG1uas3lN5b5MA=
47,84,dnL7tpw5/Kq9Dhm5ne1St7w7Jas=,6bAj5vtHsC7QFqG1uas3lN5b5MA=
47,80,dnL7tpw5/Kq9Dhm5ne1St7w7Jas=,6bAj5vtHsC7QFqG1uas3lN5b5MA=
45,80,dnL7tpw5/Kq9Dhm5ne1St7w7Jas=,6bAj5vtHsC7QFqG1uas3lN5b5MA=
46,81,dnL7tpw5/Kq9Dhm5ne1St7w7Jas=,6bAj5vtHsC7QFqG1uas3lN5b5MA=
45,81,dnL7tpw5/Kq9Dhm5ne1St7w7Jas=,6bAj5vtHsC7QFqG1uas3lN5b5MA=
45,83,dnL7tpw5/Kq9Dhm5ne1St7w7Jas=,6bAj5vtHsC7QFqG1uas3lN5b5MA=
47,83,dnL7tpw5/Kq9Dhm5ne1St7w7Jas=,6bAj5vtHsC7QFqG1uas3lN5b5MA=
44,80,dnL7tpw5/Kq9Dhm5ne1St7w7Jas=,6bAj5vtHsC7QFqG1uas3lN5b5MA=
47,82,dnL7tpw5/Kq9Dhm5ne1St7w7Jas=,6bAj5vtHsC7QFqG1uas3lN5b5MA=
45,82,dnL7tpw5/Kq9Dhm5ne1St7w7Jas=,6bAj5vtHsC7QFqG1uas3lN5b5MA=
46,82,dnL7tpw5/Kq9Dhm5ne1St7w7Jas=,6bAj5vtHsC7QFqG1uas3lN5b5MA=
46,80,dnL7tpw5/Kq9Dhm5ne1St7w7Jas=,6bAj5vtHsC7QFqG1uas3lN5b5MA=
46,83,dnL7tpw5/Kq9Dhm5ne1St7w7Jas=,6bAj5vtHsC7QFqG1uas3lN5b5MA=
47,81,dnL7tpw5/Kq9Dhm5ne1St7w7Jas=,6bAj5vtHsC7QFqG1uas3lN5b5MA=
40,95,/z+qH7ZJDyybhFmCLXiV4kkeQ8I=,6bAj5vtHsC7QFqG1uas3lN5b5MA=
46,95,/z+qH7ZJDyybhFmCLXiV4kkeQ8I=,6bAj5vtHsC7QFqG1uas3lN5b5MA=
45,95,/z+qH7ZJDyybhFmCLXiV4kkeQ8I=,6bAj5vtHsC7QFqG1uas3lN5b5MA=
43,95,/z+qH7ZJDyybhFmCLXiV4kkeQ8I=,6bAj5vtHsC7QFqG1uas3lN5b5MA=
44,95,/z+qH7ZJDyybhFmCLXiV4kkeQ8I=,6bAj5vtHsC7QFqG1uas3lN5b5MA=
42,95,/z+qH7ZJDyybhFmCLXiV4kkeQ8I=,6bAj5vtHsC7QFqG1uas3lN5b5MA=
41,95,/z+qH7ZJDyybhFmCLXiV4kkeQ8I=,6bAj5vtHsC7QFqG1uas3lN5b5MA=
47,95,/z+qH7ZJDyybhFmCLXiV4kkeQ8I=,6bAj5vtHsC7QFqG1uas3lN5b5MA=
62,86,3DCoafo/ndMW9TewUZlWfsfNM9Y=,6bAj5vtHsC7QFqG1uas3lN5b5MA=
61,86,3DCoafo/ndMW9TewUZlWfsfNM9Y=,6bAj5vtHsC7QFqG1uas3lN5b5MA=
60,86,3DCoafo/ndMW9TewUZlWfsfNM9Y=,6bAj5vtHsC7QFqG1uas3lN5b5MA=
62,85,3DCoafo/ndMW9TewUZlWfsfNM9Y=,6bAj5vtHsC7QFqG1uas3lN5b5MA=
61,85,3DCoafo/ndMW9TewUZlWfsfNM9Y=,6bAj5vtHsC7QFqG1uas3lN5b5MA=
60,85,3DCoafo/ndMW9TewUZlWfsfNM9Y=,6bAj5vtHsC7QFqG1uas3lN5b5MA=
59,85,3DCoafo/ndMW9TewUZlWfsfNM9Y=,6bAj5vtHsC7QFqG1uas3lN5b5MA=
58,85,3DCoafo/ndMW9TewUZlWfsfNM9Y=,6bAj5vtHsC7QFqG1uas3lN5b5MA=
62,84,3DCoafo/ndMW9TewUZlWfsfNM9Y=,6bAj5vtHsC7QFqG1uas3lN5b5MA=
61,84,3DCoafo/ndMW9TewUZlWfsfNM9Y=,6bAj5vtHsC7QFqG1uas3lN5b5MA=
60,84,3DCoafo/ndMW9TewUZlWfsfNM9Y=,6bAj5vtHsC7QFqG1uas3lN5b5MA=
59,84,3DCoafo/ndMW9TewUZlWfsfNM9Y=,6bAj5vtHsC7QFqG1uas3lN5b5MA=
58,84,3DCoafo/ndMW9TewUZlWfsfNM9Y=,6bAj5vtHsC7QFqG1uas3lN5b5MA=
62,83,3DCoafo/ndMW9TewUZlWfsfNM9Y=,6bAj5vtHsC7QFqG1uas3lN5b5MA=
61,83,3DCoafo/ndMW9TewUZlWfsfNM9Y=,6bAj5vtHsC7QFqG1uas3lN5b5MA=
60,83,3DCoafo/ndMW9TewUZlWfsfNM9Y=,6bAj5vtHsC7QFqG1uas3lN5b5MA=
59,83,3DCoafo/ndMW9TewUZlWfsfNM9Y=,6bAj5vtHsC7QFqG1uas3lN5b5MA=
58,83,3DCoafo/ndMW9TewUZlWfsfNM9Y=,6bAj5vtHsC7QFqG1uas3lN5b5MA=
62,82,3DCoafo/ndMW9TewUZlWfsfNM9Y=,6bAj5vtHsC7QFqG1uas3lN5b5MA=
61,82,3DCoafo/ndMW9TewUZlWfsfNM9Y=,6bAj5vtHsC7QFqG1uas3lN5b5MA=
60,82,3DCoafo/ndMW9TewUZlWfsfNM9Y=,6bAj5vtHsC7QFqG1uas3lN5b5MA=
59,82,3DCoafo/ndMW9TewUZlWfsfNM9Y=,6bAj5vtHsC7QFqG1uas3lN5b5MA=
62,81,3DCoafo/ndMW9TewUZlWfsfNM9Y=,6bAj5vtHsC7QFqG1uas3lN5b5MA=
61,81,3DCoafo/ndMW9TewUZlWfsfNM9Y=,6bAj5vtHsC7QFqG1uas3lN5b5MA=
60,81,3DCoafo/ndMW9TewUZlWfsfNM9Y=,6bAj5vtHsC7QFqG1uas3lN5b5MA=
63,81,3DCoafo/ndMW9TewUZlWfsfNM9Y=,6bAj5vtHsC7QFqG1uas3lN5b5MA=
63,82,3DCoafo/ndMW9TewUZlWfsfNM9Y=,6bAj5vtHsC7QFqG1uas3lN5b5MA=
63,83,3DCoafo/ndMW9TewUZlWfsfNM9Y=,6bAj5vtHsC7QFqG1uas3lN5b5MA=
63,84,3DCoafo/ndMW9TewUZlWfsfNM9Y=,6bAj5vtHsC7QFqG1uas3lN5b5MA=
63,85,3DCoafo/ndMW9TewUZlWfsfNM9Y=,6bAj5vtHsC7QFqG1uas3lN5b5MA=
63,86,3DCoafo/ndMW9TewUZlWfsfNM9Y=,6bAj5vtHsC7QFqG1uas3lN5b5MA=
59,81,3DCoafo/ndMW9TewUZlWfsfNM9Y=,6bAj5vtHsC7QFqG1uas3lN5b5MA=
54,81,gvgx9Fv/HjzRrl/D83JLt9DfrU8=,6bAj5vtHsC7QFqG1uas3lN5b5MA=
55,86,gvgx9Fv/HjzRrl/D83JLt9DfrU8=,6bAj5vtHsC7QFqG1uas3lN5b5MA=
53,81,gvgx9Fv/HjzRrl/D83JLt9DfrU8=,6bAj5vtHsC7QFqG1uas3lN5b5MA=
49,83,gvgx9Fv/HjzRrl/D83JLt9DfrU8=,6bAj5vtHsC7QFqG1uas3lN5b5MA=
55,82,gvgx9Fv/HjzRrl/D83JLt9DfrU8=,6bAj5vtHsC7QFqG1uas3lN5b5MA=
54,82,gvgx9Fv/HjzRrl/D83JLt9DfrU8=,6bAj5vtHsC7QFqG1uas3lN5b5MA=
53,82,gvgx9Fv/HjzRrl/D83JLt9DfrU8=,6bAj5vtHsC7QFqG1uas3lN5b5MA=
50,85,gvgx9Fv/HjzRrl/D83JLt9DfrU8=,6bAj5vtHsC7QFqG1uas3lN5b5MA=
50,84,gvgx9Fv/HjzRrl/D83JLt9DfrU8=,6bAj5vtHsC7QFqG1uas3lN5b5MA=
49,85,gvgx9Fv/HjzRrl/D83JLt9DfrU8=,6bAj5vtHsC7QFqG1uas3lN5b5MA=
49,84,gvgx9Fv/HjzRrl/D83JLt9DfrU8=,6bAj5vtHsC7QFqG1uas3lN5b5MA=
50,86,gvgx9Fv/HjzRrl/D83JLt9DfrU8=,6bAj5vtHsC7QFqG1uas3lN5b5MA=
49,86,gvgx9Fv/HjzRrl/D83JLt9DfrU8=,6bAj5vtHsC7QFqG1uas3lN5b5MA=
55,85,gvgx9Fv/HjzRrl/D83JLt9DfrU8=,6bAj5vtHsC7QFqG1uas3lN5b5MA=
55,84,gvgx9Fv/HjzRrl/D83JLt9DfrU8=,6bAj5vtHsC7QFqG1uas3lN5b5MA=
55,81,gvgx9Fv/HjzRrl/D83JLt9DfrU8=,6bAj5vtHsC7QFqG1uas3lN5b5MA=
54,84,gvgx9Fv/HjzRrl/D83JLt9DfrU8=,6bAj5vtHsC7QFqG1uas3lN5b5MA=
54,85,gvgx9Fv/HjzRrl/D83JLt9DfrU8=,6bAj5vtHsC7QFqG1uas3lN5b5MA=
55,83,gvgx9Fv/HjzRrl/D83JLt9DfrU8=,6bAj5vtHsC7QFqG1uas3lN5b5MA=
54,83,gvgx9Fv/HjzRrl/D83JLt9DfrU8=,6bAj5vtHsC7QFqG1uas3lN5b5MA=
53,83,gvgx9Fv/HjzRrl/D83JLt9DfrU8=,6bAj5vtHsC7QFqG1uas3lN5b5MA=
51,90,gvgx9Fv/HjzRrl/D83JLt9DfrU8=,6bAj5vtHsC7QFqG1uas3lN5b5MA=
50,88,gvgx9Fv/HjzRrl/D83JLt9DfrU8=,6bAj5vtHsC7QFqG1uas3lN5b5MA=
51,89,gvgx9Fv/HjzRrl/D83JLt9DfrU8=,6bAj5vtHsC7QFqG1uas3lN5b5MA=
53,93,gvgx9Fv/HjzRrl/D83JLt9DfrU8=,6bAj5vtHsC7QFqG1uas3lN5b5MA=
50,87,gvgx9Fv/HjzRrl/D83JLt9DfrU8=,6bAj5vtHsC7QFqG1uas3lN5b5MA=
52,91,gvgx9Fv/HjzRrl/D83JLt9DfrU8=,6bAj5vtHsC7QFqG1uas3lN5b5MA=
51,88,gvgx9Fv/HjzRrl/D83JLt9DfrU8=,6bAj5vtHsC7QFqG1uas3lN5b5MA=
48,93,gvgx9Fv/HjzRrl/D83JLt9DfrU8=,6bAj5vtHsC7QFqG1uas3lN5b5MA=
61,90,gvgx9Fv/HjzRrl/D83JLt9DfrU8=,6bAj5vtHsC7QFqG1uas3lN5b5MA=
62,90,gvgx9Fv/HjzRrl/D83JLt9DfrU8=,6bAj5vtHsC7QFqG1uas3lN5b5MA=
63,90,gvgx9Fv/HjzRrl/D83JLt9DfrU8=,6bAj5vtHsC7QFqG1uas3lN5b5MA=
60,87,gvgx9Fv/HjzRrl/D83JLt9DfrU8=,6bAj5vtHsC7QFqG1uas3lN5b5MA=
61,87,gvgx9Fv/HjzRrl/D83JLt9DfrU8=,6bAj5vtHsC7QFqG1uas3lN5b5MA=
62,87,gvgx9Fv/HjzRrl/D83JLt9DfrU8=,6bAj5vtHsC7QFqG1uas3lN5b5MA=
63,87,gvgx9Fv/HjzRrl/D83JLt9DfrU8=,6bAj5vtHsC7QFqG1uas3lN5b5MA=
63,89,gvgx9Fv/HjzRrl/D83JLt9DfrU8=,6bAj5vtHsC7QFqG1uas3lN5b5MA=
62,89,gvgx9Fv/HjzRrl/D83JLt9DfrU8=,6bAj5vtHsC7QFqG1uas3lN5b5MA=
61,89,gvgx9Fv/HjzRrl/D83JLt9DfrU8=,6bAj5vtHsC7QFqG1uas3lN5b5MA=
63,88,gvgx9Fv/HjzRrl/D83JLt9DfrU8=,6bAj5vtHsC7QFqG1uas3lN5b5MA=
62,88,gvgx9Fv/HjzRrl/D83JLt9DfrU8=,6bAj5vtHsC7QFqG1uas3lN5b5MA=
61,88,gvgx9Fv/HjzRrl/D83JLt9DfrU8=,6bAj5vtHsC7QFqG1uas3lN5b5MA=
59,86,gvgx9Fv/HjzRrl/D83JLt9DfrU8=,6bAj5vtHsC7QFqG1uas3lN5b5MA=
57,88,gvgx9Fv/HjzRrl/D83JLt9DfrU8=,6bAj5vtHsC7QFqG1uas3lN5b5MA=
56,89,gvgx9Fv/HjzRrl/D83JLt9DfrU8=,6bAj5vtHsC7QFqG1uas3lN5b5MA=
58,88,gvgx9Fv/HjzRrl/D83JLt9DfrU8=,6bAj5vtHsC7QFqG1uas3lN5b5MA=
57,84,gvgx9Fv/HjzRrl/D83JLt9DfrU8=,6bAj5vtHsC7QFqG1uas3lN5b5MA=
57,85,gvgx9Fv/HjzRrl/D83JLt9DfrU8=,6bAj5vtHsC7QFqG1uas3lN5b5MA=
54,86,gvgx9Fv/HjzRrl/D83JLt9DfrU8=,6bAj5vtHsC7QFqG1uas3lN5b5MA=
55,91,gvgx9Fv/HjzRrl/D83JLt9DfrU8=,6bAj5vtHsC7QFqG1uas3lN5b5MA=
52,84,gvgx9Fv/HjzRrl/D83JLt9DfrU8=,6bAj5vtHsC7QFqG1uas3lN5b5MA=
52,85,gvgx9Fv/HjzRrl/D83JLt9DfrU8=,6bAj5vtHsC7QFqG1uas3lN5b5MA=
56,86,gvgx9Fv/HjzRrl/D83JLt9DfrU8=,6bAj5vtHsC7QFqG1uas3lN5b5MA=
57,89,gvgx9Fv/HjzRrl/D83JLt9DfrU8=,6bAj5vtHsC7QFqG1uas3lN5b5MA=
52,86,gvgx9Fv/HjzRrl/D83JLt9DfrU8=,6bAj5vtHsC7QFqG1uas3lN5b5MA=
53,86,gvgx9Fv/HjzRrl/D83JLt9DfrU8=,6bAj5vtHsC7QFqG1uas3lN5b5MA=
56,85,gvgx9Fv/HjzRrl/D83JLt9DfrU8=,6bAj5vtHsC7QFqG1uas3lN5b5MA=
53,84,gvgx9Fv/HjzRrl/D83JLt9DfrU8=,6bAj5vtHsC7QFqG1uas3lN5b5MA=
56,84,gvgx9Fv/HjzRrl/D83JLt9DfrU8=,6bAj5vtHsC7QFqG1uas3lN5b5MA=
52,89,gvgx9Fv/HjzRrl/D83JLt9DfrU8=,6bAj5vtHsC7QFqG1uas3lN5b5MA=
54,89,gvgx9Fv/HjzRrl/D83JLt9DfrU8=,6bAj5vtHsC7QFqG1uas3lN5b5MA=
53,85,gvgx9Fv/HjzRrl/D83JLt9DfrU8=,6bAj5vtHsC7QFqG1uas3lN5b5MA=
54,87,gvgx9Fv/HjzRrl/D83JLt9DfrU8=,6bAj5vtHsC7QFqG1uas3lN5b5MA=
58,89,gvgx9Fv/HjzRrl/D83JLt9DfrU8=,6bAj5vtHsC7QFqG1uas3lN5b5MA=
53,89,gvgx9Fv/HjzRrl/D83JLt9DfrU8=,6bAj5vtHsC7QFqG1uas3lN5b5MA=
58,86,gvgx9Fv/HjzRrl/D83JLt9DfrU8=,6bAj5vtHsC7QFqG1uas3lN5b5MA=
54,88,gvgx9Fv/HjzRrl/D83JLt9DfrU8=,6bAj5vtHsC7QFqG1uas3lN5b5MA=
53,87,gvgx9Fv/HjzRrl/D83JLt9DfrU8=,6bAj5vtHsC7QFqG1uas3lN5b5MA=
52,88,gvgx9Fv/HjzRrl/D83JLt9DfrU8=,6bAj5vtHsC7QFqG1uas3lN5b5MA=
53,90,gvgx9Fv/HjzRrl/D83JLt9DfrU8=,6bAj5vtHsC7QFqG1uas3lN5b5MA=
52,90,gvgx9Fv/HjzRrl/D83JLt9DfrU8=,6bAj5vtHsC7QFqG1uas3lN5b5MA=
59,89,gvgx9Fv/HjzRrl/D83JLt9DfrU8=,6bAj5vtHsC7QFqG1uas3lN5b5MA=
60,89,gvgx9Fv/HjzRrl/D83JLt9DfrU8=,6bAj5vtHsC7QFqG1uas3lN5b5MA=
52,87,gvgx9Fv/HjzRrl/D83JLt9DfrU8=,6bAj5vtHsC7QFqG1uas3lN5b5MA=
55,87,gvgx9Fv/HjzRrl/D83JLt9DfrU8=,6bAj5vtHsC7QFqG1uas3lN5b5MA=
57,86,gvgx9Fv/HjzRrl/D83JLt9DfrU8=,6bAj5vtHsC7QFqG1uas3lN5b5MA=
60,88,gvgx9Fv/HjzRrl/D83JLt9DfrU8=,6bAj5vtHsC7QFqG1uas3lN5b5MA=
60,90,gvgx9Fv/HjzRrl/D83JLt9DfrU8=,6bAj5vtHsC7QFqG1uas3lN5b5MA=
55,88,gvgx9Fv/HjzRrl/D83JLt9DfrU8=,6bAj5vtHsC7QFqG1uas3lN5b5MA=
53,88,gvgx9Fv/HjzRrl/D83JLt9DfrU8=,6bAj5vtHsC7QFqG1uas3lN5b5MA=
53,91,gvgx9Fv/HjzRrl/D83JLt9DfrU8=,6bAj5vtHsC7QFqG1uas3lN5b5MA=
59,91,gvgx9Fv/HjzRrl/D83JLt9DfrU8=,6bAj5vtHsC7QFqG1uas3lN5b5MA=
59,88,gvgx9Fv/HjzRrl/D83JLt9DfrU8=,6bAj5vtHsC7QFqG1uas3lN5b5MA=
61,91,gvgx9Fv/HjzRrl/D83JLt9DfrU8=,6bAj5vtHsC7QFqG1uas3lN5b5MA=
63,91,gvgx9Fv/HjzRrl/D83JLt9DfrU8=,6bAj5vtHsC7QFqG1uas3lN5b5MA=
59,87,gvgx9Fv/HjzRrl/D83JLt9DfrU8=,6bAj5vtHsC7QFqG1uas3lN5b5MA=
54,91,gvgx9Fv/HjzRrl/D83JLt9DfrU8=,6bAj5vtHsC7QFqG1uas3lN5b5MA=
62,91,gvgx9Fv/HjzRrl/D83JLt9DfrU8=,6bAj5vtHsC7QFqG1uas3lN5b5MA=
55,89,gvgx9Fv/HjzRrl/D83JLt9DfrU8=,6bAj5vtHsC7QFqG1uas3lN5b5MA=
55,90,gvgx9Fv/HjzRrl/D83JLt9DfrU8=,6bAj5vtHsC7QFqG1uas3lN5b5MA=
60,91,gvgx9Fv/HjzRrl/D83JLt9DfrU8=,6bAj5vtHsC7QFqG1uas3lN5b5MA=
57,87,gvgx9Fv/HjzRrl/D83JLt9DfrU8=,6bAj5vtHsC7QFqG1uas3lN5b5MA=
56,90,gvgx9Fv/HjzRrl/D83JLt9DfrU8=,6bAj5vtHsC7QFqG1uas3lN5b5MA=
56,87,gvgx9Fv/HjzRrl/D83JLt9DfrU8=,6bAj5vtHsC7QFqG1uas3lN5b5MA=
58,90,gvgx9Fv/HjzRrl/D83JLt9DfrU8=,6bAj5vtHsC7QFqG1uas3lN5b5MA=
57,90,gvgx9Fv/HjzRrl/D83JLt9DfrU8=,6bAj5vtHsC7QFqG1uas3lN5b5MA=
59,90,gvgx9Fv/HjzRrl/D83JLt9DfrU8=,6bAj5vtHsC7QFqG1uas3lN5b5MA=
58,87,gvgx9Fv/HjzRrl/D83JLt9DfrU8=,6bAj5vtHsC7QFqG1uas3lN5b5MA=
56,91,gvgx9Fv/HjzRrl/D83JLt9DfrU8=,6bAj5vtHsC7QFqG1uas3lN5b5MA=
58,91,gvgx9Fv/HjzRrl/D83JLt9DfrU8=,6bAj5vtHsC7QFqG1uas3lN5b5MA=
54,90,gvgx9Fv/HjzRrl/D83JLt9DfrU8=,6bAj5vtHsC7QFqG1uas3lN5b5MA=
57,91,gvgx9Fv/HjzRrl/D83JLt9DfrU8=,6bAj5vtHsC7QFqG1uas3lN5b5MA=
56,88,gvgx9Fv/HjzRrl/D83JLt9DfrU8=,6bAj5vtHsC7QFqG1uas3lN5b5MA=
61,92,gvgx9Fv/HjzRrl/D83JLt9DfrU8=,6bAj5vtHsC7QFqG1uas3lN5b5MA=
63,92,gvgx9Fv/HjzRrl/D83JLt9DfrU8=,6bAj5vtHsC7QFqG1uas3lN5b5MA=
60,92,gvgx9Fv/HjzRrl/D83JLt9DfrU8=,6bAj5vtHsC7QFqG1uas3lN5b5MA=
61,95,gvgx9Fv/HjzRrl/D83JLt9DfrU8=,6bAj5vtHsC7QFqG1uas3lN5b5MA=
62,92,gvgx9Fv/HjzRrl/D83JLt9DfrU8=,6bAj5vtHsC7QFqG1uas3lN5b5MA=
63,94,gvgx9Fv/HjzRrl/D83JLt9DfrU8=,6bAj5vtHsC7QFqG1uas3lN5b5MA=
62,95,gvgx9Fv/HjzRrl/D83JLt9DfrU8=,6bAj5vtHsC7QFqG1uas3lN5b5MA=
62,94,gvgx9Fv/HjzRrl/D83JLt9DfrU8=,6bAj5vtHsC7QFqG1uas3lN5b5MA=
60,95,gvgx9Fv/HjzRrl/D83JLt9DfrU8=,6bAj5vtHsC7QFqG1uas3lN5b5MA=
63,95,gvgx9Fv/HjzRrl/D83JLt9DfrU8=,6bAj5vtHsC7QFqG1uas3lN5b5MA=
61,94,gvgx9Fv/HjzRrl/D83JLt9DfrU8=,6bAj5vtHsC7QFqG1uas3lN5b5MA=
62,93,gvgx9Fv/HjzRrl/D83JLt9DfrU8=,6bAj5vtHsC7QFqG1uas3lN5b5MA=
61,93,gvgx9Fv/HjzRrl/D83JLt9DfrU8=,6bAj5vtHsC7QFqG1uas3lN5b5MA=
60,93,i8GLqFNpJ4sVyXI2QL+HPWg/L7Y=,6bAj5vtHsC7QFqG1uas3lN5b5MA=
60,94,i8GLqFNpJ4sVyXI2QL+HPWg/L7Y=,6bAj5vtHsC7QFqG1uas3lN5b5MA=
48,83,i8GLqFNpJ4sVyXI2QL+HPWg/L7Y=,6bAj5vtHsC7QFqG1uas3lN5b5MA=
50,90,i8GLqFNpJ4sVyXI2QL+HPWg/L7Y=,6bAj5vtHsC7QFqG1uas3lN5b5MA=
50,89,i8GLqFNpJ4sVyXI2QL+HPWg/L7Y=,6bAj5vtHsC7QFqG1uas3lN5b5MA=
49,88,i8GLqFNpJ4sVyXI2QL+HPWg/L7Y=,6bAj5vtHsC7QFqG1uas3lN5b5MA=
48,85,i8GLqFNpJ4sVyXI2QL+HPWg/L7Y=,6bAj5vtHsC7QFqG1uas3lN5b5MA=
51,85,i8GLqFNpJ4sVyXI2QL+HPWg/L7Y=,6bAj5vtHsC7QFqG1uas3lN5b5MA=
51,87,i8GLqFNpJ4sVyXI2QL+HPWg/L7Y=,6bAj5vtHsC7QFqG1uas3lN5b5MA=
51,91,i8GLqFNpJ4sVyXI2QL+HPWg/L7Y=,6bAj5vtHsC7QFqG1uas3lN5b5MA=
49,89,i8GLqFNpJ4sVyXI2QL+HPWg/L7Y=,6bAj5vtHsC7QFqG1uas3lN5b5MA=
49,87,i8GLqFNpJ4sVyXI2QL+HPWg/L7Y=,6bAj5vtHsC7QFqG1uas3lN5b5MA=
48,91,i8GLqFNpJ4sVyXI2QL+HPWg/L7Y=,6bAj5vtHsC7QFqG1uas3lN5b5MA=
50,91,i8GLqFNpJ4sVyXI2QL+HPWg/L7Y=,6bAj5vtHsC7QFqG1uas3lN5b5MA=
48,90,i8GLqFNpJ4sVyXI2QL+HPWg/L7Y=,6bAj5vtHsC7QFqG1uas3lN5b5MA=
49,91,i8GLqFNpJ4sVyXI2QL+HPWg/L7Y=,6bAj5vtHsC7QFqG1uas3lN5b5MA=
48,89,i8GLqFNpJ4sVyXI2QL+HPWg/L7Y=,6bAj5vtHsC7QFqG1uas3lN5b5MA=
48,84,i8GLqFNpJ4sVyXI2QL+HPWg/L7Y=,6bAj5vtHsC7QFqG1uas3lN5b5MA=
48,87,i8GLqFNpJ4sVyXI2QL+HPWg/L7Y=,6bAj5vtHsC7QFqG1uas3lN5b5MA=
48,88,i8GLqFNpJ4sVyXI2QL+HPWg/L7Y=,6bAj5vtHsC7QFqG1uas3lN5b5MA=
51,84,i8GLqFNpJ4sVyXI2QL+HPWg/L7Y=,6bAj5vtHsC7QFqG1uas3lN5b5MA=
51,86,i8GLqFNpJ4sVyXI2QL+HPWg/L7Y=,6bAj5vtHsC7QFqG1uas3lN5b5MA=
63,93,i8GLqFNpJ4sVyXI2QL+HPWg/L7Y=,6bAj5vtHsC7QFqG1uas3lN5b5MA=
48,86,i8GLqFNpJ4sVyXI2QL+HPWg/L7Y=,6bAj5vtHsC7QFqG1uas3lN5b5MA=
49,90,i8GLqFNpJ4sVyXI2QL+HPWg/L7Y=,6bAj5vtHsC7QFqG1uas3lN5b5MA=
51,80,i8GLqFNpJ4sVyXI2QL+HPWg/L7Y=,6bAj5vtHsC7QFqG1uas3lN5b5MA=
52,80,i8GLqFNpJ4sVyXI2QL+HPWg/L7Y=,6bAj5vtHsC7QFqG1uas3lN5b5MA=
54,80,i8GLqFNpJ4sVyXI2QL+HPWg/L7Y=,6bAj5vtHsC7QFqG1uas3lN5b5MA=
53,80,i8GLqFNpJ4sVyXI2QL+HPWg/L7Y=,6bAj5vtHsC7QFqG1uas3lN5b5MA=
55,80,i8GLqFNpJ4sVyXI2QL+HPWg/L7Y=,6bAj5vtHsC7QFqG1uas3lN5b5MA=
63,80,i8GLqFNpJ4sVyXI2QL+HPWg/L7Y=,6bAj5vtHsC7QFqG1uas3lN5b5MA=
62,80,i8GLqFNpJ4sVyXI2QL+HPWg/L7Y=,6bAj5vtHsC7QFqG1uas3lN5b5MA=
56,82,i8GLqFNpJ4sVyXI2QL+HPWg/L7Y=,6bAj5vtHsC7QFqG1uas3lN5b5MA=
58,81,i8GLqFNpJ4sVyXI2QL+HPWg/L7Y=,6bAj5vtHsC7QFqG1uas3lN5b5MA=
52,81,i8GLqFNpJ4sVyXI2QL+HPWg/L7Y=,6bAj5vtHsC7QFqG1uas3lN5b5MA=
57,81,i8GLqFNpJ4sVyXI2QL+HPWg/L7Y=,6bAj5vtHsC7QFqG1uas3lN5b5MA=
61,80,i8GLqFNpJ4sVyXI2QL+HPWg/L7Y=,6bAj5vtHsC7QFqG1uas3lN5b5MA=
60,80,i8GLqFNpJ4sVyXI2QL+HPWg/L7Y=,6bAj5vtHsC7QFqG1uas3lN5b5MA=
52,82,i8GLqFNpJ4sVyXI2QL+HPWg/L7Y=,6bAj5vtHsC7QFqG1uas3lN5b5MA=
58,82,i8GLqFNpJ4sVyXI2QL+HPWg/L7Y=,6bAj5vtHsC7QFqG1uas3lN5b5MA=
59,80,i8GLqFNpJ4sVyXI2QL+HPWg/L7Y=,6bAj5vtHsC7QFqG1uas3lN5b5MA=
52,83,i8GLqFNpJ4sVyXI2QL+HPWg/L7Y=,6bAj5vtHsC7QFqG1uas3lN5b5MA=
57,83,i8GLqFNpJ4sVyXI2QL+HPWg/L7Y=,6bAj5vtHsC7QFqG1uas3lN5b5MA=
56,80,i8GLqFNpJ4sVyXI2QL+HPWg/L7Y=,6bAj5vtHsC7QFqG1uas3lN5b5MA=
57,82,i8GLqFNpJ4sVyXI2QL+HPWg/L7Y=,6bAj5vtHsC7QFqG1uas3lN5b5MA=
57,80,i8GLqFNpJ4sVyXI2QL+HPWg/L7Y=,6bAj5vtHsC7QFqG1uas3lN5b5MA=
56,81,i8GLqFNpJ4sVyXI2QL+HPWg/L7Y=,6bAj5vtHsC7QFqG1uas3lN5b5MA=
56,83,i8GLqFNpJ4sVyXI2QL+HPWg/L7Y=,6bAj5vtHsC7QFqG1uas3lN5b5MA=
58,80,i8GLqFNpJ4sVyXI2QL+HPWg/L7Y=,6bAj5vtHsC7QFqG1uas3lN5b5MA=
53,94,i8GLqFNpJ4sVyXI2QL+HPWg/L7Y=,6bAj5vtHsC7QFqG1uas3lN5b5MA=
50,94,i8GLqFNpJ4sVyXI2QL+HPWg/L7Y=,6bAj5vtHsC7QFqG1uas3lN5b5MA=
51,94,i8GLqFNpJ4sVyXI2QL+HPWg/L7Y=,6bAj5vtHsC7QFqG1uas3lN5b5MA=
55,95,i8GLqFNpJ4sVyXI2QL+HPWg/L7Y=,6bAj5vtHsC7QFqG1uas3lN5b5MA=
52,93,i8GLqFNpJ4sVyXI2QL+HPWg/L7Y=,6bAj5vtHsC7QFqG1uas3lN5b5MA=
49,94,i8GLqFNpJ4sVyXI2QL+HPWg/L7Y=,6bAj5vtHsC7QFqG1uas3lN5b5MA=
54,94,i8GLqFNpJ4sVyXI2QL+HPWg/L7Y=,6bAj5vtHsC7QFqG1uas3lN5b5MA=
53,92,i8GLqFNpJ4sVyXI2QL+HPWg/L7Y=,6bAj5vtHsC7QFqG1uas3lN5b5MA=
52,92,i8GLqFNpJ4sVyXI2QL+HPWg/L7Y=,6bAj5vtHsC7QFqG1uas3lN5b5MA=
49,93,i8GLqFNpJ4sVyXI2QL+HPWg/L7Y=,6bAj5vtHsC7QFqG1uas3lN5b5MA=
50,93,i8GLqFNpJ4sVyXI2QL+HPWg/L7Y=,6bAj5vtHsC7QFqG1uas3lN5b5MA=
51,92,i8GLqFNpJ4sVyXI2QL+HPWg/L7Y=,6bAj5vtHsC7QFqG1uas3lN5b5MA=
48,94,i8GLqFNpJ4sVyXI2QL+HPWg/L7Y=,6bAj5vtHsC7QFqG1uas3lN5b5MA=
48,92,i8GLqFNpJ4sVyXI2QL+HPWg/L7Y=,6bAj5vtHsC7QFqG1uas3lN5b5MA=
49,92,i8GLqFNpJ4sVyXI2QL+HPWg/L7Y=,6bAj5vtHsC7QFqG1uas3lN5b5MA=
51,93,i8GLqFNpJ4sVyXI2QL+HPWg/L7Y=,6bAj5vtHsC7QFqG1uas3lN5b5MA=
57,92,i8GLqFNpJ4sVyXI2QL+HPWg/L7Y=,6bAj5vtHsC7QFqG1uas3lN5b5MA=
50,92,i8GLqFNpJ4sVyXI2QL+HPWg/L7Y=,6bAj5vtHsC7QFqG1uas3lN5b5MA=
54,92,i8GLqFNpJ4sVyXI2QL+HPWg/L7Y=,6bAj5vtHsC7QFqG1uas3lN5b5MA=
58,92,i8GLqFNpJ4sVyXI2QL+HPWg/L7Y=,6bAj5vtHsC7QFqG1uas3lN5b5MA=
54,93,i8GLqFNpJ4sVyXI2QL+HPWg/L7Y=,6bAj5vtHsC7QFqG1uas3lN5b5MA=
56,93,i8GLqFNpJ4sVyXI2QL+HPWg/L7Y=,6bAj5vtHsC7QFqG1uas3lN5b5MA=
52,94,i8GLqFNpJ4sVyXI2QL+HPWg/L7Y=,6bAj5vtHsC7QFqG1uas3lN5b5MA=
55,94,i8GLqFNpJ4sVyXI2QL+HPWg/L7Y=,6bAj5vtHsC7QFqG1uas3lN5b5MA=
56,92,i8GLqFNpJ4sVyXI2QL+HPWg/L7Y=,6bAj5vtHsC7QFqG1uas3lN5b5MA=
57,95,i8GLqFNpJ4sVyXI2QL+HPWg/L7Y=,6bAj5vtHsC7QFqG1uas3lN5b5MA=
54,95,i8GLqFNpJ4sVyXI2QL+HPWg/L7Y=,6bAj5vtHsC7QFqG1uas3lN5b5MA=
55,93,i8GLqFNpJ4sVyXI2QL+HPWg/L7Y=,6bAj5vtHsC7QFqG1uas3lN5b5MA=
59,92,i8GLqFNpJ4sVyXI2QL+HPWg/L7Y=,6bAj5vtHsC7QFqG1uas3lN5b5MA=
59,94,i8GLqFNpJ4sVyXI2QL+HPWg/L7Y=,6bAj5vtHsC7QFqG1uas3lN5b5MA=
57,93,i8GLqFNpJ4sVyXI2QL+HPWg/L7Y=,6bAj5vtHsC7QFqG1uas3lN5b5MA=
55,92,i8GLqFNpJ4sVyXI2QL+HPWg/L7Y=,6bAj5vtHsC7QFqG1uas3lN5b5MA=
48,95,i8GLqFNpJ4sVyXI2QL+HPWg/L7Y=,6bAj5vtHsC7QFqG1uas3lN5b5MA=
59,95,i8GLqFNpJ4sVyXI2QL+HPWg/L7Y=,6bAj5vtHsC7QFqG1uas3lN5b5MA=
58,93,i8GLqFNpJ4sVyXI2QL+HPWg/L7Y=,6bAj5vtHsC7QFqG1uas3lN5b5MA=
49,95,i8GLqFNpJ4sVyXI2QL+HPWg/L7Y=,6bAj5vtHsC7QFqG1uas3lN5b5MA=
50,95,i8GLqFNpJ4sVyXI2QL+HPWg/L7Y=,6bAj5vtHsC7QFqG1uas3lN5b5MA=
51,95,i8GLqFNpJ4sVyXI2QL+HPWg/L7Y=,6bAj5vtHsC7QFqG1uas3lN5b5MA=
52,95,i8GLqFNpJ4sVyXI2QL+HPWg/L7Y=,6bAj5vtHsC7QFqG1uas3lN5b5MA=
58,94,i8GLqFNpJ4sVyXI2QL+HPWg/L7Y=,6bAj5vtHsC7QFqG1uas3lN5b5MA=
56,94,i8GLqFNpJ4sVyXI2QL+HPWg/L7Y=,6bAj5vtHsC7QFqG1uas3lN5b5MA=
56,95,i8GLqFNpJ4sVyXI2QL+HPWg/L7Y=,6bAj5vtHsC7QFqG1uas3lN5b5MA=
53,95,i8GLqFNpJ4sVyXI2QL+HPWg/L7Y=,6bAj5vtHsC7QFqG1uas3lN5b5MA=
57,94,i8GLqFNpJ4sVyXI2QL+HPWg/L7Y=,6bAj5vtHsC7QFqG1uas3lN5b5MA=
50,83,i8GLqFNpJ4sVyXI2QL+HPWg/L7Y=,6bAj5vtHsC7QFqG1uas3lN5b5MA=
48,80,i8GLqFNpJ4sVyXI2QL+HPWg/L7Y=,6bAj5vtHsC7QFqG1uas3lN5b5MA=
50,80,i8GLqFNpJ4sVyXI2QL+HPWg/L7Y=,6bAj5vtHsC7QFqG1uas3lN5b5MA=
50,81,i8GLqFNpJ4sVyXI2QL+HPWg/L7Y=,6bAj5vtHsC7QFqG1uas3lN5b5MA=
49,80,i8GLqFNpJ4sVyXI2QL+HPWg/L7Y=,6bAj5vtHsC7QFqG1uas3lN5b5MA=
51,82,i8GLqFNpJ4sVyXI2QL+HPWg/L7Y=,6bAj5vtHsC7QFqG1uas3lN5b5MA=
48,82,i8GLqFNpJ4sVyXI2QL+HPWg/L7Y=,6bAj5vtHsC7QFqG1uas3lN5b5MA=
51,83,i8GLqFNpJ4sVyXI2QL+HPWg/L7Y=,6bAj5vtHsC7QFqG1uas3lN5b5MA=
59,93,i8GLqFNpJ4sVyXI2QL+HPWg/L7Y=,6bAj5vtHsC7QFqG1uas3lN5b5MA=
50,82,i8GLqFNpJ4sVyXI2QL+HPWg/L7Y=,6bAj5vtHsC7QFqG1uas3lN5b5MA=
58,95,i8GLqFNpJ4sVyXI2QL+HPWg/L7Y=,6bAj5vtHsC7QFqG1uas3lN5b5MA=
48,81,i8GLqFNpJ4sVyXI2QL+HPWg/L7Y=,6bAj5vtHsC7QFqG1uas3lN5b5MA=
49,81,i8GLqFNpJ4sVyXI2QL+HPWg/L7Y=,6bAj5vtHsC7QFqG1uas3lN5b5MA=
51,81,i8GLqFNpJ4sVyXI2QL+HPWg/L7Y=,6bAj5vtHsC7QFqG1uas3lN5b5MA=
49,82,i8GLqFNpJ4sVyXI2QL+HPWg/L7Y=,6bAj5vtHsC7QFqG1uas3lN5b5MA=
54,73,i8GLqFNpJ4sVyXI2QL+HPWg/L7Y=,6bAj5vtHsC7QFqG1uas3lN5b5MA=
49,74,i8GLqFNpJ4sVyXI2QL+HPWg/L7Y=,6bAj5vtHsC7QFqG1uas3lN5b5MA=
53,73,i8GLqFNpJ4sVyXI2QL+HPWg/L7Y=,6bAj5vtHsC7QFqG1uas3lN5b5MA=
52,73,i8GLqFNpJ4sVyXI2QL+HPWg/L7Y=,6bAj5vtHsC7QFqG1uas3lN5b5MA=
51,73,i8GLqFNpJ4sVyXI2QL+HPWg/L7Y=,6bAj5vtHsC7QFqG1uas3lN5b5MA=
54,78,i8GLqFNpJ4sVyXI2QL+HPWg/L7Y=,6bAj5vtHsC7QFqG1uas3lN5b5MA=
53,78,i8GLqFNpJ4sVyXI2QL+HPWg/L7Y=,6bAj5vtHsC7QFqG1uas3lN5b5MA=
52,78,i8GLqFNpJ4sVyXI2QL+HPWg/L7Y=,6bAj5vtHsC7QFqG1uas3lN5b5MA=
51,78,i8GLqFNpJ4sVyXI2QL+HPWg/L7Y=,6bAj5vtHsC7QFqG1uas3lN5b5MA=
50,78,i8GLqFNpJ4sVyXI2QL+HPWg/L7Y=,6bAj5vtHsC7QFqG1uas3lN5b5MA=
54,77,i8GLqFNpJ4sVyXI2QL+HPWg/L7Y=,6bAj5vtHsC7QFqG1uas3lN5b5MA=
53,77,i8GLqFNpJ4sVyXI2QL+HPWg/L7Y=,6bAj5vtHsC7QFqG1uas3lN5b5MA=
52,77,i8GLqFNpJ4sVyXI2QL+HPWg/L7Y=,6bAj5vtHsC7QFqG1uas3lN5b5MA=
50,73,i8GLqFNpJ4sVyXI2QL+HPWg/L7Y=,6bAj5vtHsC7QFqG1uas3lN5b5MA=
51,77,i8GLqFNpJ4sVyXI2QL+HPWg/L7Y=,6bAj5vtHsC7QFqG1uas3lN5b5MA=
50,77,i8GLqFNpJ4sVyXI2QL+HPWg/L7Y=,6bAj5vtHsC7QFqG1uas3lN5b5MA=
49,73,i8GLqFNpJ4sVyXI2QL+HPWg/L7Y=,6bAj5vtHsC7QFqG1uas3lN5b5MA=
54,76,i8GLqFNpJ4sVyXI2QL+HPWg/L7Y=,6bAj5vtHsC7QFqG1uas3lN5b5MA=
53,76,i8GLqFNpJ4sVyXI2QL+HPWg/L7Y=,6bAj5vtHsC7QFqG1uas3lN5b5MA=
52,76,i8GLqFNpJ4sVyXI2QL+HPWg/L7Y=,6bAj5vtHsC7QFqG1uas3lN5b5MA=
51,76,i8GLqFNpJ4sVyXI2QL+HPWg/L7Y=,6bAj5vtHsC7QFqG1uas3lN5b5MA=
50,76,i8GLqFNpJ4sVyXI2QL+HPWg/L7Y=,6bAj5vtHsC7QFqG1uas3lN5b5MA=
54,75,i8GLqFNpJ4sVyXI2QL+HPWg/L7Y=,6bAj5vtHsC7QFqG1uas3lN5b5MA=
53,75,i8GLqFNpJ4sVyXI2QL+HPWg/L7Y=,6bAj5vtHsC7QFqG1uas3lN5b5MA=
52,75,i8GLqFNpJ4sVyXI2QL+HPWg/L7Y=,6bAj5vtHsC7QFqG1uas3lN5b5MA=
51,75,i8GLqFNpJ4sVyXI2QL+HPWg/L7Y=,6bAj5vtHsC7QFqG1uas3lN5b5MA=
50,75,i8GLqFNpJ4sVyXI2QL+HPWg/L7Y=,6bAj5vtHsC7QFqG1uas3lN5b5MA=
49,75,i8GLqFNpJ4sVyXI2QL+HPWg/L7Y=,6bAj5vtHsC7QFqG1uas3lN5b5MA=
54,74,i8GLqFNpJ4sVyXI2QL+HPWg/L7Y=,6bAj5vtHsC7QFqG1uas3lN5b5MA=
53,74,i8GLqFNpJ4sVyXI2QL+HPWg/L7Y=,6bAj5vtHsC7QFqG1uas3lN5b5MA=
52,74,i8GLqFNpJ4sVyXI2QL+HPWg/L7Y=,6bAj5vtHsC7QFqG1uas3lN5b5MA=
51,74,i8GLqFNpJ4sVyXI2QL+HPWg/L7Y=,6bAj5vtHsC7QFqG1uas3lN5b5MA=
50,74,i8GLqFNpJ4sVyXI2QL+HPWg/L7Y=,6bAj5vtHsC7QFqG1uas3lN5b5MA=
60,74,i8GLqFNpJ4sVyXI2QL+HPWg/L7Y=,6bAj5vtHsC7QFqG1uas3lN5b5MA=
55,73,i8GLqFNpJ4sVyXI2QL+HPWg/L7Y=,6bAj5vtHsC7QFqG1uas3lN5b5MA=
56,74,i8GLqFNpJ4sVyXI2QL+HPWg/L7Y=,6bAj5vtHsC7QFqG1uas3lN5b5MA=
62,73,i8GLqFNpJ4sVyXI2QL+HPWg/L7Y=,6bAj5vtHsC7QFqG1uas3lN5b5MA=
61,73,i8GLqFNpJ4sVyXI2QL+HPWg/L7Y=,6bAj5vtHsC7QFqG1uas3lN5b5MA=
60,73,i8GLqFNpJ4sVyXI2QL+HPWg/L7Y=,6bAj5vtHsC7QFqG1uas3lN5b5MA=
56,73,i8GLqFNpJ4sVyXI2QL+HPWg/L7Y=,6bAj5vtHsC7QFqG1uas3lN5b5MA=
55,78,i8GLqFNpJ4sVyXI2QL+HPWg/L7Y=,6bAj5vtHsC7QFqG1uas3lN5b5MA=
55,77,i8GLqFNpJ4sVyXI2QL+HPWg/L7Y=,6bAj5vtHsC7QFqG1uas3lN5b5MA=
62,78,i8GLqFNpJ4sVyXI2QL+HPWg/L7Y=,6bAj5vtHsC7QFqG1uas3lN5b5MA=
61,78,i8GLqFNpJ4sVyXI2QL+HPWg/L7Y=,6bAj5vtHsC7QFqG1uas3lN5b5MA=
60,78,i8GLqFNpJ4sVyXI2QL+HPWg/L7Y=,6bAj5vtHsC7QFqG1uas3lN5b5MA=
56,78,i8GLqFNpJ4sVyXI2QL+HPWg/L7Y=,6bAj5vtHsC7QFqG1uas3lN5b5MA=
62,77,i8GLqFNpJ4sVyXI2QL+HPWg/L7Y=,6bAj5vtHsC7QFqG1uas3lN5b5MA=
61,77,i8GLqFNpJ4sVyXI2QL+HPWg/L7Y=,6bAj5vtHsC7QFqG1uas3lN5b5MA=
60,77,i8GLqFNpJ4sVyXI2QL+HPWg/L7Y=,6bAj5vtHsC7QFqG1uas3lN5b5MA=
55,76,i8GLqFNpJ4sVyXI2QL+HPWg/L7Y=,6bAj5vtHsC7QFqG1uas3lN5b5MA=
56,77,i8GLqFNpJ4sVyXI2QL+HPWg/L7Y=,6bAj5vtHsC7QFqG1uas3lN5b5MA=
62,76,i8GLqFNpJ4sVyXI2QL+HPWg/L7Y=,6bAj5vtHsC7QFqG1uas3lN5b5MA=
61,76,i8GLqFNpJ4sVyXI2QL+HPWg/L7Y=,6bAj5vtHsC7QFqG1uas3lN5b5MA=
60,76,i8GLqFNpJ4sVyXI2QL+HPWg/L7Y=,6bAj5vtHsC7QFqG1uas3lN5b5MA=
56,76,i8GLqFNpJ4sVyXI2QL+HPWg/L7Y=,6bAj5vtHsC7QFqG1uas3lN5b5MA=
62,75,i8GLqFNpJ4sVyXI2QL+HPWg/L7Y=,6bAj5vtHsC7QFqG1uas3lN5b5MA=
55,75,i8GLqFNpJ4sVyXI2QL+HPWg/L7Y=,6bAj5vtHsC7QFqG1uas3lN5b5MA=
61,75,i8GLqFNpJ4sVyXI2QL+HPWg/L7Y=,6bAj5vtHsC7QFqG1uas3lN5b5MA=
60,75,i8GLqFNpJ4sVyXI2QL+HPWg/L7Y=,6bAj5vtHsC7QFqG1uas3lN5b5MA=
55,74,i8GLqFNpJ4sVyXI2QL+HPWg/L7Y=,6bAj5vtHsC7QFqG1uas3lN5b5MA=
56,75,i8GLqFNpJ4sVyXI2QL+HPWg/L7Y=,6bAj5vtHsC7QFqG1uas3lN5b5MA=
62,74,i8GLqFNpJ4sVyXI2QL+HPWg/L7Y=,6bAj5vtHsC7QFqG1uas3lN5b5MA=
61,74,i8GLqFNpJ4sVyXI2QL+HPWg/L7Y=,6bAj5vtHsC7QFqG1uas3lN5b5MA=
63,74,i8GLqFNpJ4sVyXI2QL+HPWg/L7Y=,6bAj5vtHsC7QFqG1uas3lN5b5MA=
63,75,i8GLqFNpJ4sVyXI2QL+HPWg/L7Y=,6bAj5vtHsC7QFqG1uas3lN5b5MA=
63,76,i8GLqFNpJ4sVyXI2QL+HPWg/L7Y=,6bAj5vtHsC7QFqG1uas3lN5b5MA=
63,77,i8GLqFNpJ4sVyXI2QL+HPWg/L7Y=,6bAj5vtHsC7QFqG1uas3lN5b5MA=
63,78,i8GLqFNpJ4sVyXI2QL+HPWg/L7Y=,6bAj5vtHsC7QFqG1uas3lN5b5MA=
63,73,i8GLqFNpJ4sVyXI2QL+HPWg/L7Y=,6bAj5vtHsC7QFqG1uas3lN5b5MA=
62,64,i8GLqFNpJ4sVyXI2QL+HPWg/L7Y=,6bAj5vtHsC7QFqG1uas3lN5b5MA=
61,64,i8GLqFNpJ4sVyXI2QL+HPWg/L7Y=,6bAj5vtHsC7QFqG1uas3lN5b5MA=
63,70,i8GLqFNpJ4sVyXI2QL+HPWg/L7Y=,6bAj5vtHsC7QFqG1uas3lN5b5MA=
62,70,i8GLqFNpJ4sVyXI2QL+HPWg/L7Y=,6bAj5vtHsC7QFqG1uas3lN5b5MA=
60,64,i8GLqFNpJ4sVyXI2QL+HPWg/L7Y=,6bAj5vtHsC7QFqG1uas3lN5b5MA=
61,70,i8GLqFNpJ4sVyXI2QL+HPWg/L7Y=,6bAj5vtHsC7QFqG1uas3lN5b5MA=
60,70,i8GLqFNpJ4sVyXI2QL+HPWg/L7Y=,6bAj5vtHsC7QFqG1uas3lN5b5MA=
60,71,i8GLqFNpJ4sVyXI2QL+HPWg/L7Y=,6bAj5vtHsC7QFqG1uas3lN5b5MA=
63,72,i8GLqFNpJ4sVyXI2QL+HPWg/L7Y=,6bAj5vtHsC7QFqG1uas3lN5b5MA=
62,72,i8GLqFNpJ4sVyXI2QL+HPWg/L7Y=,6bAj5vtHsC7QFqG1uas3lN5b5MA=
61,72,i8GLqFNpJ4sVyXI2QL+HPWg/L7Y=,6bAj5vtHsC7QFqG1uas3lN5b5MA=
63,69,i8GLqFNpJ4sVyXI2QL+HPWg/L7Y=,6bAj5vtHsC7QFqG1uas3lN5b5MA=
62,69,i8GLqFNpJ4sVyXI2QL+HPWg/L7Y=,6bAj5vtHsC7QFqG1uas3lN5b5MA=
60,72,i8GLqFNpJ4sVyXI2QL+HPWg/L7Y=,6bAj5vtHsC7QFqG1uas3lN5b5MA=
61,69,i8GLqFNpJ4sVyXI2QL+HPWg/L7Y=,6bAj5vtHsC7QFqG1uas3lN5b5MA=
60,69,i8GLqFNpJ4sVyXI2QL+HPWg/L7Y=,6bAj5vtHsC7QFqG1uas3lN5b5MA=
63,68,i8GLqFNpJ4sVyXI2QL+HPWg/L7Y=,6bAj5vtHsC7QFqG1uas3lN5b5MA=
62,68,i8GLqFNpJ4sVyXI2QL+HPWg/L7Y=,6bAj5vtHsC7QFqG1uas3lN5b5MA=
61,68,i8GLqFNpJ4sVyXI2QL+HPWg/L7Y=,6bAj5vtHsC7QFqG1uas3lN5b5MA=
63,67,i8GLqFNpJ4sVyXI2QL+HPWg/L7Y=,6bAj5vtHsC7QFqG1uas3lN5b5MA=
60,68,i8GLqFNpJ4sVyXI2QL+HPWg/L7Y=,6bAj5vtHsC7QFqG1uas3lN5b5MA=
62,67,i8GLqFNpJ4sVyXI2QL+HPWg/L7Y=,6bAj5vtHsC7QFqG1uas3lN5b5MA=
61,67,i8GLqFNpJ4sVyXI2QL+HPWg/L7Y=,6bAj5vtHsC7QFqG1uas3lN5b5MA=
60,67,i8GLqFNpJ4sVyXI2QL+HPWg/L7Y=,6bAj5vtHsC7QFqG1uas3lN5b5MA=
63,66,i8GLqFNpJ4sVyXI2QL+HPWg/L7Y=,6bAj5vtHsC7QFqG1uas3lN5b5MA=
62,66,i8GLqFNpJ4sVyXI2QL+HPWg/L7Y=,6bAj5vtHsC7QFqG1uas3lN5b5MA=
60,66,i8GLqFNpJ4sVyXI2QL+HPWg/L7Y=,6bAj5vtHsC7QFqG1uas3lN5b5MA=
63,71,i8GLqFNpJ4sVyXI2QL+HPWg/L7Y=,6bAj5vtHsC7QFqG1uas3lN5b5MA=
61,66,i8GLqFNpJ4sVyXI2QL+HPWg/L7Y=,6bAj5vtHsC7QFqG1uas3lN5b5MA=
62,71,i8GLqFNpJ4sVyXI2QL+HPWg/L7Y=,6bAj5vtHsC7QFqG1uas3lN5b5MA=
63,65,i8GLqFNpJ4sVyXI2QL+HPWg/L7Y=,6bAj5vtHsC7QFqG1uas3lN5b5MA=
62,65,i8GLqFNpJ4sVyXI2QL+HPWg/L7Y=,6bAj5vtHsC7QFqG1uas3lN5b5MA=
61,65,i8GLqFNpJ4sVyXI2QL+HPWg/L7Y=,6bAj5vtHsC7QFqG1uas3lN5b5MA=
61,71,i8GLqFNpJ4sVyXI2QL+HPWg/L7Y=,6bAj5vtHsC7QFqG1uas3lN5b5MA=
60,65,i8GLqFNpJ4sVyXI2QL+HPWg/L7Y=,6bAj5vtHsC7QFqG1uas3lN5b5MA=
63,64,i8GLqFNpJ4sVyXI2QL+HPWg/L7Y=,6bAj5vtHsC7QFqG1uas3lN5b5MA=
51,79,TrheEAwJAW4m1bdXDk0eHhviHbE=,6bAj5vtHsC7QFqG1uas3lN5b5MA=
54,79,TrheEAwJAW4m1bdXDk0eHhviHbE=,6bAj5vtHsC7QFqG1uas3lN5b5MA=
53,79,TrheEAwJAW4m1bdXDk0eHhviHbE=,6bAj5vtHsC7QFqG1uas3lN5b5MA=
52,79,TrheEAwJAW4m1bdXDk0eHhviHbE=,6bAj5vtHsC7QFqG1uas3lN5b5MA=
48,74,TrheEAwJAW4m1bdXDk0eHhviHbE=,6bAj5vtHsC7QFqG1uas3lN5b5MA=
48,73,TrheEAwJAW4m1bdXDk0eHhviHbE=,6bAj5vtHsC7QFqG1uas3lN5b5MA=
54,65,TrheEAwJAW4m1bdXDk0eHhviHbE=,6bAj5vtHsC7QFqG1uas3lN5b5MA=
55,65,TrheEAwJAW4m1bdXDk0eHhviHbE=,6bAj5vtHsC7QFqG1uas3lN5b5MA=
56,71,TrheEAwJAW4m1bdXDk0eHhviHbE=,6bAj5vtHsC7QFqG1uas3lN5b5MA=
55,72,TrheEAwJAW4m1bdXDk0eHhviHbE=,6bAj5vtHsC7QFqG1uas3lN5b5MA=
55,71,TrheEAwJAW4m1bdXDk0eHhviHbE=,6bAj5vtHsC7QFqG1uas3lN5b5MA=
54,71,TrheEAwJAW4m1bdXDk0eHhviHbE=,6bAj5vtHsC7QFqG1uas3lN5b5MA=
53,71,TrheEAwJAW4m1bdXDk0eHhviHbE=,6bAj5vtHsC7QFqG1uas3lN5b5MA=
54,72,TrheEAwJAW4m1bdXDk0eHhviHbE=,6bAj5vtHsC7QFqG1uas3lN5b5MA=
53,70,TrheEAwJAW4m1bdXDk0eHhviHbE=,6bAj5vtHsC7QFqG1uas3lN5b5MA=
56,70,TrheEAwJAW4m1bdXDk0eHhviHbE=,6bAj5vtHsC7QFqG1uas3lN5b5MA=
56,72,TrheEAwJAW4m1bdXDk0eHhviHbE=,6bAj5vtHsC7QFqG1uas3lN5b5MA=
55,64,TrheEAwJAW4m1bdXDk0eHhviHbE=,6bAj5vtHsC7QFqG1uas3lN5b5MA=
54,64,TrheEAwJAW4m1bdXDk0eHhviHbE=,6bAj5vtHsC7QFqG1uas3lN5b5MA=
53,72,TrheEAwJAW4m1bdXDk0eHhviHbE=,6bAj5vtHsC7QFqG1uas3lN5b5MA=
56,69,TrheEAwJAW4m1bdXDk0eHhviHbE=,6bAj5vtHsC7QFqG1uas3lN5b5MA=
49,70,TrheEAwJAW4m1bdXDk0eHhviHbE=,6bAj5vtHsC7QFqG1uas3lN5b5MA=
48,70,TrheEAwJAW4m1bdXDk0eHhviHbE=,6bAj5vtHsC7QFqG1uas3lN5b5MA=
52,72,TrheEAwJAW4m1bdXDk0eHhviHbE=,6bAj5vtHsC7QFqG1uas3lN5b5MA=
51,72,TrheEAwJAW4m1bdXDk0eHhviHbE=,6bAj5vtHsC7QFqG1uas3lN5b5MA=
50,72,TrheEAwJAW4m1bdXDk0eHhviHbE=,6bAj5vtHsC7QFqG1uas3lN5b5MA=
54,66,TrheEAwJAW4m1bdXDk0eHhviHbE=,6bAj5vtHsC7QFqG1uas3lN5b5MA=
49,72,TrheEAwJAW4m1bdXDk0eHhviHbE=,6bAj5vtHsC7QFqG1uas3lN5b5MA=
48,72,TrheEAwJAW4m1bdXDk0eHhviHbE=,6bAj5vtHsC7QFqG1uas3lN5b5MA=
48,69,TrheEAwJAW4m1bdXDk0eHhviHbE=,6bAj5vtHsC7QFqG1uas3lN5b5MA=
59,72,TrheEAwJAW4m1bdXDk0eHhviHbE=,6bAj5vtHsC7QFqG1uas3lN5b5MA=
59,74,TrheEAwJAW4m1bdXDk0eHhviHbE=,6bAj5vtHsC7QFqG1uas3lN5b5MA=
59,73,TrheEAwJAW4m1bdXDk0eHhviHbE=,6bAj5vtHsC7QFqG1uas3lN5b5MA=
57,75,TrheEAwJAW4m1bdXDk0eHhviHbE=,6bAj5vtHsC7QFqG1uas3lN5b5MA=
57,73,TrheEAwJAW4m1bdXDk0eHhviHbE=,6bAj5vtHsC7QFqG1uas3lN5b5MA=
58,72,TrheEAwJAW4m1bdXDk0eHhviHbE=,6bAj5vtHsC7QFqG1uas3lN5b5MA=
58,73,TrheEAwJAW4m1bdXDk0eHhviHbE=,6bAj5vtHsC7QFqG1uas3lN5b5MA=
48,75,TrheEAwJAW4m1bdXDk0eHhviHbE=,6bAj5vtHsC7QFqG1uas3lN5b5MA=
58,75,TrheEAwJAW4m1bdXDk0eHhviHbE=,6bAj5vtHsC7QFqG1uas3lN5b5MA=
57,65,TrheEAwJAW4m1bdXDk0eHhviHbE=,6bAj5vtHsC7QFqG1uas3lN5b5MA=
58,74,TrheEAwJAW4m1bdXDk0eHhviHbE=,6bAj5vtHsC7QFqG1uas3lN5b5MA=
59,75,TrheEAwJAW4m1bdXDk0eHhviHbE=,6bAj5vtHsC7QFqG1uas3lN5b5MA=
55,68,TrheEAwJAW4m1bdXDk0eHhviHbE=,6bAj5vtHsC7QFqG1uas3lN5b5MA=
58,65,TrheEAwJAW4m1bdXDk0eHhviHbE=,6bAj5vtHsC7QFqG1uas3lN5b5MA=
54,68,TrheEAwJAW4m1bdXDk0eHhviHbE=,6bAj5vtHsC7QFqG1uas3lN5b5MA=
57,72,TrheEAwJAW4m1bdXDk0eHhviHbE=,6bAj5vtHsC7QFqG1uas3lN5b5MA=
49,71,TrheEAwJAW4m1bdXDk0eHhviHbE=,6bAj5vtHsC7QFqG1uas3lN5b5MA=
50,71,TrheEAwJAW4m1bdXDk0eHhviHbE=,6bAj5vtHsC7QFqG1uas3lN5b5MA=
57,71,TrheEAwJAW4m1bdXDk0eHhviHbE=,6bAj5vtHsC7QFqG1uas3lN5b5MA=
48,71,TrheEAwJAW4m1bdXDk0eHhviHbE=,6bAj5vtHsC7QFqG1uas3lN5b5MA=
59,71,TrheEAwJAW4m1bdXDk0eHhviHbE=,6bAj5vtHsC7QFqG1uas3lN5b5MA=
53,67,TrheEAwJAW4m1bdXDk0eHhviHbE=,6bAj5vtHsC7QFqG1uas3lN5b5MA=
59,64,TrheEAwJAW4m1bdXDk0eHhviHbE=,6bAj5vtHsC7QFqG1uas3lN5b5MA=
53,65,TrheEAwJAW4m1bdXDk0eHhviHbE=,6bAj5vtHsC7QFqG1uas3lN5b5MA=
57,74,TrheEAwJAW4m1bdXDk0eHhviHbE=,6bAj5vtHsC7QFqG1uas3lN5b5MA=
59,70,TrheEAwJAW4m1bdXDk0eHhviHbE=,6bAj5vtHsC7QFqG1uas3lN5b5MA=
54,67,TrheEAwJAW4m1bdXDk0eHhviHbE=,6bAj5vtHsC7QFqG1uas3lN5b5MA=
56,67,TrheEAwJAW4m1bdXDk0eHhviHbE=,6bAj5vtHsC7QFqG1uas3lN5b5MA=
51,68,TrheEAwJAW4m1bdXDk0eHhviHbE=,6bAj5vtHsC7QFqG1uas3lN5b5MA=
58,70,TrheEAwJAW4m1bdXDk0eHhviHbE=,6bAj5vtHsC7QFqG1uas3lN5b5MA=
54,70,TrheEAwJAW4m1bdXDk0eHhviHbE=,6bAj5vtHsC7QFqG1uas3lN5b5MA=
58,71,TrheEAwJAW4m1bdXDk0eHhviHbE=,6bAj5vtHsC7QFqG1uas3lN5b5MA=
55,70,TrheEAwJAW4m1bdXDk0eHhviHbE=,6bAj5vtHsC7QFqG1uas3lN5b5MA=
52,67,TrheEAwJAW4m1bdXDk0eHhviHbE=,6bAj5vtHsC7QFqG1uas3lN5b5MA=
53,68,TrheEAwJAW4m1bdXDk0eHhviHbE=,6bAj5vtHsC7QFqG1uas3lN5b5MA=
56,65,TrheEAwJAW4m1bdXDk0eHhviHbE=,6bAj5vtHsC7QFqG1uas3lN5b5MA=
52,68,TrheEAwJAW4m1bdXDk0eHhviHbE=,6bAj5vtHsC7QFqG1uas3lN5b5MA=
52,70,TrheEAwJAW4m1bdXDk0eHhviHbE=,6bAj5vtHsC7QFqG1uas3lN5b5MA=
56,68,TrheEAwJAW4m1bdXDk0eHhviHbE=,6bAj5vtHsC7QFqG1uas3lN5b5MA=
55,67,TrheEAwJAW4m1bdXDk0eHhviHbE=,6bAj5vtHsC7QFqG1uas3lN5b5MA=
52,65,TrheEAwJAW4m1bdXDk0eHhviHbE=,6bAj5vtHsC7QFqG1uas3lN5b5MA=
56,64,TrheEAwJAW4m1bdXDk0eHhviHbE=,6bAj5vtHsC7QFqG1uas3lN5b5MA=
52,64,TrheEAwJAW4m1bdXDk0eHhviHbE=,6bAj5vtHsC7QFqG1uas3lN5b5MA=
59,65,TrheEAwJAW4m1bdXDk0eHhviHbE=,6bAj5vtHsC7QFqG1uas3lN5b5MA=
55,66,TrheEAwJAW4m1bdXDk0eHhviHbE=,6bAj5vtHsC7QFqG1uas3lN5b5MA=
52,71,TrheEAwJAW4m1bdXDk0eHhviHbE=,6bAj5vtHsC7QFqG1uas3lN5b5MA=
56,66,TrheEAwJAW4m1bdXDk0eHhviHbE=,6bAj5vtHsC7QFqG1uas3lN5b5MA=
52,66,TrheEAwJAW4m1bdXDk0eHhviHbE=,6bAj5vtHsC7QFqG1uas3lN5b5MA=
57,70,TrheEAwJAW4m1bdXDk0eHhviHbE=,6bAj5vtHsC7QFqG1uas3lN5b5MA=
57,66,TrheEAwJAW4m1bdXDk0eHhviHbE=,6bAj5vtHsC7QFqG1uas3lN5b5MA=
53,64,TrheEAwJAW4m1bdXDk0eHhviHbE=,6bAj5vtHsC7QFqG1uas3lN5b5MA=
50,68,TrheEAwJAW4m1bdXDk0eHhviHbE=,6bAj5vtHsC7QFqG1uas3lN5b5MA=
58,66,TrheEAwJAW4m1bdXDk0eHhviHbE=,6bAj5vtHsC7QFqG1uas3lN5b5MA=
51,69,TrheEAwJAW4m1bdXDk0eHhviHbE=,6bAj5vtHsC7QFqG1uas3lN5b5MA=
50,69,TrheEAwJAW4m1bdXDk0eHhviHbE=,6bAj5vtHsC7QFqG1uas3lN5b5MA=
48,68,TrheEAwJAW4m1bdXDk0eHhviHbE=,6bAj5vtHsC7QFqG1uas3lN5b5MA=
49,69,TrheEAwJAW4m1bdXDk0eHhviHbE=,6bAj5vtHsC7QFqG1uas3lN5b5MA=
49,68,TrheEAwJAW4m1bdXDk0eHhviHbE=,6bAj5vtHsC7QFqG1uas3lN5b5MA=
57,64,TrheEAwJAW4m1bdXDk0eHhviHbE=,6bAj5vtHsC7QFqG1uas3lN5b5MA=
58,64,TrheEAwJAW4m1bdXDk0eHhviHbE=,6bAj5vtHsC7QFqG1uas3lN5b5MA=
59,66,TrheEAwJAW4m1bdXDk0eHhviHbE=,6bAj5vtHsC7QFqG1uas3lN5b5MA=
51,70,TrheEAwJAW4m1bdXDk0eHhviHbE=,6bAj5vtHsC7QFqG1uas3lN5b5MA=
58,69,TrheEAwJAW4m1bdXDk0eHhviHbE=,6bAj5vtHsC7QFqG1uas3lN5b5MA=
55,79,TrheEAwJAW4m1bdXDk0eHhviHbE=,6bAj5vtHsC7QFqG1uas3lN5b5MA=
60,79,TrheEAwJAW4m1bdXDk0eHhviHbE=,6bAj5vtHsC7QFqG1uas3lN5b5MA=
61,79,TrheEAwJAW4m1bdXDk0eHhviHbE=,6bAj5vtHsC7QFqG1uas3lN5b5MA=
62,79,TrheEAwJAW4m1bdXDk0eHhviHbE=,6bAj5vtHsC7QFqG1uas3lN5b5MA=
63,79,TrheEAwJAW4m1bdXDk0eHhviHbE=,6bAj5vtHsC7QFqG1uas3lN5b5MA=
51,71,TrheEAwJAW4m1bdXDk0eHhviHbE=,6bAj5vtHsC7QFqG1uas3lN5b5MA=
50,70,TrheEAwJAW4m1bdXDk0eHhviHbE=,6bAj5vtHsC7QFqG1uas3lN5b5MA=
59,79,TrheEAwJAW4m1bdXDk0eHhviHbE=,6bAj5vtHsC7QFqG1uas3lN5b5MA=
52,69,TrheEAwJAW4m1bdXDk0eHhviHbE=,6bAj5vtHsC7QFqG1uas3lN5b5MA=
59,68,TrheEAwJAW4m1bdXDk0eHhviHbE=,6bAj5vtHsC7QFqG1uas3lN5b5MA=
55,69,TrheEAwJAW4m1bdXDk0eHhviHbE=,6bAj5vtHsC7QFqG1uas3lN5b5MA=
53,69,TrheEAwJAW4m1bdXDk0eHhviHbE=,6bAj5vtHsC7QFqG1uas3lN5b5MA=
51,64,TrheEAwJAW4m1bdXDk0eHhviHbE=,6bAj5vtHsC7QFqG1uas3lN5b5MA=
48,79,TrheEAwJAW4m1bdXDk0eHhviHbE=,6bAj5vtHsC7QFqG1uas3lN5b5MA=
58,68,TrheEAwJAW4m1bdXDk0eHhviHbE=,6bAj5vtHsC7QFqG1uas3lN5b5MA=
48,78,TrheEAwJAW4m1bdXDk0eHhviHbE=,6bAj5vtHsC7QFqG1uas3lN5b5MA=
48,77,TrheEAwJAW4m1bdXDk0eHhviHbE=,6bAj5vtHsC7QFqG1uas3lN5b5MA=
48,76,TrheEAwJAW4m1bdXDk0eHhviHbE=,6bAj5vtHsC7QFqG1uas3lN5b5MA=
54,69,TrheEAwJAW4m1bdXDk0eHhviHbE=,6bAj5vtHsC7QFqG1uas3lN5b5MA=
59,69,TrheEAwJAW4m1bdXDk0eHhviHbE=,6bAj5vtHsC7QFqG1uas3lN5b5MA=
49,67,TrheEAwJAW4m1bdXDk0eHhviHbE=,6bAj5vtHsC7QFqG1uas3lN5b5MA=
59,78,TrheEAwJAW4m1bdXDk0eHhviHbE=,6bAj5vtHsC7QFqG1uas3lN5b5MA=
58,78,TrheEAwJAW4m1bdXDk0eHhviHbE=,6bAj5vtHsC7QFqG1uas3lN5b5MA=
58,67,TrheEAwJAW4m1bdXDk0eHhviHbE=,6bAj5vtHsC7QFqG1uas3lN5b5MA=
57,78,TrheEAwJAW4m1bdXDk0eHhviHbE=,6bAj5vtHsC7QFqG1uas3lN5b5MA=
58,79,TrheEAwJAW4m1bdXDk0eHhviHbE=,6bAj5vtHsC7QFqG1uas3lN5b5MA=
57,69,TrheEAwJAW4m1bdXDk0eHhviHbE=,6bAj5vtHsC7QFqG1uas3lN5b5MA=
57,79,TrheEAwJAW4m1bdXDk0eHhviHbE=,6bAj5vtHsC7QFqG1uas3lN5b5MA=
56,79,TrheEAwJAW4m1bdXDk0eHhviHbE=,6bAj5vtHsC7QFqG1uas3lN5b5MA=
57,76,TrheEAwJAW4m1bdXDk0eHhviHbE=,6bAj5vtHsC7QFqG1uas3lN5b5MA=
53,66,TrheEAwJAW4m1bdXDk0eHhviHbE=,6bAj5vtHsC7QFqG1uas3lN5b5MA=
59,77,TrheEAwJAW4m1bdXDk0eHhviHbE=,6bAj5vtHsC7QFqG1uas3lN5b5MA=
58,76,TrheEAwJAW4m1bdXDk0eHhviHbE=,6bAj5vtHsC7QFqG1uas3lN5b5MA=
59,76,TrheEAwJAW4m1bdXDk0eHhviHbE=,6bAj5vtHsC7QFqG1uas3lN5b5MA=
57,77,TrheEAwJAW4m1bdXDk0eHhviHbE=,6bAj5vtHsC7QFqG1uas3lN5b5MA=
58,77,TrheEAwJAW4m1bdXDk0eHhviHbE=,6bAj5vtHsC7QFqG1uas3lN5b5MA=
50,79,TrheEAwJAW4m1bdXDk0eHhviHbE=,6bAj5vtHsC7QFqG1uas3lN5b5MA=
49,78,TrheEAwJAW4m1bdXDk0eHhviHbE=,6bAj5vtHsC7QFqG1uas3lN5b5MA=
49,79,TrheEAwJAW4m1bdXDk0eHhviHbE=,6bAj5vtHsC7QFqG1uas3lN5b5MA=
49,76,TrheEAwJAW4m1bdXDk0eHhviHbE=,6bAj5vtHsC7QFqG1uas3lN5b5MA=
57,68,TrheEAwJAW4m1bdXDk0eHhviHbE=,6bAj5vtHsC7QFqG1uas3lN5b5MA=
49,77,TrheEAwJAW4m1bdXDk0eHhviHbE=,6bAj5vtHsC7QFqG1uas3lN5b5MA=
50,64,TrheEAwJAW4m1bdXDk0eHhviHbE=,6bAj5vtHsC7QFqG1uas3lN5b5MA=
49,64,TrheEAwJAW4m1bdXDk0eHhviHbE=,6bAj5vtHsC7QFqG1uas3lN5b5MA=
59,67,TrheEAwJAW4m1bdXDk0eHhviHbE=,6bAj5vtHsC7QFqG1uas3lN5b5MA=
48,67,TrheEAwJAW4m1bdXDk0eHhviHbE=,6bAj5vtHsC7QFqG1uas3lN5b5MA=
48,64,TrheEAwJAW4m1bdXDk0eHhviHbE=,6bAj5vtHsC7QFqG1uas3lN5b5MA=
57,67,TrheEAwJAW4m1bdXDk0eHhviHbE=,6bAj5vtHsC7QFqG1uas3lN5b5MA=
48,66,TrheEAwJAW4m1bdXDk0eHhviHbE=,6bAj5vtHsC7QFqG1uas3lN5b5MA=
49,65,TrheEAwJAW4m1bdXDk0eHhviHbE=,6bAj5vtHsC7QFqG1uas3lN5b5MA=
48,65,TrheEAwJAW4m1bdXDk0eHhviHbE=,6bAj5vtHsC7QFqG1uas3lN5b5MA=
51,65,TrheEAwJAW4m1bdXDk0eHhviHbE=,6bAj5vtHsC7QFqG1uas3lN5b5MA=
51,67,TrheEAwJAW4m1bdXDk0eHhviHbE=,6bAj5vtHsC7QFqG1uas3lN5b5MA=
49,66,TrheEAwJAW4m1bdXDk0eHhviHbE=,6bAj5vtHsC7QFqG1uas3lN5b5MA=
50,67,TrheEAwJAW4m1bdXDk0eHhviHbE=,6bAj5vtHsC7QFqG1uas3lN5b5MA=
51,66,TrheEAwJAW4m1bdXDk0eHhviHbE=,6bAj5vtHsC7QFqG1uas3lN5b5MA=
50,66,TrheEAwJAW4m1bdXDk0eHhviHbE=,6bAj5vtHsC7QFqG1uas3lN5b5MA=
50,65,TrheEAwJAW4m1bdXDk0eHhviHbE=,6bAj5vtHsC7QFqG1uas3lN5b5MA=
